"","site","date","daily_mean_temp_c","daily_mean_do_mgL"
"1","mg2",2021-06-09,13.7622648556876,7.16307809847199
"2","mg2",2021-06-17,13.0402051282051,7.85184615384615
"3","mg2",2021-06-18,11.2146458333333,8.261375
"4","mg2",2021-06-19,11.6725277777778,8.14813888888889
"5","mg2",2021-06-20,12.084875,8.07938194444444
"6","mg2",2021-06-21,12.5579305555556,7.98282638888889
"7","mg2",2021-06-22,11.9900138888889,8.06713888888889
"8","mg2",2021-06-23,10.9065277777778,8.30034722222222
"9","mg2",2021-06-24,11.59975,8.18438194444444
"10","mg2",2021-06-25,11.7277916666667,8.16286111111111
"11","mg2",2021-06-26,12.2779791666667,8.07251388888889
"12","mg2",2021-06-27,13.0356805555556,7.92259027777778
"13","mg2",2021-06-28,13.4712430555556,7.8231875
"14","mg2",2021-06-29,13.8118333333333,7.74547222222222
"15","mg2",2021-06-30,12.6426180555556,7.96174305555556
"16","mg2",2021-07-01,13.0525902777778,7.92145833333333
"17","mg2",2021-07-02,13.4189791666667,7.85261805555556
"18","mg2",2021-07-03,13.5041805555556,7.84545833333333
"19","mg2",2021-07-04,13.0150416666667,7.97203472222222
"20","mg2",2021-07-05,12.9336111111111,8.01203472222222
"21","mg2",2021-07-06,13.3818472222222,7.86995833333333
"22","mg2",2021-07-07,13.4586944444444,7.85919444444444
"23","mg2",2021-07-08,12.4092361111111,8.07734722222222
"24","mg2",2021-07-09,12.5859097222222,8.11947916666667
"25","mg2",2021-07-10,14.1067569444444,7.82561111111111
"26","mg2",2021-07-11,14.6141944444444,7.69625694444444
"27","mg2",2021-07-12,14.3587638888889,7.7360625
"28","mg2",2021-07-13,13.6025555555556,7.89063888888889
"29","mg2",2021-07-14,13.1887430555556,7.95545833333333
"30","mg2",2021-07-15,12.9947986111111,7.97467361111111
"31","mg2",2021-07-16,12.31075,8.15190972222222
"32","mg2",2021-07-17,12.4230347222222,8.11753472222222
"33","mg2",2021-07-18,12.8785208333333,8.11152777777778
"34","mg2",2021-07-19,13.7228888888889,7.88695138888889
"35","mg2",2021-07-20,13.9311736111111,7.86003472222222
"36","mg2",2021-07-21,12.4204097222222,8.19090277777778
"37","mg2",2021-07-22,12.3263472222222,8.2059375
"38","mg2",2021-07-23,12.2939722222222,8.2909375
"39","mg2",2021-07-24,13.0843263888889,8.11393055555556
"40","mg2",2021-07-25,13.6893333333333,7.97675694444444
"41","mg2",2021-07-26,13.9421388888889,7.88541666666667
"42","mg2",2021-07-27,14.7792708333333,7.71329861111111
"43","mg2",2021-07-28,13.4978819444444,8.03820138888889
"44","mg2",2021-07-29,13.4104583333333,7.9516875
"45","mg2",2021-07-30,14.2801597222222,7.78628472222222
"46","mg2",2021-07-31,14.5860277777778,7.69038194444444
"47","mg2",2021-08-01,13.3870902777778,7.95179861111111
"48","mg2",2021-08-02,13.0909027777778,8.07016666666667
"49","mg2",2021-08-03,13.9377222222222,7.93938888888889
"50","mg2",2021-08-04,13.9778402777778,7.94325
"51","mg2",2021-08-05,13.5601875,7.92690277777778
"52","mg2",2021-08-06,11.747875,8.31009027777778
"53","mg2",2021-08-07,11.988,8.29190972222222
"54","mg2",2021-08-08,12.5865763888889,8.20005555555556
"55","mg2",2021-08-09,11.5786875,8.48440277777778
"56","mg2",2021-08-10,12.1405069444444,8.39503472222222
"57","mg2",2021-08-11,12.8150625,8.21915972222222
"58","mg2",2021-08-12,14.0886736111111,7.97393055555556
"59","mg2",2021-08-13,14.0316319444444,7.98493055555556
"60","mg2",2021-08-14,14.3730069444444,7.9708125
"61","mg2",2021-08-15,14.6706111111111,7.89749305555556
"62","mg2",2021-08-16,15.1144027777778,7.66888888888889
"63","mg2",2021-08-17,13.0431805555556,8.11665277777778
"64","mg2",2021-08-18,9.50664583333333,8.80922222222222
"65","mg2",2021-08-19,9.46018055555555,8.85221527777778
"66","mg2",2021-08-20,9.97895833333333,8.78382638888889
"67","mg2",2021-08-21,9.98739583333333,8.70597916666667
"68","mg2",2021-08-22,9.04201388888889,9.0371875
"69","mg2",2021-08-23,9.45971527777778,8.98613888888889
"70","mg2",2021-08-24,9.47088194444444,8.83485416666667
"71","mg2",2021-08-25,9.51661111111111,8.89257638888889
"72","mg2",2021-08-26,9.62207638888889,8.93915277777778
"73","mg2",2021-08-27,9.47625,8.91191666666667
"74","mg2",2021-08-28,9.61917361111111,8.91684722222222
"75","mg2",2021-08-29,10.3845,8.65540277777778
"76","mg2",2021-08-30,10.9505625,8.5243125
"77","mg2",2021-08-31,10.1367777777778,8.66732638888889
"78","mg2",2021-09-01,9.04593055555556,8.92259027777778
"79","mg2",2021-09-02,8.65472222222222,9.06739583333333
"80","mg2",2021-09-03,8.16902777777778,9.33190972222222
"81","mg2",2021-09-04,8.9159375,9.169375
"82","mg2",2021-09-05,9.81467361111111,8.85503472222222
"83","mg2",2021-09-06,10.3167569444444,8.7359375
"84","mg2",2021-09-07,11.1197222222222,8.600625
"85","mg2",2021-09-08,11.8100347222222,8.39846527777778
"86","mg2",2021-09-09,12.52775,8.23072222222222
"87","mg2",2021-09-10,12.1522638888889,8.050375
"88","mg2",2021-09-11,10.4577361111111,8.58019444444444
"89","mg2",2021-09-12,10.3100833333333,8.57841666666667
"90","mg2",2021-09-13,9.70375,8.73194444444444
"91","mg2",2021-09-14,8.77597916666667,8.97015972222222
"92","mg2",2021-09-15,9.15419444444444,8.90672222222222
"93","mg2",2021-09-16,8.4181875,9.0574375
"94","mg2",2021-09-17,8.52404861111111,9.0755625
"95","mg2",2021-09-18,9.26132638888889,8.75102083333333
"96","mg2",2021-09-19,7.70072222222222,9.13506944444444
"97","mg2",2021-09-20,5.60590277777778,9.828625
"98","mg2",2021-09-21,6.41002777777778,9.62447222222222
"99","mg2",2021-09-22,8.87548611111111,8.97741666666667
"100","mg2",2021-09-23,7.51881944444444,9.31054861111111
"101","mg2",2021-09-24,7.43074305555556,9.30359027777778
"102","mg2",2021-09-25,8.28872916666667,9.09602083333333
"103","mg2",2021-09-26,8.91190972222222,8.97013888888889
"104","mg2",2021-09-27,8.14221527777778,9.09356944444444
"105","mg2",2021-09-28,5.50522916666667,9.40390972222222
"106","mg2",2021-09-29,3.81943055555556,10.0661180555556
"107","mg2",2021-09-30,4.18846527777778,9.99538194444444
"108","mg2",2021-10-01,4.78204166666667,9.8436875
"109","mg2",2021-10-02,5.38452777777778,9.687375
"110","mg2",2021-10-03,6.15725,9.454625
"111","mg2",2021-10-04,6.77630555555556,9.30484027777778
"112","mg2",2021-10-05,7.25848611111111,9.1244375
"113","mg2",2021-10-06,6.96220833333333,9.12579166666667
"114","mg2",2021-10-07,5.75730555555556,9.40529861111111
"115","mg2",2021-10-08,5.24593055555556,9.53797222222222
"116","mg2",2021-10-09,3.34734722222222,10.1179930555556
"117","mg2",2021-10-10,3.33684722222222,10.1101944444444
"118","mg2",2021-10-11,1.02567361111111,10.6431527777778
"119","mg2",2021-10-12,0.0280347222222222,10.8583611111111
"120","mg2",2021-10-13,0.666631944444444,10.7704375
"121","mg2",2021-10-14,0.692145833333333,10.8399236111111
"122","mg2",2021-10-15,1.02799305555556,10.782625
"123","mg2",2021-10-16,2.53591666666667,10.3386388888889
"124","mg2",2021-10-17,3.50152777777778,9.95627083333333
"125","mg2",2021-10-18,2.36515277777778,10.1674513888889
"126","mg2",2021-10-19,2.24788888888889,10.3027777777778
"127","mg2",2021-10-20,4.04859722222222,9.81814583333333
"128","mg2",2021-10-21,6.05971527777778,9.30863888888889
"129","mg2",2021-10-22,5.50190972222222,9.25639583333333
"130","mg2",2021-10-23,3.22870138888889,10.0376597222222
"131","mg2",2021-10-24,3.559625,9.7230625
"132","mg2",2021-10-25,2.5624375,10.0508125
"133","mg2",2021-10-26,2.50648611111111,10.1488402777778
"134","mg2",2021-10-27,4.31575,9.7406875
"135","mg2",2021-10-28,3.9085,9.88011805555556
"136","mg2",2021-10-29,5.14454166666667,9.50805555555556
"137","mg2",2021-10-30,4.96111111111111,9.51921527777778
"138","mg2",2021-10-31,4.11341666666667,9.73619444444445
"139","mg2",2021-11-01,4.07547222222222,9.74569444444444
"140","mg2",2021-11-02,7.3664262295082,8.85100819672131
"141","mg2",2022-05-12,6.21732183908046,9.50995402298851
"142","mg2",2022-05-13,6.45354861111111,9.43556944444444
"143","mg2",2022-05-14,8.66140277777778,8.91580555555556
"144","mg2",2022-05-15,9.72449305555556,8.63747916666667
"145","mg2",2022-05-16,9.69549305555556,8.61309722222222
"146","mg2",2022-05-17,8.93988888888889,8.81663194444444
"147","mg2",2022-05-18,9.12227083333333,8.81527083333333
"148","mg2",2022-05-19,8.74886805555555,8.78184027777778
"149","mg2",2022-05-20,6.17786805555556,9.38582638888889
"150","mg2",2022-05-21,6.18748611111111,9.39895833333333
"151","mg2",2022-05-22,7.08028472222222,9.23134027777778
"152","mg2",2022-05-23,8.50915277777778,8.88608333333333
"153","mg2",2022-05-24,8.85713888888889,8.79480555555556
"154","mg2",2022-05-25,10.1242986111111,8.51480555555556
"155","mg2",2022-05-26,10.0638333333333,8.47782638888889
"156","mg2",2022-05-27,9.00132638888889,8.69136111111111
"157","mg2",2022-05-28,8.19324305555556,8.80338194444444
"158","mg2",2022-05-29,5.58821527777778,9.47202083333333
"159","mg2",2022-05-30,5.68565277777778,9.48522222222222
"160","mg2",2022-05-31,7.0728125,9.19297916666667
"161","mg2",2022-06-01,8.50222916666667,8.86935416666667
"162","mg2",2022-06-02,9.248875,8.65714583333333
"163","mg2",2022-06-03,9.82866666666667,8.51041666666667
"164","mg2",2022-06-04,9.33595138888889,8.5920625
"165","mg2",2022-06-05,9.95409027777778,8.47676388888889
"166","mg2",2022-06-06,9.27822222222222,8.66595138888889
"167","mg2",2022-06-07,9.56577777777778,8.62690972222222
"168","mg2",2022-06-08,10.4390486111111,8.40870833333333
"169","mg2",2022-06-09,11.0392986111111,8.30173611111111
"170","mg2",2022-06-10,11.584625,8.20358333333333
"171","mg2",2022-06-11,12.0089930555556,8.086
"172","mg2",2022-06-12,10.3164166666667,8.35098611111111
"173","mg2",2022-06-13,7.13982638888889,9.13927083333333
"174","mg2",2022-06-14,7.09157638888889,9.19143055555556
"175","mg2",2022-06-15,8.21404166666667,8.92518055555556
"176","mg2",2022-06-16,10.5975277777778,8.32700694444445
"177","mg2",2022-06-17,9.18677083333333,8.5976875
"178","mg2",2022-06-18,7.32523611111111,9.07613194444444
"179","mg2",2022-06-19,6.26698611111111,9.38746527777778
"180","mg2",2022-06-20,7.33384027777778,9.19220833333333
"181","mg2",2022-06-21,9.01354861111111,8.82353472222222
"182","mg2",2022-06-22,10.4649583333333,8.47755555555556
"183","mg2",2022-06-23,11.0597291666667,8.30263888888889
"184","mg2",2022-06-24,10.9455138888889,8.34649305555556
"185","mg2",2022-06-25,11.0260277777778,8.37550694444444
"186","mg2",2022-06-26,12.0334791666667,8.17950694444444
"187","mg2",2022-06-27,12.6031527777778,8.04902083333333
"188","mg2",2022-06-28,12.4164722222222,8.03701388888889
"189","mg2",2022-06-29,11.4168958333333,8.23420138888889
"190","mg2",2022-06-30,11.1224791666667,8.27892361111111
"191","mg2",2022-07-01,11.218875,8.24556944444444
"192","mg2",2022-07-02,11.157125,8.2235625
"193","mg2",2022-07-03,10.7483402777778,8.30013888888889
"194","mg2",2022-07-04,10.7812291666667,8.30464583333333
"195","mg2",2022-07-05,11.4469513888889,8.17603472222222
"196","mg2",2022-07-06,11.9504513888889,8.07327777777778
"197","mg2",2022-07-07,12.0262569444444,8.0736875
"198","mg2",2022-07-08,11.8253125,8.14611111111111
"199","mg2",2022-07-09,11.8983819444444,8.15525
"200","mg2",2022-07-10,12.1592986111111,8.12345138888889
"201","mg2",2022-07-11,12.8877638888889,7.95623611111111
"202","mg2",2022-07-12,13.5295555555556,7.78907638888889
"203","mg2",2022-07-13,13.6249027777778,7.76279861111111
"204","mg2",2022-07-14,12.9164583333333,7.92589583333333
"205","mg2",2022-07-15,12.9232430555556,7.93448611111111
"206","mg2",2022-07-16,13.4353263888889,7.83248611111111
"207","mg2",2022-07-17,13.6981597222222,7.68508333333333
"208","mg2",2022-07-18,13.8129097222222,7.61750694444444
"209","mg2",2022-07-19,13.7679930555556,7.66613888888889
"210","mg2",2022-07-20,13.4414513888889,7.69027083333333
"211","mg2",2022-07-21,13.0857083333333,7.66253472222222
"212","mg2",2022-07-22,12.9167847222222,7.55448611111111
"213","mg2",2022-07-23,12.7481388888889,7.45899305555556
"214","mg2",2022-07-24,13.0787291666667,7.49746527777778
"215","mg2",2022-07-25,13.5807708333333,7.32458333333333
"216","mg2",2022-07-26,13.9949583333333,7.24959722222222
"217","mg2",2022-07-27,14.3122152777778,7.21275694444444
"218","mg2",2022-07-28,14.5200555555556,7.00450694444444
"219","mg2",2022-07-29,14.8334513888889,6.91208333333333
"220","mg2",2022-07-30,14.6663263888889,7.00050694444444
"221","mg2",2022-07-31,15.0542083333333,6.50411805555556
"222","mg2",2022-08-01,14.8799166666667,6.47946527777778
"223","mg2",2022-08-02,14.3970694444444,6.87014583333333
"224","mg2",2022-08-03,14.2703819444444,6.98517361111111
"225","mg2",2022-08-04,14.9855625,6.73014583333333
"226","mg2",2022-08-05,14.6010763888889,7.46413194444444
"227","mg2",2022-08-06,13.8654305555556,7.6860625
"228","mg2",2022-08-07,14.1442361111111,7.68872916666667
"229","mg2",2022-08-08,14.6601875,7.57796527777778
"230","mg2",2022-08-09,14.2731805555556,7.63973611111111
"231","mg2",2022-08-10,14.4221805555556,7.65163194444444
"232","mg2",2022-08-11,13.7787986111111,7.77533333333333
"233","mg2",2022-08-12,12.9467777777778,7.92370833333333
"234","mg2",2022-08-13,12.4750277777778,8.02410416666667
"235","mg2",2022-08-14,12.589625,7.99782638888889
"236","mg2",2022-08-15,13.0883472222222,7.88863194444444
"237","mg2",2022-08-16,13.3667083333333,7.83727777777778
"238","mg2",2022-08-17,14.1214027777778,7.70801388888889
"239","mg2",2022-08-18,13.7861805555556,7.74665277777778
"240","mg2",2022-08-19,13.6996597222222,7.76890972222222
"241","mg2",2022-08-20,13.784,7.73767361111111
"242","mg2",2022-08-21,14.0537430555556,7.72015277777778
"243","mg2",2022-08-22,13.4454444444444,7.83248611111111
"244","mg2",2022-08-23,13.0421736111111,7.88454861111111
"245","mg2",2022-08-24,13.5795138888889,7.76716666666667
"246","mg2",2022-08-25,13.0929722222222,7.88856944444444
"247","mg2",2022-08-26,12.7080972222222,7.94821527777778
"248","mg2",2022-08-27,12.4659791666667,7.96609027777778
"249","mg2",2022-08-28,12.1114444444444,8.04472916666667
"250","mg2",2022-08-29,12.6298125,7.97797916666667
"251","mg2",2022-08-30,13.7878611111111,7.77252777777778
"252","mg2",2022-08-31,13.7805,7.77391666666667
"253","mg2",2022-09-01,13.0468402777778,7.913125
"254","mg2",2022-09-02,13.4910555555556,7.81763194444444
"255","mg2",2022-09-03,14.1881388888889,7.67427777777778
"256","mg2",2022-09-04,13.2436597222222,7.86961805555556
"257","mg2",2022-09-05,13.679375,7.78913888888889
"258","mg2",2022-09-06,14.3966736111111,7.65808333333333
"259","mg2",2022-09-07,14.5992361111111,7.61995833333333
"260","mg2",2022-09-08,13.2880833333333,7.84125694444444
"261","mg2",2022-09-09,11.2106597222222,8.20326388888889
"262","mg2",2022-09-10,11.0811111111111,8.26645833333333
"263","mg2",2022-09-11,11.8343958333333,8.14872222222222
"264","mg2",2022-09-12,13.2994861111111,7.80214583333333
"265","mg2",2022-09-13,12.3981180555556,7.93333333333333
"266","mg2",2022-09-14,10.3849722222222,8.35915972222222
"267","mg2",2022-09-15,10.0015833333333,8.473625
"268","mg2",2022-09-16,9.99590972222222,8.4715625
"269","mg2",2022-09-17,10.0294444444444,8.39365277777778
"270","mg2",2022-09-18,9.99554861111111,8.38064583333333
"271","mg2",2022-09-19,10.4042222222222,8.33379166666667
"272","mg2",2022-09-20,9.66620138888889,8.50029166666667
"273","mg2",2022-09-21,8.99019444444444,8.62803472222222
"274","mg2",2022-09-22,8.25177777777778,8.88169444444445
"275","mg2",2022-09-23,9.02361111111111,8.72986111111111
"276","mg2",2022-09-24,9.4275,8.66413194444444
"277","mg2",2022-09-25,9.81802083333333,8.58126388888889
"278","mg2",2022-09-26,10.6906527777778,8.36570138888889
"279","mg2",2022-09-27,11.1881875,8.23963888888889
"280","mg2",2022-09-28,11.1971180555556,8.229375
"281","mg2",2022-09-29,9.73560416666667,8.53855555555556
"282","mg2",2022-09-30,8.96482638888889,8.70424305555555
"283","mg2",2022-10-01,8.82065972222222,8.72511111111111
"284","mg2",2022-10-02,8.86504861111111,8.73083333333333
"285","mg2",2022-10-03,9.30511805555556,8.65972222222222
"286","mg2",2022-10-04,9.345625,8.65341666666667
"287","mg2",2022-10-05,9.51193055555555,8.62443055555556
"288","mg2",2022-10-06,9.23874305555556,8.69159722222222
"289","mg2",2022-10-07,9.39391666666667,8.66518055555555
"290","mg2",2022-10-08,9.48578472222222,8.63282638888889
"291","mg2",2022-10-09,9.19454166666667,8.67093055555556
"292","mg2",2022-10-10,8.98040277777778,8.69486805555556
"293","mg2",2022-10-11,8.53813888888889,8.80342361111111
"294","mg2",2022-10-12,8.62938888888889,8.81542361111111
"295","mg2",2022-10-13,8.88894444444444,8.74560416666667
"296","mg2",2022-10-14,8.83913194444444,8.70263194444444
"297","mg2",2022-10-15,8.63529166666667,8.72654861111111
"298","mg2",2022-10-16,8.31877083333333,8.8225
"299","mg2",2022-10-17,7.60538888888889,9.00175694444444
"300","mg2",2022-10-18,7.90711805555556,8.95985416666667
"301","mg2",2022-10-19,8.15080555555556,8.90869444444444
"302","mg2",2022-10-20,8.08155555555556,8.85923611111111
"303","mg2",2022-10-21,7.76831944444444,8.82528472222222
"304","mg2",2022-10-22,6.34027083333333,8.95023611111111
"305","mg2",2022-10-23,4.15745833333333,9.60990277777778
"306","mg2",2022-10-24,4.18877777777778,9.66269444444444
"307","mg2",2022-10-25,5.55408333333333,9.28174305555556
"308","mg2",2022-10-26,4.32038194444444,9.59140972222222
"309","mg2",2022-10-27,3.36132638888889,9.86690972222222
"310","mg2",2022-10-28,4.126125,9.70532638888889
"311","mg2",2022-10-29,4.74715972222222,9.58252083333333
"312","mg2",2022-10-30,4.89661805555556,9.53011111111111
"313","mg2",2022-10-31,5.29053472222222,9.35105555555556
"314","mg2",2022-11-01,10.8249652777778,8.23002777777778
"315","mg3",2021-06-09,13.5224358974359,7.5146188034188
"316","mg3",2021-06-18,10.9803037974684,8.21613924050633
"317","mg3",2021-06-19,9.46601388888889,8.52577083333333
"318","mg3",2021-06-20,9.66634722222222,8.48474305555555
"319","mg3",2021-06-21,9.92609722222222,8.4205625
"320","mg3",2021-06-22,9.36798611111111,8.51810416666667
"321","mg3",2021-06-23,8.81097916666667,8.6419375
"322","mg3",2021-06-24,9.31529166666667,8.56304166666667
"323","mg3",2021-06-25,9.35480555555556,8.55529166666667
"324","mg3",2021-06-26,9.69692361111111,8.49950694444444
"325","mg3",2021-06-27,10.1266388888889,8.40443055555555
"326","mg3",2021-06-28,10.3459513888889,8.33779861111111
"327","mg3",2021-06-29,10.4742222222222,8.30114583333333
"328","mg3",2021-06-30,9.6915625,8.46791666666667
"329","mg3",2021-07-01,9.99163888888889,8.42542361111111
"330","mg3",2021-07-02,10.2781388888889,8.36773611111111
"331","mg3",2021-07-03,10.1035763888889,8.39408333333333
"332","mg3",2021-07-04,9.79506944444444,8.47440277777778
"333","mg3",2021-07-05,10.1209444444444,8.42199305555556
"334","mg3",2021-07-06,10.3635208333333,8.36629861111111
"335","mg3",2021-07-07,10.4135555555556,8.33213888888889
"336","mg3",2021-07-08,9.92314583333333,8.43520833333333
"337","mg3",2021-07-09,10.0578888888889,8.45411111111111
"338","mg3",2021-07-10,11.1422013888889,8.25170138888889
"339","mg3",2021-07-11,11.4350347222222,8.18196527777778
"340","mg3",2021-07-12,11.2883541666667,8.21434027777778
"341","mg3",2021-07-13,10.6693611111111,8.33719444444444
"342","mg3",2021-07-14,10.6111111111111,8.31659027777778
"343","mg3",2021-07-15,10.5474097222222,8.31276388888889
"344","mg3",2021-07-16,10.2788333333333,8.38499305555556
"345","mg3",2021-07-17,10.4115625,8.40834027777778
"346","mg3",2021-07-18,10.7013125,8.42121527777778
"347","mg3",2021-07-19,10.8963402777778,8.34570833333333
"348","mg3",2021-07-20,11.0889097222222,8.35499305555556
"349","mg3",2021-07-21,10.3527430555556,8.41588888888889
"350","mg3",2021-07-22,10.5555555555556,8.39938194444444
"351","mg3",2021-07-23,10.6298263888889,8.22259027777778
"352","mg3",2021-07-24,11.1508958333333,8.26322916666667
"353","mg3",2021-07-25,11.7418194444444,8.03439583333333
"354","mg3",2021-07-26,11.5258541666667,8.12915972222222
"355","mg3",2021-07-27,12.0266875,8.058375
"356","mg3",2021-07-28,11.2383541666667,8.27102777777778
"357","mg3",2021-07-29,11.4669583333333,8.18572916666667
"358","mg3",2021-07-30,11.8596319444444,8.09310416666667
"359","mg3",2021-07-31,11.3778194444444,8.16713194444444
"360","mg3",2021-08-01,10.4412152777778,8.36057638888889
"361","mg3",2021-08-02,11.5548402777778,8.16075
"362","mg3",2021-08-03,11.9239444444444,8.06538194444444
"363","mg3",2021-08-04,12.074625,8.01977777777778
"364","mg3",2021-08-05,11.6303333333333,8.07122916666667
"365","mg3",2021-08-06,10.2066527777778,8.40027777777778
"366","mg3",2021-08-07,10.6248263888889,8.33876388888889
"367","mg3",2021-08-08,10.9503125,8.23589583333333
"368","mg3",2021-08-09,10.2086736111111,8.41950694444444
"369","mg3",2021-08-10,10.7725277777778,8.32554861111111
"370","mg3",2021-08-11,11.2915069444444,8.21450694444444
"371","mg3",2021-08-12,12.1911111111111,8.02947222222222
"372","mg3",2021-08-13,11.6198125,8.16788194444444
"373","mg3",2021-08-14,12.0920625,8.10427777777778
"374","mg3",2021-08-15,12.5237152777778,8.02477083333333
"375","mg3",2021-08-16,12.7418125,7.91461111111111
"376","mg3",2021-08-17,10.8367916666667,8.23951388888889
"377","mg3",2021-08-18,8.4041875,8.78711805555556
"378","mg3",2021-08-19,8.53046527777778,8.76293055555556
"379","mg3",2021-08-20,9.14842361111111,8.5943125
"380","mg3",2021-08-21,8.84000694444445,8.59852083333333
"381","mg3",2021-08-22,8.32190277777778,8.767625
"382","mg3",2021-08-23,8.71666666666667,8.680875
"383","mg3",2021-08-24,8.87619444444444,8.67035416666667
"384","mg3",2021-08-25,8.75190972222222,8.74168055555556
"385","mg3",2021-08-26,8.84645833333333,8.74856944444444
"386","mg3",2021-08-27,8.78448611111111,8.70572222222222
"387","mg3",2021-08-28,9.05609027777778,8.66499305555556
"388","mg3",2021-08-29,9.82840972222222,8.53971527777778
"389","mg3",2021-08-30,9.94647222222222,8.44169444444444
"390","mg3",2021-08-31,9.20502777777778,8.59526388888889
"391","mg3",2021-09-01,8.40779861111111,8.70879861111111
"392","mg3",2021-09-02,8.09096527777778,8.80402083333333
"393","mg3",2021-09-03,7.77514583333333,9.00581944444444
"394","mg3",2021-09-04,8.4984375,8.86485416666667
"395","mg3",2021-09-05,9.19561111111111,8.74495833333333
"396","mg3",2021-09-06,9.45754166666667,8.7708125
"397","mg3",2021-09-07,10.1382291666667,8.62295833333333
"398","mg3",2021-09-08,10.6371875,8.42524305555555
"399","mg3",2021-09-09,11.0160625,8.43276388888889
"400","mg3",2021-09-10,10.1762222222222,8.40116666666667
"401","mg3",2021-09-11,9.40897222222222,8.66297916666667
"402","mg3",2021-09-12,9.37663888888889,8.72932638888889
"403","mg3",2021-09-13,8.84136805555556,8.91494444444444
"404","mg3",2021-09-14,8.15972916666667,9.00879166666667
"405","mg3",2021-09-15,8.45316666666667,8.97854861111111
"406","mg3",2021-09-16,7.77541666666667,9.10413194444445
"407","mg3",2021-09-17,8.42908333333333,8.95159027777778
"408","mg3",2021-09-18,8.31657638888889,8.92241666666667
"409","mg3",2021-09-19,6.76567361111111,9.31319444444444
"410","mg3",2021-09-20,5.52704166666667,9.61002777777778
"411","mg3",2021-09-21,6.54988194444444,9.39458333333333
"412","mg3",2021-09-22,8.242875,9.05047222222222
"413","mg3",2021-09-23,7.03614583333333,9.22690277777778
"414","mg3",2021-09-24,7.20785416666667,9.19220138888889
"415","mg3",2021-09-25,7.96343055555556,9.04480555555556
"416","mg3",2021-09-26,8.00906944444444,9.01042361111111
"417","mg3",2021-09-27,7.27463888888889,9.18089583333333
"418","mg3",2021-09-28,4.72188194444444,9.77715972222222
"419","mg3",2021-09-29,4.02257638888889,10.0224444444444
"420","mg3",2021-09-30,4.66458333333333,9.90036805555556
"421","mg3",2021-10-01,5.17880555555556,9.82700694444445
"422","mg3",2021-10-02,5.74429166666667,9.66236111111111
"423","mg3",2021-10-03,6.22625694444444,9.53211111111111
"424","mg3",2021-10-04,6.59102777777778,9.570375
"425","mg3",2021-10-05,6.79440277777778,9.50640972222222
"426","mg3",2021-10-06,6.44347916666667,9.53455555555556
"427","mg3",2021-10-07,5.10207638888889,9.72691666666667
"428","mg3",2021-10-08,4.93274305555556,9.76490277777778
"429","mg3",2021-10-09,3.59113888888889,10.1480277777778
"430","mg3",2021-10-10,3.93027777777778,9.99635416666667
"431","mg3",2021-10-11,1.6075625,10.5618333333333
"432","mg3",2021-10-12,0.906798611111111,10.5295555555556
"433","mg3",2021-10-13,1.90330555555556,9.93725694444444
"434","mg3",2021-10-14,1.7639375,10.3067708333333
"435","mg3",2021-10-15,2.59738194444444,10.1519444444444
"436","mg3",2021-10-16,3.77535416666667,9.63609722222222
"437","mg3",2021-10-17,3.81920138888889,9.37409722222222
"438","mg3",2021-10-18,2.56983333333333,9.50445138888889
"439","mg3",2021-10-19,3.01028472222222,9.13800694444445
"440","mg3",2021-10-20,4.43621527777778,8.69296527777778
"441","mg3",2021-10-21,6.06183333333333,8.98704166666667
"442","mg3",2021-10-22,4.80025,8.85820138888889
"443","mg3",2021-10-23,3.38955555555556,9.510625
"444","mg3",2021-10-24,2.69083333333333,9.33945833333333
"445","mg3",2021-10-25,2.04538888888889,10.08675
"446","mg3",2021-10-26,2.673375,9.86278472222222
"447","mg3",2021-10-27,4.2804375,9.47843055555555
"448","mg3",2021-10-28,4.14284027777778,9.54648611111111
"449","mg3",2021-10-29,4.89470833333333,9.36047916666667
"450","mg3",2021-10-30,4.80979166666667,9.39447916666667
"451","mg3",2021-10-31,3.97761805555556,9.53838888888889
"452","mg3",2021-11-01,4.01572916666667,9.60101388888889
"453","mg3",2021-11-02,8.34267768595041,8.64685950413223
"454","mg3",2022-05-12,5.47105952380952,9.44555952380952
"455","mg3",2022-05-13,5.46219444444444,9.43907638888889
"456","mg3",2022-05-14,7.79752777777778,8.8975
"457","mg3",2022-05-15,8.99793055555556,8.60758333333333
"458","mg3",2022-05-16,8.90193055555556,8.58754861111111
"459","mg3",2022-05-17,8.127,8.84059027777778
"460","mg3",2022-05-18,8.34714583333333,8.819375
"461","mg3",2022-05-19,8.03066666666667,8.80888194444444
"462","mg3",2022-05-20,5.31170833333333,9.46670833333333
"463","mg3",2022-05-21,5.19230555555556,9.48465972222222
"464","mg3",2022-05-22,6.27542361111111,9.32772222222222
"465","mg3",2022-05-23,7.80154861111111,8.42791666666667
"466","mg3",2022-05-24,8.11972916666667,7.11568055555556
"467","mg3",2022-05-25,9.50390277777778,8.19563888888889
"468","mg3",2022-05-26,9.39628472222222,8.44415972222222
"469","mg3",2022-05-27,8.21979861111111,6.66576388888889
"470","mg3",2022-05-28,7.34272916666667,8.73177083333333
"471","mg3",2022-05-29,4.64828472222222,9.47057638888889
"472","mg3",2022-05-30,5.04555555555556,9.4453125
"473","mg3",2022-05-31,6.4816875,9.16161805555556
"474","mg3",2022-06-01,7.88525694444444,8.85738888888889
"475","mg3",2022-06-02,8.53106944444444,8.64335416666667
"476","mg3",2022-06-03,9.24292361111111,8.48697916666667
"477","mg3",2022-06-04,8.64470833333333,8.55947222222222
"478","mg3",2022-06-05,9.37481944444444,8.43040972222222
"479","mg3",2022-06-06,8.63295138888889,8.43065972222222
"480","mg3",2022-06-07,8.94652083333333,8.30133333333333
"481","mg3",2022-06-08,9.83850694444445,8.38266666666667
"482","mg3",2022-06-09,10.3852083333333,8.30693055555555
"483","mg3",2022-06-10,10.9998125,8.18417361111111
"484","mg3",2022-06-11,11.4305347222222,8.06043055555556
"485","mg3",2022-06-12,9.51670138888889,8.32494444444444
"486","mg3",2022-06-13,6.40218055555556,9.14729166666667
"487","mg3",2022-06-14,6.36715277777778,9.21143055555556
"488","mg3",2022-06-15,7.55533333333333,8.93695138888889
"489","mg3",2022-06-16,10.0070902777778,8.31363194444444
"490","mg3",2022-06-17,8.44425694444444,8.59771527777778
"491","mg3",2022-06-18,6.339125,9.12720833333333
"492","mg3",2022-06-19,5.405875,9.40377083333333
"493","mg3",2022-06-20,6.44294444444444,9.23899305555556
"494","mg3",2022-06-21,8.20616666666667,8.85220138888889
"495","mg3",2022-06-22,9.71038888888889,8.49642361111111
"496","mg3",2022-06-23,10.2975416666667,8.32747222222222
"497","mg3",2022-06-24,10.1829513888889,8.36427083333333
"498","mg3",2022-06-25,10.2012569444444,8.41217361111111
"499","mg3",2022-06-26,11.3624791666667,8.17264583333333
"500","mg3",2022-06-27,12.0304583333333,8.04035416666667
"501","mg3",2022-06-28,11.9652847222222,8.02583333333333
"502","mg3",2022-06-29,10.7354861111111,8.26594444444444
"503","mg3",2022-06-30,10.4913611111111,8.31624305555555
"504","mg3",2022-07-01,10.5452013888889,8.30319444444445
"505","mg3",2022-07-02,10.5081111111111,8.28214583333333
"506","mg3",2022-07-03,10.0101180555556,8.37272222222222
"507","mg3",2022-07-04,10.0420694444444,8.39072222222222
"508","mg3",2022-07-05,10.7322152777778,8.25656944444444
"509","mg3",2022-07-06,11.3353194444444,8.14764583333333
"510","mg3",2022-07-07,11.4210277777778,8.14625
"511","mg3",2022-07-08,11.224625,8.2165
"512","mg3",2022-07-09,11.2815972222222,8.22816666666667
"513","mg3",2022-07-10,11.4509513888889,8.22009027777778
"514","mg3",2022-07-11,12.1478541666667,8.0748125
"515","mg3",2022-07-12,12.9418611111111,7.88200694444444
"516","mg3",2022-07-13,13.352625,7.80102083333333
"517","mg3",2022-07-14,12.5822569444444,7.97197222222222
"518","mg3",2022-07-15,12.5443472222222,7.9980625
"519","mg3",2022-07-16,13.1791527777778,7.86955555555556
"520","mg3",2022-07-17,13.4592430555556,7.8016875
"521","mg3",2022-07-18,13.8356875,7.72520833333333
"522","mg3",2022-07-19,13.5900694444444,7.80375694444444
"523","mg3",2022-07-20,13.2236666666667,7.89711111111111
"524","mg3",2022-07-21,12.8435347222222,7.95278472222222
"525","mg3",2022-07-22,12.5893055555556,7.97420833333333
"526","mg3",2022-07-23,12.3248194444444,8.13630555555556
"527","mg3",2022-07-24,12.6352777777778,8.11381944444445
"528","mg3",2022-07-25,13.2214930555556,7.99626388888889
"529","mg3",2022-07-26,13.9076944444444,7.82525
"530","mg3",2022-07-27,14.3209027777778,7.79872916666667
"531","mg3",2022-07-28,14.6098680555556,7.70559722222222
"532","mg3",2022-07-29,15.2091875,7.65064583333333
"533","mg3",2022-07-30,15.0797291666667,7.627
"534","mg3",2022-07-31,15.7865,7.46352777777778
"535","mg3",2022-08-01,15.4500555555556,7.59376388888889
"536","mg3",2022-08-02,14.7316527777778,7.58270138888889
"537","mg3",2022-08-03,14.4538819444444,7.69898611111111
"538","mg3",2022-08-04,15.6163680555556,7.40284027777778
"539","mg3",2022-08-05,14.8619444444444,7.47752083333333
"540","mg3",2022-08-06,13.8197569444444,7.74067361111111
"541","mg3",2022-08-07,14.2129166666667,7.72065972222222
"542","mg3",2022-08-08,15.0890486111111,7.51671527777778
"543","mg3",2022-08-09,14.7915486111111,7.47204861111111
"544","mg3",2022-08-10,14.6643055555556,7.57048611111111
"545","mg3",2022-08-11,14.0740416666667,7.70772222222222
"546","mg3",2022-08-12,13.1399236111111,7.8250625
"547","mg3",2022-08-13,12.5521527777778,7.96374305555556
"548","mg3",2022-08-14,12.5591527777778,7.93660416666667
"549","mg3",2022-08-15,13.1913402777778,7.80379166666667
"550","mg3",2022-08-16,13.7802708333333,7.63463888888889
"551","mg3",2022-08-17,14.8020486111111,7.43331944444444
"552","mg3",2022-08-18,14.1902986111111,7.45940277777778
"553","mg3",2022-08-19,13.9097847222222,7.611125
"554","mg3",2022-08-20,14.3458888888889,7.48292361111111
"555","mg3",2022-08-21,14.8368263888889,7.44829861111111
"556","mg3",2022-08-22,14.0353333333333,7.58408333333333
"557","mg3",2022-08-23,13.5134375,7.62990972222222
"558","mg3",2022-08-24,14.1969375,7.558625
"559","mg3",2022-08-25,13.6062986111111,7.63307638888889
"560","mg3",2022-08-26,12.9669513888889,7.78197222222222
"561","mg3",2022-08-27,12.6723402777778,7.82867361111111
"562","mg3",2022-08-28,12.1781111111111,7.90513888888889
"563","mg3",2022-08-29,12.861125,7.84117361111111
"564","mg3",2022-08-30,14.5261805555556,7.52571527777778
"565","mg3",2022-08-31,14.6451180555556,7.48404861111111
"566","mg3",2022-09-01,13.8927708333333,7.61686805555556
"567","mg3",2022-09-02,14.4653333333333,7.55001388888889
"568","mg3",2022-09-03,15.3869305555556,7.31886805555556
"569","mg3",2022-09-04,13.8662222222222,7.58251388888889
"570","mg3",2022-09-05,15.0845972222222,7.43679166666667
"571","mg3",2022-09-06,16.1130347222222,7.10568055555556
"572","mg3",2022-09-07,16.2394652777778,7.1149375
"573","mg3",2022-09-08,14.3428402777778,7.478375
"574","mg3",2022-09-09,11.2987847222222,8.10820833333333
"575","mg3",2022-09-10,10.6157152777778,8.27459027777778
"576","mg3",2022-09-11,11.9220416666667,8.05932638888889
"577","mg3",2022-09-12,13.7673402777778,7.525625
"578","mg3",2022-09-13,12.4346458333333,7.76997222222222
"579","mg3",2022-09-14,9.96504166666667,8.3645
"580","mg3",2022-09-15,9.00544444444444,8.58334722222222
"581","mg3",2022-09-16,9.00976388888889,8.60788194444445
"582","mg3",2022-09-17,9.01534722222222,8.56242361111111
"583","mg3",2022-09-18,8.86014583333333,8.53960416666667
"584","mg3",2022-09-19,9.20984722222222,8.48749305555556
"585","mg3",2022-09-20,8.36465972222222,8.71045833333333
"586","mg3",2022-09-21,7.4465625,8.82823611111111
"587","mg3",2022-09-22,6.50204166666667,9.18868055555556
"588","mg3",2022-09-23,7.57800694444444,8.99161111111111
"589","mg3",2022-09-24,8.17959722222222,8.81611111111111
"590","mg3",2022-09-25,8.743125,8.73784027777778
"591","mg3",2022-09-26,9.76195833333333,8.51659722222222
"592","mg3",2022-09-27,10.5979652777778,8.31369444444444
"593","mg3",2022-09-28,10.7843402777778,8.30546527777778
"594","mg3",2022-09-29,8.50336805555555,8.76459027777778
"595","mg3",2022-09-30,7.31856944444444,9.07815972222222
"596","mg3",2022-10-01,7.05745138888889,9.12443055555556
"597","mg3",2022-10-02,7.26613888888889,9.07905555555556
"598","mg3",2022-10-03,7.80829861111111,9.03129166666667
"599","mg3",2022-10-04,7.95726388888889,8.98885416666667
"600","mg3",2022-10-05,8.12934722222222,8.94678472222222
"601","mg3",2022-10-06,7.66497916666667,9.07010416666667
"602","mg3",2022-10-07,8.08027083333333,8.98675
"603","mg3",2022-10-08,8.14029166666667,8.94214583333333
"604","mg3",2022-10-09,7.84504166666667,8.93686805555556
"605","mg3",2022-10-10,7.59145833333333,9.00279861111111
"606","mg3",2022-10-11,6.82325694444444,9.21215972222222
"607","mg3",2022-10-12,6.86107638888889,9.2915625
"608","mg3",2022-10-13,7.07305555555556,9.24428472222222
"609","mg3",2022-10-14,7.08917361111111,9.09457638888889
"610","mg3",2022-10-15,6.83649305555556,9.07750694444444
"611","mg3",2022-10-16,6.50635416666667,9.18744444444444
"612","mg3",2022-10-17,5.7463125,9.38966666666667
"613","mg3",2022-10-18,6.08790277777778,9.33636805555556
"614","mg3",2022-10-19,6.32931944444444,9.21877777777778
"615","mg3",2022-10-20,6.28147916666667,9.16339583333333
"616","mg3",2022-10-21,6.10957638888889,9.04930555555556
"617","mg3",2022-10-22,4.38795833333333,9.18790972222222
"618","mg3",2022-10-23,1.60815972222222,10.1245208333333
"619","mg3",2022-10-24,1.64813194444444,10.1016875
"620","mg3",2022-10-25,3.25673611111111,9.67597916666667
"621","mg3",2022-10-26,1.94293055555556,10.0029166666667
"622","mg3",2022-10-27,0.942409722222222,10.2733125
"623","mg3",2022-10-28,1.6174375,10.1370972222222
"624","mg3",2022-10-29,2.36796527777778,9.80814583333333
"625","mg3",2022-10-30,2.53110416666667,9.22545138888889
"626","mg3",2022-10-31,2.94713194444444,9.40640277777778
"627","mg3",2022-11-01,9.45740972222222,8.4246875
"628","mg4",2021-06-09,13.6809477234401,7.22270320404722
"629","mg4",2021-06-17,11.9599428571429,8.00191428571429
"630","mg4",2021-06-18,10.8865625,8.24918055555556
"631","mg4",2021-06-19,11.2277361111111,8.15666666666667
"632","mg4",2021-06-20,11.2979583333333,5.63490277777778
"633","mg4",2021-06-21,11.9007222222222,5.62709027777778
"634","mg4",2021-06-22,11.62325,5.52747916666667
"635","mg4",2021-06-23,10.6440972222222,5.51046527777778
"636","mg4",2021-06-24,10.9987847222222,7.55720833333333
"637","mg4",2021-06-25,11.0972291666667,5.55786111111111
"638","mg4",2021-06-26,11.5991111111111,1.48870138888889
"639","mg4",2021-06-27,12.5014722222222,0.0758680555555555
"640","mg4",2021-06-28,12.9709513888889,0.324284722222222
"641","mg4",2021-06-29,13.0931388888889,3.92495138888889
"642","mg4",2021-06-30,12.2798333333333,7.95336111111111
"643","mg4",2021-07-01,12.2269236111111,7.89933333333333
"644","mg4",2021-07-02,12.3000902777778,7.96655555555556
"645","mg4",2021-07-03,12.6829305555556,7.89729861111111
"646","mg4",2021-07-04,12.2264930555556,7.17815972222222
"647","mg4",2021-07-05,11.9105555555556,6.752875
"648","mg4",2021-07-06,11.9978958333333,6.39878472222222
"649","mg4",2021-07-07,11.8934027777778,8.04061805555556
"650","mg4",2021-07-08,10.9737013888889,8.22251388888889
"651","mg4",2021-07-09,10.9993472222222,8.25442361111111
"652","mg4",2021-07-10,12.0537152777778,8.02880555555556
"653","mg4",2021-07-11,12.4007569444444,7.9270625
"654","mg4",2021-07-12,12.6036388888889,7.8679375
"655","mg4",2021-07-13,12.1401041666667,7.95585416666667
"656","mg4",2021-07-14,12.2323055555556,7.89034027777778
"657","mg4",2021-07-15,12.1882638888889,7.89370833333333
"658","mg4",2021-07-16,11.6315138888889,7.99482638888889
"659","mg4",2021-07-17,11.9839305555556,7.91125
"660","mg4",2021-07-18,12.6603263888889,7.73645833333333
"661","mg4",2021-07-19,13.0329166666667,7.603375
"662","mg4",2021-07-20,13.2693125,7.60874305555556
"663","mg4",2021-07-21,12.1459791666667,7.72096527777778
"664","mg4",2021-07-22,11.8556458333333,7.79460416666667
"665","mg4",2021-07-23,12.0015833333333,7.79796527777778
"666","mg4",2021-07-24,13.010625,7.55216666666667
"667","mg4",2021-07-25,14.1033541666667,7.41445138888889
"668","mg4",2021-07-26,14.1648680555556,7.25870138888889
"669","mg4",2021-07-27,14.4472013888889,7.30131944444444
"670","mg4",2021-07-28,13.5075555555556,7.58738888888889
"671","mg4",2021-07-29,14.1435277777778,7.50417361111111
"672","mg4",2021-07-30,15.5493819444444,7.4379375
"673","mg4",2021-07-31,14.7583472222222,7.56225
"674","mg4",2021-08-01,13.0504097222222,7.65661805555556
"675","mg4",2021-08-02,13.1734583333333,6.11283333333333
"676","mg4",2021-08-03,14.1307361111111,5.7085
"677","mg4",2021-08-04,14.1292083333333,6.38313194444444
"678","mg4",2021-08-05,13.6224722222222,7.13013888888889
"679","mg4",2021-08-06,11.2472638888889,7.57568055555556
"680","mg4",2021-08-07,12.6325,7.29747222222222
"681","mg4",2021-08-08,12.6049652777778,7.78890277777778
"682","mg4",2021-08-09,11.8315625,8.16711805555556
"683","mg4",2021-08-10,13.0429930555556,8.05310416666667
"684","mg4",2021-08-11,15.1538055555556,7.76636111111111
"685","mg4",2021-08-12,16.6024791666667,7.57011805555556
"686","mg4",2021-08-13,14.9061666666667,7.90126388888889
"687","mg4",2022-05-12,5.71840740740741,9.39271604938272
"688","mg4",2022-05-13,5.55470833333333,9.43573611111111
"689","mg4",2022-05-14,7.61160416666667,8.95085416666667
"690","mg4",2022-05-15,8.607125,8.70013194444445
"691","mg4",2022-05-16,8.50905555555556,8.70375
"692","mg4",2022-05-17,7.83904166666667,8.90745138888889
"693","mg4",2022-05-18,8.03006944444444,8.90132638888889
"694","mg4",2022-05-19,7.70975,8.84965972222222
"695","mg4",2022-05-20,5.38586111111111,9.42677777777778
"696","mg4",2022-05-21,5.31238888888889,9.49211111111111
"697","mg4",2022-05-22,6.23586111111111,9.34843055555556
"698","mg4",2022-05-23,7.64968055555556,9.00992361111111
"699","mg4",2022-05-24,7.96413194444444,8.96296527777778
"700","mg4",2022-05-25,9.18577777777778,8.73079166666667
"701","mg4",2022-05-26,9.15213194444445,8.6880625
"702","mg4",2022-05-27,8.10582638888889,8.91416666666667
"703","mg4",2022-05-28,7.30578472222222,8.88202777777778
"704","mg4",2022-05-29,4.77111111111111,9.53459722222222
"705","mg4",2022-05-30,5.13402083333333,9.49136805555556
"706","mg4",2022-05-31,6.63208333333333,9.17586805555556
"707","mg4",2022-06-01,7.75949305555556,8.92582638888889
"708","mg4",2022-06-02,8.31542361111111,8.74605555555556
"709","mg4",2022-06-03,8.97377777777778,8.58625694444444
"710","mg4",2022-06-04,8.46236805555556,8.66579861111111
"711","mg4",2022-06-05,9.12925694444444,8.55069444444444
"712","mg4",2022-06-06,8.37735416666667,8.7653125
"713","mg4",2022-06-07,8.64141666666667,8.74200694444444
"714","mg4",2022-06-08,9.49577083333333,8.521875
"715","mg4",2022-06-09,9.90571527777778,8.45874305555555
"716","mg4",2022-06-10,10.5229097222222,8.33554166666667
"717","mg4",2022-06-11,11.010375,8.19534722222222
"718","mg4",2022-06-12,9.35289583333333,8.42388888888889
"719","mg4",2022-06-13,6.31179166666667,9.205625
"720","mg4",2022-06-14,6.21850694444444,9.29672222222222
"721","mg4",2022-06-15,7.34340972222222,9.03033333333333
"722","mg4",2022-06-16,9.669625,8.42767361111111
"723","mg4",2022-06-17,8.27834722222222,8.68954861111111
"724","mg4",2022-06-18,6.19970833333333,9.21995138888889
"725","mg4",2022-06-19,5.29890277777778,9.49335416666667
"726","mg4",2022-06-20,6.27931944444444,9.32416666666667
"727","mg4",2022-06-21,7.90908333333333,8.96070138888889
"728","mg4",2022-06-22,9.30745138888889,8.6181875
"729","mg4",2022-06-23,9.88009027777778,8.45063194444444
"730","mg4",2022-06-24,9.8115,8.48350694444444
"731","mg4",2022-06-25,9.75529861111111,8.53706944444444
"732","mg4",2022-06-26,10.7820138888889,8.33136111111111
"733","mg4",2022-06-27,11.3357361111111,8.21342361111111
"734","mg4",2022-06-28,11.4038888888889,8.16498611111111
"735","mg4",2022-06-29,10.1876388888889,8.42208333333333
"736","mg4",2022-06-30,9.90118055555556,8.47966666666667
"737","mg4",2022-07-01,9.9778125,8.45020138888889
"738","mg4",2022-07-02,9.95461805555555,8.42183333333333
"739","mg4",2022-07-03,9.51648611111111,8.50369444444445
"740","mg4",2022-07-04,9.55063194444444,8.51783333333333
"741","mg4",2022-07-05,10.1491458333333,8.3925
"742","mg4",2022-07-06,10.6850208333333,8.29079861111111
"743","mg4",2022-07-07,10.6780416666667,8.31705555555556
"744","mg4",2022-07-08,10.46975,8.38338888888889
"745","mg4",2022-07-09,10.4714166666667,8.40525
"746","mg4",2022-07-10,10.6284513888889,8.39638194444444
"747","mg4",2022-07-11,11.1846388888889,8.25866666666667
"748","mg4",2022-07-12,11.8936666666667,8.073
"749","mg4",2022-07-13,12.2610833333333,7.98300694444444
"750","mg4",2022-07-14,11.5299236111111,8.15955555555556
"751","mg4",2022-07-15,11.4799375,8.18136111111111
"752","mg4",2022-07-16,11.8834166666667,8.09979861111111
"753","mg4",2022-07-17,12.0364722222222,8.04038888888889
"754","mg4",2022-07-18,12.3496666666667,7.98918055555556
"755","mg4",2022-07-19,12.2033680555556,8.03256944444444
"756","mg4",2022-07-20,11.7418680555556,8.13707638888889
"757","mg4",2022-07-21,11.3462430555556,8.19836805555556
"758","mg4",2022-07-22,11.112125,8.2105625
"759","mg4",2022-07-23,10.8417222222222,8.25753472222222
"760","mg4",2022-07-24,11.0516597222222,8.22309722222222
"761","mg4",2022-07-25,11.4837361111111,8.12288194444444
"762","mg4",2022-07-26,11.9445208333333,8.02268055555555
"763","mg4",2022-07-27,12.3136736111111,7.95979166666667
"764","mg4",2022-07-28,12.6151180555556,7.87666666666667
"765","mg4",2022-07-29,13.1154513888889,7.7753125
"766","mg4",2022-07-30,13.0699027777778,7.78919444444444
"767","mg4",2022-07-31,13.7185763888889,7.66554166666667
"768","mg4",2022-08-01,13.5715277777778,7.70751388888889
"769","mg4",2022-08-02,13.1414930555556,7.73836805555556
"770","mg4",2022-08-03,12.8158819444444,7.8491875
"771","mg4",2022-08-04,13.3028958333333,7.71596527777778
"772","mg4",2022-08-05,13.1128263888889,7.76777777777778
"773","mg4",2022-08-06,12.2722013888889,7.97390972222222
"774","mg4",2022-08-07,12.1827847222222,8.00113888888889
"775","mg4",2022-08-08,12.3917777777778,7.93127083333333
"776","mg4",2022-08-09,12.4302708333333,7.87420138888889
"777","mg4",2022-08-10,12.729375,7.87018055555556
"778","mg4",2022-08-11,11.8239722222222,8.06347916666667
"779","mg4",2022-08-12,11.2637222222222,8.14757638888889
"780","mg4",2022-08-13,10.9809652777778,8.21701388888889
"781","mg4",2022-08-14,11.2876319444444,8.13139583333333
"782","mg4",2022-08-15,11.9755902777778,7.94754861111111
"783","mg4",2022-08-16,12.6438333333333,7.8358125
"784","mg4",2022-08-17,13.8000972222222,7.71040972222222
"785","mg4",2022-08-18,13.1940625,7.72595138888889
"786","mg4",2022-08-19,12.7728611111111,7.83224305555556
"787","mg4",2022-08-20,13.2199097222222,7.77572916666667
"788","mg4",2022-08-21,13.8334375,7.73395833333333
"789","mg4",2022-08-22,13.2702916666667,7.83365277777778
"790","mg4",2022-08-23,12.7292916666667,7.91502083333333
"791","mg4",2022-08-24,13.8044861111111,7.74750694444444
"792","mg4",2022-08-25,12.965875,8.02558333333333
"793","mg4",2022-08-26,12.4452986111111,8.14871527777778
"794","mg4",2022-08-27,12.3488472222222,8.11958333333333
"795","mg4",2022-08-28,11.6514027777778,8.25961111111111
"796","mg4",2022-08-29,12.3687916666667,8.1789375
"797","mg4",2022-08-30,14.2357291666667,7.85507638888889
"798","mg4",2022-08-31,14.5191527777778,7.818875
"799","mg4",2022-09-01,13.8250277777778,7.95207638888889
"800","mg4",2022-09-02,14.9130208333333,7.75693055555556
"801","mg4",2022-09-03,17.284125,7.47188194444444
"802","mg4",2022-09-04,15.3897777777778,7.82852777777778
"803","mg4",2022-09-05,16.3450138888889,7.61765277777778
"804","mg4",2022-09-06,17.6380347222222,7.43265277777778
"805","mg4",2022-09-07,16.7444868421053,7.56697368421053
"806","mg5",2021-06-09,13.4260653266332,7.21695477386935
"807","mg5",2021-06-18,13.9305396825397,7.58652380952381
"808","mg5",2021-06-19,11.9144027777778,8.00859722222222
"809","mg5",2021-06-20,12.3207361111111,7.90631944444444
"810","mg5",2021-06-21,12.7477430555556,7.80234722222222
"811","mg5",2021-06-22,12.0491597222222,7.93795833333333
"812","mg5",2021-06-23,11.0246319444444,8.1594375
"813","mg5",2021-06-24,11.7426041666667,8.04715972222222
"814","mg5",2021-06-25,11.9837222222222,7.99854166666667
"815","mg5",2021-06-26,12.5670277777778,7.90345833333333
"816","mg5",2021-06-27,13.5135069444444,7.72899305555556
"817","mg5",2021-06-28,14.1344027777778,7.58735416666667
"818","mg5",2021-06-29,14.3647083333333,7.53470833333333
"819","mg5",2021-06-30,13.2481805555556,7.73591666666667
"820","mg5",2021-07-01,13.7014027777778,7.68870833333333
"821","mg5",2021-07-02,14.2746736111111,7.58111805555556
"822","mg5",2021-07-03,13.8646875,7.63184722222222
"823","mg5",2021-07-04,13.2197847222222,7.76123611111111
"824","mg5",2021-07-05,13.3883333333333,7.7756875
"825","mg5",2021-07-06,13.9325833333333,7.67279861111111
"826","mg5",2021-07-07,14.0032291666667,7.63630555555556
"827","mg5",2021-07-08,12.9667013888889,7.83698611111111
"828","mg5",2021-07-09,13.1425902777778,7.84699305555556
"829","mg5",2021-07-10,14.6531111111111,7.57106944444444
"830","mg5",2021-07-11,15.1304166666667,7.4611875
"831","mg5",2021-07-12,14.8111180555556,7.5066875
"832","mg5",2021-07-13,13.9835902777778,7.65765277777778
"833","mg5",2021-07-14,13.5671388888889,7.73259027777778
"834","mg5",2021-07-15,13.3372569444444,7.7706875
"835","mg5",2021-07-16,12.6956041666667,7.91093055555556
"836","mg5",2021-07-17,12.7463263888889,7.9300625
"837","mg5",2021-07-18,13.1577569444444,7.89007638888889
"838","mg5",2021-07-19,13.6873125,7.71877777777778
"839","mg5",2021-07-20,13.7071319444444,7.72685416666667
"840","mg5",2021-07-21,12.3949375,7.99683333333333
"841","mg5",2021-07-22,12.5728125,7.97002777777778
"842","mg5",2021-07-23,12.6627916666667,7.992375
"843","mg5",2021-07-24,13.1300277777778,7.89559722222222
"844","mg5",2021-07-25,14.0910208333333,7.69990277777778
"845","mg5",2021-07-26,13.8310625,7.71317361111111
"846","mg5",2021-07-27,14.6352361111111,7.59306944444444
"847","mg5",2021-07-28,13.4654027777778,7.85063194444444
"848","mg5",2021-07-29,13.6632847222222,7.77995138888889
"849","mg5",2021-07-30,14.3930972222222,7.62752777777778
"850","mg5",2021-07-31,14.1084444444444,7.64545138888889
"851","mg5",2021-08-01,12.6730902777778,7.93286111111111
"852","mg5",2021-08-02,13.2784722222222,7.86770833333333
"853","mg5",2021-08-03,14.0477361111111,7.70863888888889
"854","mg5",2021-08-04,14.2101388888889,7.66733333333333
"855","mg5",2021-08-05,13.6975972222222,7.73048611111111
"856","mg5",2021-08-06,11.7446736111111,8.1428125
"857","mg5",2021-08-07,12.1595694444444,8.08297916666667
"858","mg5",2021-08-08,12.6624027777778,7.94678472222222
"859","mg5",2021-08-09,11.6711041666667,8.18002083333333
"860","mg5",2021-08-10,12.2283402777778,8.08215972222222
"861","mg5",2021-08-11,13.0072152777778,7.92125
"862","mg5",2021-08-12,14.163375,7.69066666666667
"863","mg5",2021-08-13,13.9912708333333,7.74217361111111
"864","mg5",2021-08-14,14.1925555555556,7.72260416666667
"865","mg5",2021-08-15,14.56575,7.65972916666667
"866","mg5",2021-08-16,15.0070625,7.50600694444444
"867","mg5",2021-08-17,12.670625,7.89630555555556
"868","mg5",2021-08-18,9.32026388888889,8.63165972222222
"869","mg5",2021-08-19,9.31755555555556,8.65234027777778
"870","mg5",2021-08-20,9.97667361111111,8.48463888888889
"871","mg5",2021-08-21,9.88466666666667,8.44793055555555
"872","mg5",2021-08-22,8.96220138888889,8.71229861111111
"873","mg5",2021-08-23,9.52774305555556,8.59619444444444
"874","mg5",2021-08-24,9.63638194444444,8.56365277777778
"875","mg5",2021-08-25,9.50332638888889,8.64864583333333
"876","mg5",2021-08-26,9.77407638888889,8.58065972222222
"877","mg5",2021-08-27,9.52890277777778,8.60804166666667
"878","mg5",2021-08-28,9.78284027777778,8.6129375
"879","mg5",2021-08-29,10.7238611111111,8.42050694444444
"880","mg5",2021-08-30,11.0625416666667,8.3193125
"881","mg5",2021-08-31,10.1577986111111,8.49935416666667
"882","mg5",2021-09-01,9.12259722222222,8.72885416666667
"883","mg5",2021-09-02,8.65205555555556,8.88685416666667
"884","mg5",2021-09-03,8.20919444444444,9.06110416666667
"885","mg5",2021-09-04,9.16078472222222,8.89249305555555
"886","mg5",2021-09-05,10.2253958333333,8.66716666666667
"887","mg5",2021-09-06,10.6431805555556,8.58413194444444
"888","mg5",2021-09-07,11.3943055555556,8.44704861111111
"889","mg5",2021-09-08,12.0837777777778,8.23135416666667
"890","mg5",2021-09-09,12.5745763888889,8.152125
"891","mg5",2021-09-10,11.7388958333333,7.95751388888889
"892","mg5",2021-09-11,10.3131111111111,8.49934027777778
"893","mg5",2021-09-12,10.2596319444444,8.49740972222222
"894","mg5",2021-09-13,9.70357638888889,8.58936111111111
"895","mg5",2021-09-14,8.78252083333333,8.76442361111111
"896","mg5",2021-09-15,9.18251388888889,8.64549305555555
"897","mg5",2021-09-16,8.43257638888889,8.75344444444444
"898","mg5",2021-09-17,8.8789375,8.683
"899","mg5",2021-09-18,9.12641666666667,8.53594444444444
"900","mg5",2021-09-19,7.26125694444444,9.10223611111111
"901","mg5",2021-09-20,5.45645138888889,9.66647916666667
"902","mg5",2021-09-21,6.64819444444444,9.35154166666667
"903","mg5",2021-09-22,9.13990277777778,8.66500694444444
"904","mg5",2021-09-23,7.68592361111111,8.94891666666667
"905","mg5",2021-09-24,7.63010416666667,8.92591666666667
"906","mg5",2021-09-25,8.43429166666667,8.72008333333333
"907","mg5",2021-09-26,8.924625,8.59953472222222
"908","mg5",2021-09-27,8.1191875,8.74892361111111
"909","mg5",2021-09-28,5.05076388888889,9.45177777777778
"910","mg5",2021-09-29,3.749125,9.86654166666667
"911","mg5",2021-09-30,4.31044444444444,9.69721527777778
"912","mg5",2021-10-01,4.96750694444444,9.52517361111111
"913","mg5",2021-10-02,5.61389583333333,9.28192361111111
"914","mg5",2021-10-03,6.37953472222222,9.01640972222222
"915","mg5",2021-10-04,7.07735416666667,8.90432638888889
"916","mg5",2021-10-05,7.73006944444444,8.72393055555556
"917","mg5",2021-10-06,7.02502083333333,8.93403472222222
"918","mg5",2021-10-07,5.49064583333333,9.36383333333333
"919","mg5",2021-10-08,5.15134722222222,9.43770138888889
"920","mg5",2021-10-09,3.52502777777778,9.9809375
"921","mg5",2021-10-10,3.78706944444444,9.82190972222222
"922","mg5",2021-10-11,1.15022222222222,10.5155972222222
"923","mg5",2021-10-12,0.322972222222222,10.4358819444444
"924","mg5",2021-10-13,1.33163194444444,10.3058125
"925","mg5",2021-10-14,1.26071527777778,10.377
"926","mg5",2021-10-15,1.71307638888889,10.2611527777778
"927","mg5",2021-10-16,3.28990277777778,9.69066666666667
"928","mg5",2021-10-17,4.03454166666667,9.22275694444444
"929","mg5",2021-10-18,2.77977777777778,9.49402083333333
"930","mg5",2021-10-19,2.75975694444444,9.57379166666667
"931","mg5",2021-10-20,4.41003472222222,9.11099305555556
"932","mg5",2021-10-21,6.24860416666667,8.57057638888889
"933","mg5",2021-10-22,5.26529861111111,8.543875
"934","mg5",2021-10-23,3.52572222222222,9.07447916666667
"935","mg5",2021-10-24,3.06641666666667,9.00494444444444
"936","mg5",2021-10-25,2.2254375,8.79928472222222
"937","mg5",2021-10-26,2.30500694444444,8.99907638888889
"938","mg5",2021-10-27,4.23852777777778,8.73084722222222
"939","mg5",2021-10-28,3.99897222222222,8.67308333333333
"940","mg5",2021-10-29,5.06973611111111,8.44693055555556
"941","mg5",2021-10-30,4.97093055555556,8.52230555555555
"942","mg5",2021-10-31,4.35005555555556,8.71395833333333
"943","mg5",2021-11-01,4.20017361111111,9.08415277777778
"944","mg5",2021-11-02,8.54349206349206,8.67359523809524
"945","mg5",2022-07-05,12.4939605263158,7.74564473684211
"946","mg5",2022-07-06,11.1397361111111,8.01177777777778
"947","mg5",2022-07-07,11.0848055555556,8.02664583333333
"948","mg5",2022-07-08,10.9325555555556,8.0818125
"949","mg5",2022-07-09,11.03225,8.08488888888889
"950","mg5",2022-07-10,11.2198958333333,8.06732638888889
"951","mg5",2022-07-11,11.8124930555556,7.92913194444444
"952","mg5",2022-07-12,12.8101319444444,7.70007638888889
"953","mg5",2022-07-13,12.9937291666667,7.65455555555556
"954","mg5",2022-07-14,12.3951875,7.78752777777778
"955","mg5",2022-07-15,12.42225,7.79063194444444
"956","mg5",2022-07-16,12.9393541666667,7.69957638888889
"957","mg5",2022-07-17,13.4868611111111,7.57275
"958","mg5",2022-07-18,13.6091666666667,7.54716666666667
"959","mg5",2022-07-19,13.1399861111111,7.65651388888889
"960","mg5",2022-07-20,12.9647708333333,7.71056944444444
"961","mg5",2022-07-21,12.7692916666667,7.73353472222222
"962","mg5",2022-07-22,12.3796388888889,7.78340277777778
"963","mg5",2022-07-23,11.9939166666667,7.85772222222222
"964","mg5",2022-07-24,12.2370277777778,7.83213194444444
"965","mg5",2022-07-25,12.5255694444444,7.78852083333333
"966","mg5",2022-07-26,13.096375,7.67809027777778
"967","mg5",2022-07-27,13.5042430555556,7.61324305555556
"968","mg5",2022-07-28,13.8320972222222,7.53669444444444
"969","mg5",2022-07-29,14.0154791666667,7.50476388888889
"970","mg5",2022-07-30,13.9767777777778,7.52427777777778
"971","mg5",2022-07-31,14.9547847222222,7.35604166666667
"972","mg5",2022-08-01,14.3119583333333,7.46210416666667
"973","mg5",2022-08-02,13.614375,7.55080555555556
"974","mg5",2022-08-03,13.5379583333333,7.591125
"975","mg5",2022-08-04,14.7145,7.32221527777778
"976","mg5",2022-08-05,14.1125763888889,7.40730555555556
"977","mg5",2022-08-06,12.9325763888889,7.66075
"978","mg5",2022-08-07,13.3310208333333,7.62196527777778
"979","mg5",2022-08-08,14.3188680555556,7.43386111111111
"980","mg5",2022-08-09,14.2773819444444,7.39939583333333
"981","mg5",2022-08-10,13.9955208333333,7.47020833333333
"982","mg5",2022-08-11,13.2576527777778,7.61676388888889
"983","mg5",2022-08-12,12.7109097222222,7.70046527777778
"984","mg5",2022-08-13,11.6547986111111,7.88256944444444
"985","mg5",2022-08-14,11.5176041666667,7.88198611111111
"986","mg5",2022-08-15,12.025625,7.80102083333333
"987","mg5",2022-08-16,12.3948611111111,7.71369444444444
"988","mg5",2022-08-17,13.5559027777778,7.4621875
"989","mg5",2022-08-18,13.3989861111111,7.39321527777778
"990","mg5",2022-08-19,12.9368472222222,7.53525694444444
"991","mg5",2022-08-20,12.9142222222222,7.55454861111111
"992","mg5",2022-08-21,13.1085138888889,7.58184027777778
"993","mg5",2022-08-22,12.7178888888889,7.65911111111111
"994","mg5",2022-08-23,12.2821388888889,7.72759722222222
"995","mg5",2022-08-24,12.8710694444444,7.58120833333333
"996","mg5",2022-08-25,12.3813680555556,7.7100625
"997","mg5",2022-08-26,12.1143958333333,7.71325694444444
"998","mg5",2022-08-27,11.5576805555556,7.76536805555556
"999","mg5",2022-08-28,10.9563888888889,7.92344444444444
"1000","mg5",2022-08-29,11.5247708333333,7.84711805555556
"1001","mg5",2022-08-30,12.7513680555556,7.63970138888889
"1002","mg5",2022-08-31,12.8600486111111,7.57483333333333
"1003","mg5",2022-09-01,12.2292777777778,7.68472222222222
"1004","mg5",2022-09-02,12.8831597222222,7.54023611111111
"1005","mg5",2022-09-03,13.9092083333333,7.31888194444444
"1006","mg5",2022-09-04,13.4666944444444,7.3915
"1007","mg5",2022-09-05,13.7054305555556,7.39133333333333
"1008","mg5",2022-09-06,14.0348333333333,7.31580555555556
"1009","mg5",2022-09-07,14.2451875,7.14402083333333
"1010","mg5",2022-09-08,12.5127569444444,7.34251388888889
"1011","mg5",2022-09-09,9.65892361111111,8.05570833333333
"1012","mg5",2022-09-10,9.37257638888889,8.11813194444444
"1013","mg5",2022-09-11,10.7906527777778,7.87399305555556
"1014","mg5",2022-09-12,12.6283472222222,7.47189583333333
"1015","mg5",2022-09-13,11.1856736111111,7.55195833333333
"1016","mg5",2022-09-14,8.96609027777778,8.21098611111111
"1017","mg5",2022-09-15,8.16338194444444,8.38720833333333
"1018","mg5",2022-09-16,8.29863888888889,8.393625
"1019","mg5",2022-09-17,8.17688194444444,8.34808333333333
"1020","mg5",2022-09-18,8.11284722222222,8.3569375
"1021","mg5",2022-09-19,8.37048611111111,8.34477777777778
"1022","mg5",2022-09-20,7.65922916666667,8.53854166666667
"1023","mg5",2022-09-21,6.84322916666667,8.64731944444445
"1024","mg5",2022-09-22,6.09221527777778,8.97372222222222
"1025","mg5",2022-09-23,6.73460416666667,8.84727083333333
"1026","mg5",2022-09-24,7.12865972222222,8.81359027777778
"1027","mg5",2022-09-25,7.66059027777778,8.67580555555556
"1028","mg5",2022-09-26,8.59031944444444,8.4193125
"1029","mg5",2022-09-27,9.47523611111111,8.177125
"1030","mg5",2022-09-28,9.494,8.14572916666667
"1031","mg5",2022-09-29,7.4843125,8.583625
"1032","mg5",2022-09-30,6.20840277777778,8.98558333333333
"1033","mg5",2022-10-01,5.99545138888889,9.01480555555556
"1034","mg5",2022-10-02,6.33553472222222,8.89970138888889
"1035","mg5",2022-10-03,6.6803125,8.80649305555556
"1036","mg5",2022-10-04,6.98177777777778,8.73228472222222
"1037","mg5",2022-10-05,6.96863194444444,8.71545138888889
"1038","mg5",2022-10-06,6.88934722222222,8.74311805555556
"1039","mg5",2022-10-07,6.88711111111111,8.76130555555556
"1040","mg5",2022-10-08,6.76114583333333,8.78188888888889
"1041","mg5",2022-10-09,6.82325694444444,8.67359027777778
"1042","mg5",2022-10-10,6.64268055555556,8.74758333333333
"1043","mg5",2022-10-11,6.0584375,8.90639583333333
"1044","mg5",2022-10-12,5.70300694444444,9.01594444444444
"1045","mg5",2022-10-13,5.75659027777778,8.97160416666667
"1046","mg5",2022-10-14,5.61850694444444,8.89432638888889
"1047","mg5",2022-10-15,5.46482638888889,8.83821527777778
"1048","mg5",2022-10-16,4.98556944444444,9.00015972222222
"1049","mg5",2022-10-17,4.71929861111111,9.06473611111111
"1050","mg5",2022-10-18,5.12767361111111,8.95097222222222
"1051","mg5",2022-10-19,5.12847916666667,8.70411111111111
"1052","mg5",2022-10-20,4.76450694444444,8.66322222222222
"1053","mg5",2022-10-21,5.20513194444444,8.08276388888889
"1054","mg5",2022-10-22,3.47468055555556,7.71179166666667
"1055","mg5",2022-10-23,0.792819444444444,9.36433333333333
"1056","mg5",2022-10-24,1.31496527777778,8.28240277777778
"1057","mg5",2022-10-25,2.52955555555556,8.27580555555556
"1058","mg5",2022-10-26,1.29013194444444,9.06296527777778
"1059","mg5",2022-10-27,0.281833333333333,8.71750694444444
"1060","mg5",2022-10-28,1.44873611111111,9.10283333333333
"1061","mg5",2022-10-29,1.54695833333333,9.35936805555555
"1062","mg5",2022-10-30,1.59384722222222,9.3980625
"1063","mg5",2022-10-31,2.34684027777778,9.21919444444444
"1064","mg5",2022-11-01,1.65719444444444,8.87854861111111
"1065","sc1",2021-06-09,13.6759621342513,7.35473321858864
"1066","sc1",2021-06-17,12.8786206896552,7.83472413793103
"1067","sc1",2021-06-18,11.5535069444444,8.18917361111111
"1068","sc1",2021-06-19,11.9923402777778,8.04806944444444
"1069","sc1",2021-06-20,12.4470555555556,7.97396527777778
"1070","sc1",2021-06-21,12.9103680555556,7.89604861111111
"1071","sc1",2021-06-22,12.4434861111111,7.97034027777778
"1072","sc1",2021-06-23,11.3829652777778,8.20949305555555
"1073","sc1",2021-06-24,11.9252569444444,8.127
"1074","sc1",2021-06-25,12.0789583333333,8.09574305555556
"1075","sc1",2021-06-26,12.7335347222222,7.99285416666667
"1076","sc1",2021-06-27,13.7285347222222,7.79394444444444
"1077","sc1",2021-06-28,14.2993125,7.66885416666667
"1078","sc1",2021-06-29,14.6340277777778,7.59403472222222
"1079","sc1",2021-06-30,13.5045902777778,7.8008125
"1080","sc1",2021-07-01,13.5552916666667,7.81764583333333
"1081","sc1",2021-07-02,13.8942986111111,7.75071527777778
"1082","sc1",2021-07-03,14.259125,7.68297222222222
"1083","sc1",2021-07-04,13.6432013888889,7.8003125
"1084","sc1",2021-07-05,13.6031666666667,7.83858333333333
"1085","sc1",2021-07-06,14.1128402777778,7.73151388888889
"1086","sc1",2021-07-07,13.9931458333333,7.71960416666667
"1087","sc1",2021-07-08,13.0705069444444,7.90099305555556
"1088","sc1",2021-07-09,13.1594375,7.93065277777778
"1089","sc1",2021-07-10,14.6267569444444,7.63575
"1090","sc1",2021-07-11,15.3036041666667,7.49767361111111
"1091","sc1",2021-07-12,15.2772291666667,7.48360416666667
"1092","sc1",2021-07-13,14.5104236111111,7.59851388888889
"1093","sc1",2021-07-14,14.2394375,7.63873611111111
"1094","sc1",2021-07-15,13.9135625,7.68296527777778
"1095","sc1",2021-07-16,13.0339861111111,7.86022222222222
"1096","sc1",2021-07-17,13.2519097222222,7.84429166666667
"1097","sc1",2021-07-18,13.9168472222222,7.77155555555556
"1098","sc1",2021-07-19,14.5413263888889,7.5745625
"1099","sc1",2021-07-20,14.7140138888889,7.57822222222222
"1100","sc1",2021-07-21,13.3946805555556,7.81915277777778
"1101","sc1",2021-07-22,12.9662361111111,7.90775694444444
"1102","sc1",2021-07-23,13.1119097222222,7.92651388888889
"1103","sc1",2021-07-24,14.1136041666667,7.72548611111111
"1104","sc1",2021-07-25,14.9255972222222,7.54965972222222
"1105","sc1",2021-07-26,15.0687013888889,7.48324305555556
"1106","sc1",2021-07-27,15.6338541666667,7.40004166666667
"1107","sc1",2021-07-28,14.4200277777778,7.68944444444444
"1108","sc1",2021-07-29,14.8233472222222,7.59117361111111
"1109","sc1",2021-07-30,15.7122013888889,7.41163194444444
"1110","sc1",2021-07-31,15.356875,7.43372916666667
"1111","sc1",2021-08-01,14.1582777777778,7.69326388888889
"1112","sc1",2021-08-02,14.1236180555556,7.72686805555556
"1113","sc1",2021-08-03,15.1217361111111,7.52771527777778
"1114","sc1",2021-08-04,15.1412569444444,7.4969375
"1115","sc1",2021-08-05,14.5589583333333,7.56876388888889
"1116","sc1",2021-08-06,12.3684930555556,8.02409027777778
"1117","sc1",2021-08-07,13.1401944444444,7.89195138888889
"1118","sc1",2021-08-08,13.3490486111111,7.80702083333333
"1119","sc1",2021-08-09,12.6506527777778,7.98679861111111
"1120","sc1",2021-08-10,13.4582013888889,7.84638194444444
"1121","sc1",2021-08-11,14.4991041666667,7.65886111111111
"1122","sc1",2021-08-12,15.7580625,7.42235416666667
"1123","sc1",2021-08-13,15.4209375,7.46920138888889
"1124","sc1",2021-08-14,15.8664652777778,7.45470833333333
"1125","sc1",2021-08-15,16.1697986111111,7.41853472222222
"1126","sc1",2021-08-16,16.5408125,7.22650694444444
"1127","sc1",2021-08-17,13.9878263888889,7.71290972222222
"1128","sc1",2021-08-18,10.1155486111111,8.48793055555556
"1129","sc1",2021-08-19,10.0408680555556,8.49075
"1130","sc1",2021-08-20,10.9686666666667,8.28329861111111
"1131","sc1",2021-08-21,10.33325,8.42911111111111
"1132","sc1",2021-08-22,9.64739583333333,8.59314583333333
"1133","sc1",2021-08-23,10.2963472222222,8.429
"1134","sc1",2021-08-24,10.2461041666667,8.44013888888889
"1135","sc1",2021-08-25,10.2606666666667,8.46390972222222
"1136","sc1",2021-08-26,10.4703125,8.43361805555556
"1137","sc1",2021-08-27,10.4669305555556,8.41331944444445
"1138","sc1",2021-08-28,10.9719027777778,8.36890972222222
"1139","sc1",2021-08-29,11.1644027777778,8.3285
"1140","sc1",2021-08-30,11.7009722222222,8.13426388888889
"1141","sc1",2021-08-31,10.8026805555556,8.29525694444444
"1142","sc1",2021-09-01,10.2744861111111,8.43063888888889
"1143","sc1",2021-09-02,9.91069444444445,8.56302777777778
"1144","sc1",2021-09-03,9.39409722222222,8.74393055555556
"1145","sc1",2021-09-04,10.1134375,8.57947916666667
"1146","sc1",2021-09-05,11.3869930555556,8.40940277777778
"1147","sc1",2021-09-06,11.8801319444444,8.30560416666667
"1148","sc1",2021-09-07,12.8297222222222,8.02911111111111
"1149","sc1",2021-09-08,13.4222916666667,7.89008333333333
"1150","sc1",2021-09-09,13.9426875,7.75898611111111
"1151","sc1",2021-09-10,12.8739444444444,7.5973125
"1152","sc1",2021-09-11,11.5921180555556,8.14120833333333
"1153","sc1",2021-09-12,11.5274583333333,8.19996527777778
"1154","sc1",2021-09-13,10.9433611111111,8.31974305555556
"1155","sc1",2021-09-14,10.2553125,8.56369444444444
"1156","sc1",2021-09-15,10.4301597222222,8.50713194444444
"1157","sc1",2021-09-16,9.38406944444444,8.72010416666667
"1158","sc1",2021-09-17,9.30526388888889,8.82497222222222
"1159","sc1",2021-09-18,9.9895,8.47420833333333
"1160","sc1",2021-09-19,8.00805555555556,8.85697916666667
"1161","sc1",2021-09-20,6.35849305555556,9.45246527777778
"1162","sc1",2021-09-21,7.15022222222222,9.27813888888889
"1163","sc1",2021-09-22,9.99111805555555,8.55667361111111
"1164","sc1",2021-09-23,8.58523611111111,8.89379861111111
"1165","sc1",2021-09-24,8.54842361111111,8.90409722222222
"1166","sc1",2021-09-25,9.30338888888889,8.69129166666667
"1167","sc1",2021-09-26,9.96579166666667,8.55877777777778
"1168","sc1",2021-09-27,9.12707638888889,8.72799305555556
"1169","sc1",2021-09-28,6.11329861111111,9.31938888888889
"1170","sc1",2021-09-29,4.62995138888889,9.90381944444444
"1171","sc1",2021-09-30,5.24075,9.75154861111111
"1172","sc1",2021-10-01,5.91927083333333,9.57439583333333
"1173","sc1",2021-10-02,6.64609722222222,9.38175694444444
"1174","sc1",2021-10-03,7.11832638888889,9.20829861111111
"1175","sc1",2021-10-04,7.77328472222222,8.99467361111111
"1176","sc1",2021-10-05,8.36097222222222,8.82720833333333
"1177","sc1",2021-10-06,7.56652777777778,8.98276388888889
"1178","sc1",2021-10-07,6.3251875,9.19216666666667
"1179","sc1",2021-10-08,5.78691666666667,9.25902083333333
"1180","sc1",2021-10-09,4.19159027777778,9.85992361111111
"1181","sc1",2021-10-10,4.35567361111111,9.77702777777778
"1182","sc1",2021-10-11,2.04190972222222,10.2248819444444
"1183","sc1",2021-10-12,0.928798611111111,10.4809236111111
"1184","sc1",2021-10-13,1.62447916666667,10.3200416666667
"1185","sc1",2021-10-14,1.91213194444444,10.3057222222222
"1186","sc1",2021-10-15,2.29635416666667,10.178125
"1187","sc1",2021-10-16,3.76292361111111,9.78841666666667
"1188","sc1",2021-10-17,4.8255,9.28954166666667
"1189","sc1",2021-10-18,3.37399305555556,9.36747916666667
"1190","sc1",2021-10-19,3.38898611111111,9.32749305555556
"1191","sc1",2021-10-20,4.93890972222222,9.12254861111111
"1192","sc1",2021-10-21,6.74461111111111,8.78086805555555
"1193","sc1",2021-10-22,6.20261111111111,7.7890625
"1194","sc1",2021-10-23,4.25302083333333,7.90378472222222
"1195","sc1",2021-10-24,4.23461805555556,8.37097222222222
"1196","sc1",2021-10-25,3.83571527777778,9.43288888888889
"1197","sc1",2021-10-26,3.85594444444444,9.44485416666667
"1198","sc1",2021-10-27,5.39806944444444,9.0016875
"1199","sc1",2021-10-28,5.14524305555556,8.95520833333333
"1200","sc1",2021-10-29,6.13510416666667,8.41586805555556
"1201","sc1",2021-10-30,5.93448611111111,8.33622916666667
"1202","sc1",2021-10-31,5.39621527777778,8.5714375
"1203","sc1",2021-11-01,5.07027777777778,8.62023611111111
"1204","sc1",2021-11-02,8.427384,8.510536
"1205","sc1",2022-05-12,5.82966233766234,9.42177922077922
"1206","sc1",2022-05-13,5.30515277777778,9.57960416666667
"1207","sc1",2022-05-14,7.70279166666667,9.02729861111111
"1208","sc1",2022-05-15,8.90725,8.74321527777778
"1209","sc1",2022-05-16,8.69055555555556,8.74495138888889
"1210","sc1",2022-05-17,7.92904166666667,8.97654861111111
"1211","sc1",2022-05-18,8.215625,8.93848611111111
"1212","sc1",2022-05-19,7.83779166666667,8.91354861111111
"1213","sc1",2022-05-20,5.15122916666667,9.55755555555556
"1214","sc1",2022-05-21,4.93188194444444,9.6150625
"1215","sc1",2022-05-22,6.23102777777778,9.36322916666667
"1216","sc1",2022-05-23,7.68818055555556,9.01919444444444
"1217","sc1",2022-05-24,7.940625,8.96511805555556
"1218","sc1",2022-05-25,9.37979166666667,8.65890972222222
"1219","sc1",2022-05-26,9.14065277777778,8.64734722222222
"1220","sc1",2022-05-27,7.89847916666667,8.88676388888889
"1221","sc1",2022-05-28,6.99479166666667,8.99871527777778
"1222","sc1",2022-05-29,4.4125625,9.63022222222222
"1223","sc1",2022-05-30,5.12518055555556,9.52476388888889
"1224","sc1",2022-05-31,6.22085416666667,9.33409722222222
"1225","sc1",2022-06-01,7.86338194444444,8.9791875
"1226","sc1",2022-06-02,8.39384722222222,8.79599305555556
"1227","sc1",2022-06-03,9.19713194444445,8.64477083333333
"1228","sc1",2022-06-04,8.49954166666667,8.71539583333333
"1229","sc1",2022-06-05,9.302625,8.59376388888889
"1230","sc1",2022-06-06,8.63156944444444,8.76045833333333
"1231","sc1",2022-06-07,8.97322222222222,8.71536111111111
"1232","sc1",2022-06-08,9.79572222222222,8.49985416666667
"1233","sc1",2022-06-09,10.3884375,8.407375
"1234","sc1",2022-06-10,10.9497083333333,8.29964583333333
"1235","sc1",2022-06-11,11.2452013888889,8.19786805555556
"1236","sc1",2022-06-12,9.056125,8.54428472222222
"1237","sc1",2022-06-13,6.38622222222222,9.22568055555556
"1238","sc1",2022-06-14,6.51883333333333,9.25360416666667
"1239","sc1",2022-06-15,7.71123611111111,8.97925
"1240","sc1",2022-06-16,9.90803472222222,8.41601388888889
"1241","sc1",2022-06-17,8.18279861111111,8.73171527777778
"1242","sc1",2022-06-18,6.22448611111111,9.23156944444444
"1243","sc1",2022-06-19,5.53708333333333,9.45053472222222
"1244","sc1",2022-06-20,6.43006944444444,9.30722222222222
"1245","sc1",2022-06-21,8.21636805555556,8.94184722222222
"1246","sc1",2022-06-22,9.62607638888889,8.60589583333333
"1247","sc1",2022-06-23,9.9966875,8.46161805555556
"1248","sc1",2022-06-24,9.82995138888889,8.51168055555556
"1249","sc1",2022-06-25,10.0264583333333,8.52057638888889
"1250","sc1",2022-06-26,11.2103402777778,8.27060416666667
"1251","sc1",2022-06-27,11.7491111111111,8.1385
"1252","sc1",2022-06-28,11.6403194444444,8.06739583333333
"1253","sc1",2022-06-29,10.5565347222222,8.08999305555556
"1254","sc1",2022-06-30,10.2911458333333,8.26465972222222
"1255","sc1",2022-07-01,10.3696319444444,8.36815277777778
"1256","sc1",2022-07-02,10.2732430555556,8.36879861111111
"1257","sc1",2022-07-03,9.85695138888889,8.44346527777778
"1258","sc1",2022-07-04,9.90034027777778,8.44361805555556
"1259","sc1",2022-07-05,10.6054722222222,8.30354166666667
"1260","sc1",2022-07-06,11.1982986111111,8.18725694444444
"1261","sc1",2022-07-07,11.2626319444444,8.19748611111111
"1262","sc1",2022-07-08,10.9645972222222,8.28694444444444
"1263","sc1",2022-07-09,11.0358958333333,8.29630555555556
"1264","sc1",2022-07-10,11.1533819444444,8.30421527777778
"1265","sc1",2022-07-11,11.7872430555556,8.14890277777778
"1266","sc1",2022-07-12,12.6439375,7.94369444444444
"1267","sc1",2022-07-13,12.8542291666667,7.88448611111111
"1268","sc1",2022-07-14,12.1326527777778,8.03160416666667
"1269","sc1",2022-07-15,12.1811944444444,8.03914583333333
"1270","sc1",2022-07-16,12.7380277777778,7.93944444444444
"1271","sc1",2022-07-17,13.1809791666667,7.81829166666667
"1272","sc1",2022-07-18,13.4764236111111,7.76616666666667
"1273","sc1",2022-07-19,13.1628541666667,7.85404166666667
"1274","sc1",2022-07-20,12.7320763888889,7.95347222222222
"1275","sc1",2022-07-21,12.404375,8.00429861111111
"1276","sc1",2022-07-22,12.1258958333333,8.02280555555556
"1277","sc1",2022-07-23,11.6713333333333,8.11717361111111
"1278","sc1",2022-07-24,11.946875,7.89495833333333
"1279","sc1",2022-07-25,12.3686666666667,7.66594444444444
"1280","sc1",2022-07-26,12.9494097222222,7.79802083333333
"1281","sc1",2022-07-27,13.3520694444444,7.81038888888889
"1282","sc1",2022-07-28,13.6127986111111,7.77293055555556
"1283","sc1",2022-07-29,13.9500347222222,7.70838194444444
"1284","sc1",2022-07-30,13.8290486111111,7.72510416666667
"1285","sc1",2022-07-31,14.8348402777778,7.5720625
"1286","sc1",2022-08-01,14.5756597222222,7.63730555555556
"1287","sc1",2022-08-02,14.0712916666667,7.69877777777778
"1288","sc1",2022-08-03,13.7664652777778,7.78660416666667
"1289","sc1",2022-08-04,14.9728333333333,7.54409722222222
"1290","sc1",2022-08-05,14.5654513888889,7.56714583333333
"1291","sc1",2022-08-06,13.5534652777778,7.7775625
"1292","sc1",2022-08-07,13.5998888888889,7.79861805555556
"1293","sc1",2022-08-08,14.3812777777778,7.62141666666667
"1294","sc1",2022-08-09,14.5713125,7.57320138888889
"1295","sc1",2022-08-10,14.329875,7.61479861111111
"1296","sc1",2022-08-11,13.4741388888889,7.77021527777778
"1297","sc1",2022-08-12,12.6614166666667,7.91859027777778
"1298","sc1",2022-08-13,11.6875138888889,8.11925
"1299","sc1",2022-08-14,11.51,8.14777083333333
"1300","sc1",2022-08-15,11.9842083333333,8.06779166666667
"1301","sc1",2022-08-16,12.3554166666667,7.99854166666667
"1302","sc1",2022-08-17,13.6461875,7.76440277777778
"1303","sc1",2022-08-18,13.6387013888889,7.72125694444444
"1304","sc1",2022-08-19,13.1840625,7.86279166666667
"1305","sc1",2022-08-20,13.3425,7.79563888888889
"1306","sc1",2022-08-21,13.5064236111111,7.8176875
"1307","sc1",2022-08-22,12.8906666666667,7.92371527777778
"1308","sc1",2022-08-23,12.3411041666667,8.00113194444444
"1309","sc1",2022-08-24,13.003875,7.8841875
"1310","sc1",2022-08-25,12.4938402777778,8.00335416666667
"1311","sc1",2022-08-26,12.0771041666667,8.07884027777778
"1312","sc1",2022-08-27,11.7132986111111,8.13596527777778
"1313","sc1",2022-08-28,11.1107916666667,8.295875
"1314","sc1",2022-08-29,11.4969166666667,8.279125
"1315","sc1",2022-08-30,12.8882430555556,8.00513888888889
"1316","sc1",2022-08-31,13.0661388888889,7.95054166666667
"1317","sc1",2022-09-01,12.3437222222222,8.05526388888889
"1318","sc1",2022-09-02,12.8699652777778,7.94265972222222
"1319","sc1",2022-09-03,14.0363263888889,7.72296527777778
"1320","sc1",2022-09-04,13.3366180555556,7.86540277777778
"1321","sc1",2022-09-05,13.9102569444444,7.76234722222222
"1322","sc1",2022-09-06,14.3241458333333,7.68599305555556
"1323","sc1",2022-09-07,14.5708402777778,7.64974305555556
"1324","sc1",2022-09-08,12.9086736111111,7.95397222222222
"1325","sc1",2022-09-09,9.95898611111111,8.54042361111111
"1326","sc1",2022-09-10,9.35815277777778,8.67902083333333
"1327","sc1",2022-09-11,10.5170208333333,8.50131944444444
"1328","sc1",2022-09-12,12.8041319444444,7.9186875
"1329","sc1",2022-09-13,11.795875,8.04175694444444
"1330","sc1",2022-09-14,9.31991666666667,8.5025625
"1331","sc1",2022-09-15,8.29407638888889,8.768375
"1332","sc1",2022-09-16,8.31260416666667,8.73621527777778
"1333","sc1",2022-09-17,8.29996527777778,8.63301388888889
"1334","sc1",2022-09-18,8.29868055555556,8.70525694444444
"1335","sc1",2022-09-19,8.62558333333333,8.66259722222222
"1336","sc1",2022-09-20,7.62597916666667,8.91727777777778
"1337","sc1",2022-09-21,7.17302083333333,9.01539583333333
"1338","sc1",2022-09-22,6.14658333333333,9.34092361111111
"1339","sc1",2022-09-23,6.82598611111111,9.20690972222222
"1340","sc1",2022-09-24,7.24665277777778,9.13638888888889
"1341","sc1",2022-09-25,7.72,9.02559027777778
"1342","sc1",2022-09-26,8.69207638888889,8.77627083333333
"1343","sc1",2022-09-27,9.67509722222222,8.55004166666667
"1344","sc1",2022-09-28,10.0111319444444,8.49627083333333
"1345","sc1",2022-09-29,8.02667361111111,8.93564583333333
"1346","sc1",2022-09-30,6.42766666666667,9.32096527777778
"1347","sc1",2022-10-01,6.21868055555556,9.34593055555556
"1348","sc1",2022-10-02,6.35424305555556,9.30547222222222
"1349","sc1",2022-10-03,6.77829166666667,9.24486111111111
"1350","sc1",2022-10-04,6.83433333333333,9.21482638888889
"1351","sc1",2022-10-05,6.91466666666667,9.20488194444444
"1352","sc1",2022-10-06,6.65250694444444,9.28178472222222
"1353","sc1",2022-10-07,6.62685416666667,9.30534027777778
"1354","sc1",2022-10-08,6.64564583333333,9.28129166666667
"1355","sc1",2022-10-09,6.72189583333333,9.24145138888889
"1356","sc1",2022-10-10,6.43096527777778,9.288625
"1357","sc1",2022-10-11,5.78525694444444,9.4689375
"1358","sc1",2022-10-12,5.47435416666667,9.63340277777778
"1359","sc1",2022-10-13,5.55429166666667,9.54490972222222
"1360","sc1",2022-10-14,5.47720833333333,9.48127777777778
"1361","sc1",2022-10-15,5.32941666666667,9.511875
"1362","sc1",2022-10-16,4.95690972222222,9.63433333333333
"1363","sc1",2022-10-17,4.38545138888889,9.79904861111111
"1364","sc1",2022-10-18,4.71771527777778,9.68576388888889
"1365","sc1",2022-10-19,4.788875,9.66207638888889
"1366","sc1",2022-10-20,4.58339583333333,9.63722916666667
"1367","sc1",2022-10-21,4.85217361111111,9.44793055555555
"1368","sc1",2022-10-22,3.8623125,9.49867361111111
"1369","sc1",2022-10-23,0.728243055555556,10.2708333333333
"1370","sc1",2022-10-24,0.852152777777778,9.92828472222222
"1371","sc1",2022-10-25,2.28658333333333,9.69182638888889
"1372","sc1",2022-10-26,1.01010416666667,10.1897152777778
"1373","sc1",2022-10-27,0.0163402777777778,10.5162916666667
"1374","sc1",2022-10-28,0.603930555555556,10.3504375
"1375","sc1",2022-10-29,0.8875,10.2945972222222
"1376","sc1",2022-10-30,0.878381944444444,10.5143819444444
"1377","sc1",2022-10-31,1.54405555555556,10.3775416666667
"1378","sc1",2022-11-01,1.3706875,10.1449861111111
"1379","sc2",2021-06-09,13.8760596774194,7.43255161290323
"1380","sc2",2021-06-13,12.8802692307692,8.07992307692308
"1381","sc2",2021-06-14,12.0057777777778,8.2631875
"1382","sc2",2021-06-15,11.1895833333333,8.4283125
"1383","sc2",2021-06-16,10.5731666666667,8.61027083333333
"1384","sc2",2021-06-17,11.9304166666667,8.30175
"1385","sc2",2021-06-18,12.3870069444444,8.18852083333333
"1386","sc2",2021-06-19,12.6740416666667,8.12731944444444
"1387","sc2",2021-06-20,13.1829166666667,8.04469444444444
"1388","sc2",2021-06-21,13.5640486111111,7.97750694444444
"1389","sc2",2021-06-22,13.1313541666667,8.04039583333333
"1390","sc2",2021-06-23,12.1917430555556,8.23065972222222
"1391","sc2",2021-06-24,12.6853611111111,8.19271527777778
"1392","sc2",2021-06-25,12.8025138888889,8.18652083333333
"1393","sc2",2021-06-26,13.4390486111111,8.06318055555556
"1394","sc2",2021-06-27,14.3313402777778,7.90481944444444
"1395","sc2",2021-06-28,14.8169722222222,7.83515277777778
"1396","sc2",2021-06-29,14.9972638888889,7.81890277777778
"1397","sc2",2021-06-30,13.9718402777778,7.93221527777778
"1398","sc2",2021-07-01,14.0664444444444,7.98588194444444
"1399","sc2",2021-07-02,14.2373958333333,7.95123611111111
"1400","sc2",2021-07-03,14.6484722222222,7.82272916666667
"1401","sc2",2021-07-04,14.0676736111111,7.89393055555556
"1402","sc2",2021-07-05,14.0270694444444,7.93613888888889
"1403","sc2",2021-07-06,14.3464513888889,7.85749305555556
"1404","sc2",2021-07-07,14.2038402777778,7.86810416666667
"1405","sc2",2021-07-08,13.4425416666667,8.00666666666667
"1406","sc2",2021-07-09,13.5856319444444,8.029125
"1407","sc2",2021-07-10,14.6500208333333,7.8395
"1408","sc2",2021-07-11,15.0763541666667,7.76388888888889
"1409","sc2",2021-07-12,15.0733541666667,7.7289375
"1410","sc2",2021-07-13,14.3489375,7.87190277777778
"1411","sc2",2021-07-14,14.1133472222222,7.88963888888889
"1412","sc2",2021-07-15,13.7539513888889,7.95891666666667
"1413","sc2",2021-07-16,13.1453611111111,8.09111805555556
"1414","sc2",2021-07-17,13.2882013888889,8.09801388888889
"1415","sc2",2021-07-18,13.7030208333333,8.10120833333333
"1416","sc2",2021-07-19,14.1536527777778,7.91551388888889
"1417","sc2",2021-07-20,14.4262291666667,7.8328125
"1418","sc2",2021-07-21,13.1712986111111,8.092625
"1419","sc2",2021-07-22,13.0396666666667,8.14047222222222
"1420","sc2",2021-07-23,13.1525,8.17884027777778
"1421","sc2",2021-07-24,13.9087430555556,8.03891666666667
"1422","sc2",2021-07-25,14.4005208333333,7.96159722222222
"1423","sc2",2021-07-26,14.4022430555556,7.91799305555556
"1424","sc2",2021-07-27,14.8038194444444,7.84433333333333
"1425","sc2",2021-07-28,13.9196597222222,8.08401388888889
"1426","sc2",2021-07-29,14.144125,8.02308333333333
"1427","sc2",2021-07-30,14.6239027777778,7.87029861111111
"1428","sc2",2021-07-31,14.3893055555556,7.8389375
"1429","sc2",2021-08-01,13.7614722222222,8.00936111111111
"1430","sc2",2021-08-02,14.0263472222222,8.00546527777778
"1431","sc2",2021-08-03,14.4942847222222,7.888375
"1432","sc2",2021-08-04,14.4239791666667,7.91108333333333
"1433","sc2",2021-08-05,13.6426388888889,7.98925694444444
"1434","sc2",2021-08-06,12.3895138888889,8.28543055555556
"1435","sc2",2021-08-07,12.8686736111111,8.20442361111111
"1436","sc2",2021-08-08,13.1274791666667,8.14854861111111
"1437","sc2",2021-08-09,12.5803472222222,8.32363194444445
"1438","sc2",2021-08-10,13.1544236111111,8.23523611111111
"1439","sc2",2021-08-11,13.7730069444444,8.11514583333333
"1440","sc2",2021-08-12,14.6312430555556,7.94396527777778
"1441","sc2",2021-08-13,14.2381180555556,8.03570833333333
"1442","sc2",2021-08-14,14.576125,7.99605555555556
"1443","sc2",2021-08-15,14.8628263888889,8.05488194444444
"1444","sc2",2021-08-16,14.9803055555556,7.88252777777778
"1445","sc2",2021-08-17,13.1657777777778,8.17270138888889
"1446","sc2",2021-08-18,10.58025,8.773125
"1447","sc2",2021-08-19,10.9135,8.59526388888889
"1448","sc2",2021-08-20,11.5002986111111,8.41852777777778
"1449","sc2",2021-08-21,11.0611458333333,8.46445138888889
"1450","sc2",2021-08-22,10.4679097222222,8.63948611111111
"1451","sc2",2021-08-23,10.9616875,8.53759027777778
"1452","sc2",2021-08-24,11.0263055555556,8.53574305555555
"1453","sc2",2021-08-25,10.8656527777778,8.61063888888889
"1454","sc2",2021-08-26,11.1693958333333,8.5675
"1455","sc2",2021-08-27,11.2519444444444,8.521125
"1456","sc2",2021-08-28,11.6999583333333,8.45284027777778
"1457","sc2",2021-08-29,11.8767222222222,8.43370833333333
"1458","sc2",2021-08-30,12.0457013888889,8.38747916666667
"1459","sc2",2021-08-31,11.3015555555556,8.50545833333333
"1460","sc2",2021-09-01,10.9946944444444,8.52711111111111
"1461","sc2",2021-09-02,10.7501736111111,8.61616666666667
"1462","sc2",2021-09-03,10.4094375,8.74075
"1463","sc2",2021-09-04,10.8090972222222,8.66083333333333
"1464","sc2",2021-09-05,11.5460833333333,8.54620138888889
"1465","sc2",2021-09-06,11.8512361111111,8.56878472222222
"1466","sc2",2021-09-07,12.5006805555556,8.41958333333333
"1467","sc2",2021-09-08,13.0041041666667,8.27890277777778
"1468","sc2",2021-09-09,13.3257430555556,8.12543055555556
"1469","sc2",2021-09-10,12.7931041666667,7.97967361111111
"1470","sc2",2021-09-11,11.7945694444444,8.33813888888889
"1471","sc2",2021-09-12,11.7768958333333,8.35513194444444
"1472","sc2",2021-09-13,11.4219513888889,8.4554375
"1473","sc2",2021-09-14,10.9557430555556,8.54446527777778
"1474","sc2",2021-09-15,10.9113819444444,8.55465972222222
"1475","sc2",2021-09-16,10.2879444444444,8.603375
"1476","sc2",2021-09-17,10.4656666666667,8.55733333333333
"1477","sc2",2021-09-18,10.6347638888889,8.44661805555556
"1478","sc2",2021-09-19,9.32468055555556,8.74575
"1479","sc2",2021-09-20,8.34393055555556,9.08226388888889
"1480","sc2",2021-09-21,9.02306944444445,8.94546527777778
"1481","sc2",2021-09-22,10.6649652777778,8.54560416666667
"1482","sc2",2021-09-23,9.94513888888889,8.7014375
"1483","sc2",2021-09-24,10.0577569444444,8.65366666666667
"1484","sc2",2021-09-25,10.2243194444444,8.58699305555556
"1485","sc2",2021-09-26,10.6436180555556,8.47418055555556
"1486","sc2",2021-09-27,9.79598611111111,8.63263888888889
"1487","sc2",2021-09-28,7.9443125,9.02686111111111
"1488","sc2",2021-09-29,6.94604166666667,9.34425694444444
"1489","sc2",2021-09-30,7.54592361111111,9.23425694444444
"1490","sc2",2021-10-01,7.89613888888889,9.13959027777778
"1491","sc2",2021-10-02,8.70992361111111,8.959875
"1492","sc2",2021-10-03,8.808375,8.92650694444444
"1493","sc2",2021-10-04,9.07427083333333,8.83736111111111
"1494","sc2",2021-10-05,9.6625625,8.68054166666667
"1495","sc2",2021-10-06,9.13636111111111,8.77272222222222
"1496","sc2",2021-10-07,8.02583333333333,8.93102083333333
"1497","sc2",2021-10-08,7.65422916666667,9.05394444444445
"1498","sc2",2021-10-09,6.29997222222222,9.48009722222222
"1499","sc2",2021-10-10,6.58115277777778,9.39330555555556
"1500","sc2",2021-10-11,4.38081944444444,9.84827777777778
"1501","sc2",2021-10-12,3.41644444444444,10.1062430555556
"1502","sc2",2021-10-13,4.48776388888889,9.82940277777778
"1503","sc2",2021-10-14,4.59261805555556,9.88950694444445
"1504","sc2",2021-10-15,4.78922916666667,9.87620833333333
"1505","sc2",2021-10-16,6.01872916666667,9.517375
"1506","sc2",2021-10-17,6.89042361111111,9.13950694444445
"1507","sc2",2021-10-18,5.72746527777778,9.34716666666667
"1508","sc2",2021-10-19,5.63280555555556,9.17378472222222
"1509","sc2",2021-10-20,6.941625,8.65129861111111
"1510","sc2",2021-10-21,8.49870138888889,8.33176388888889
"1511","sc2",2021-10-22,7.82477083333333,7.71884722222222
"1512","sc2",2021-10-23,6.10246527777778,8.93740972222222
"1513","sc2",2021-10-24,5.82725,8.94822916666667
"1514","sc2",2021-10-25,5.12763888888889,9.52679166666667
"1515","sc2",2021-10-26,5.28455555555556,9.609125
"1516","sc2",2021-10-27,6.81772916666667,9.30147916666667
"1517","sc2",2021-10-28,6.71678472222222,9.29952777777778
"1518","sc2",2021-10-29,7.61447222222222,8.943375
"1519","sc2",2021-10-30,7.38652083333333,8.95254861111111
"1520","sc2",2021-10-31,6.85032638888889,9.0566875
"1521","sc2",2021-11-01,6.72400694444444,9.09228472222222
"1522","sc2",2021-11-02,8.95037704918033,8.81876229508197
"1523","sc2",2022-07-05,10.4816769230769,8.13758461538461
"1524","sc2",2022-07-06,9.49159027777778,8.35130555555556
"1525","sc2",2022-07-07,9.46307638888889,8.36875694444444
"1526","sc2",2022-07-08,9.280625,8.42224305555555
"1527","sc2",2022-07-09,9.32833333333333,8.44265277777778
"1528","sc2",2022-07-10,9.45173611111111,8.43902777777778
"1529","sc2",2022-07-11,9.85504166666667,8.33590277777778
"1530","sc2",2022-07-12,10.5055972222222,8.17365972222222
"1531","sc2",2022-07-13,10.2695625,8.20856944444444
"1532","sc2",2022-07-14,10.0817569444444,8.26305555555555
"1533","sc2",2022-07-15,10.0771666666667,8.28379166666667
"1534","sc2",2022-07-16,10.5112777777778,8.20572916666667
"1535","sc2",2022-07-17,10.8244791666667,8.15759027777778
"1536","sc2",2022-07-18,10.6934722222222,8.20697916666667
"1537","sc2",2022-07-19,10.4305347222222,8.32583333333333
"1538","sc2",2022-07-20,10.3951180555556,8.33523611111111
"1539","sc2",2022-07-21,10.2123888888889,8.36429861111111
"1540","sc2",2022-07-22,10.0221597222222,8.38135416666667
"1541","sc2",2022-07-23,9.77752777777778,8.40865972222222
"1542","sc2",2022-07-24,9.97009027777778,8.44899305555556
"1543","sc2",2022-07-25,10.2470763888889,8.4508125
"1544","sc2",2022-07-26,10.632625,8.28979861111111
"1545","sc2",2022-07-27,10.8201111111111,8.32933333333333
"1546","sc2",2022-07-28,11.1308541666667,8.21506944444444
"1547","sc2",2022-07-29,11.1902847222222,8.27970138888889
"1548","sc2",2022-07-30,11.0434930555556,8.44704166666667
"1549","sc2",2022-07-31,11.7525763888889,7.97666666666667
"1550","sc2",2022-08-01,11.2637569444444,8.17507638888889
"1551","sc2",2022-08-02,10.6335486111111,8.20582638888889
"1552","sc2",2022-08-03,11.0542222222222,8.15795833333333
"1553","sc2",2022-08-04,11.7280763888889,8.01797222222222
"1554","sc2",2022-08-05,11.1711805555556,8.14229861111111
"1555","sc2",2022-08-06,10.3035694444444,8.33645138888889
"1556","sc2",2022-08-07,10.9494791666667,8.271625
"1557","sc2",2022-08-08,11.5573125,8.26277777777778
"1558","sc2",2022-08-09,11.4200416666667,8.31025694444445
"1559","sc2",2022-08-10,11.2584513888889,8.04764583333333
"1560","sc2",2022-08-11,10.9309513888889,8.08857638888889
"1561","sc2",2022-08-12,10.5985833333333,8.15761111111111
"1562","sc2",2022-08-13,9.85811111111111,8.29908333333333
"1563","sc2",2022-08-14,9.94871527777778,8.28768055555556
"1564","sc2",2022-08-15,10.3582083333333,8.20225
"1565","sc2",2022-08-16,10.5045625,8.20384027777778
"1566","sc2",2022-08-17,11.2812430555556,8.11600694444444
"1567","sc2",2022-08-18,11.1800277777778,8.07803472222222
"1568","sc2",2022-08-19,11.2313333333333,8.15926388888889
"1569","sc2",2022-08-20,11.2946111111111,8.14015277777778
"1570","sc2",2022-08-21,11.4653611111111,8.18726388888889
"1571","sc2",2022-08-22,11.0292777777778,8.31863194444444
"1572","sc2",2022-08-23,10.7129652777778,8.42541666666667
"1573","sc2",2022-08-24,11.0820694444444,8.341625
"1574","sc2",2022-08-25,10.7324583333333,8.46368055555556
"1575","sc2",2022-08-26,10.5154861111111,8.28581944444444
"1576","sc2",2022-08-27,9.9150625,8.45163888888889
"1577","sc2",2022-08-28,9.63448611111111,8.57226388888889
"1578","sc2",2022-08-29,10.1832638888889,8.49167361111111
"1579","sc2",2022-08-30,11.1019305555556,8.27990277777778
"1580","sc2",2022-08-31,11.1390763888889,8.252625
"1581","sc2",2022-09-01,10.6342916666667,8.30502083333333
"1582","sc2",2022-09-02,11.1545416666667,8.23680555555556
"1583","sc2",2022-09-03,11.7727361111111,8.12088194444445
"1584","sc2",2022-09-04,11.4877986111111,8.25193055555556
"1585","sc2",2022-09-05,11.7139652777778,8.20249305555556
"1586","sc2",2022-09-06,12.0364861111111,8.17577777777778
"1587","sc2",2022-09-07,12.1363333333333,8.24166666666667
"1588","sc2",2022-09-08,11.006375,8.32584027777778
"1589","sc2",2022-09-09,8.84438194444444,8.72260416666667
"1590","sc2",2022-09-10,8.78172916666667,8.67620833333333
"1591","sc2",2022-09-11,9.83378472222222,8.61181944444444
"1592","sc2",2022-09-12,10.9005763888889,8.355875
"1593","sc2",2022-09-13,9.80024305555555,8.38023611111111
"1594","sc2",2022-09-14,8.19241666666667,8.84750694444444
"1595","sc2",2022-09-15,7.46875,9.121
"1596","sc2",2022-09-16,7.76073611111111,8.95290277777778
"1597","sc2",2022-09-17,7.72128472222222,8.88108333333333
"1598","sc2",2022-09-18,7.49011111111111,8.95753472222222
"1599","sc2",2022-09-19,7.74577083333333,8.86427083333333
"1600","sc2",2022-09-20,7.09396527777778,8.9661875
"1601","sc2",2022-09-21,6.37244444444444,9.2194375
"1602","sc2",2022-09-22,5.8373125,9.45954861111111
"1603","sc2",2022-09-23,6.58095138888889,9.1275
"1604","sc2",2022-09-24,6.84045138888889,9.14761805555556
"1605","sc2",2022-09-25,7.22697222222222,9.08509027777778
"1606","sc2",2022-09-26,8.02123611111111,8.91036805555555
"1607","sc2",2022-09-27,8.59122222222222,8.75625694444444
"1608","sc2",2022-09-28,8.55904166666667,8.79425694444445
"1609","sc2",2022-09-29,6.95995833333333,9.03990972222222
"1610","sc2",2022-09-30,5.933375,9.20944444444445
"1611","sc2",2022-10-01,5.98459722222222,9.26809027777778
"1612","sc2",2022-10-02,6.2968125,9.21676388888889
"1613","sc2",2022-10-03,6.51697916666667,9.21115972222222
"1614","sc2",2022-10-04,6.73574305555556,9.16615277777778
"1615","sc2",2022-10-05,6.69694444444444,9.17284027777778
"1616","sc2",2022-10-06,6.72093055555556,9.18401388888889
"1617","sc2",2022-10-07,6.56485416666667,9.21289583333333
"1618","sc2",2022-10-08,6.49072916666667,9.23184027777778
"1619","sc2",2022-10-09,6.63624305555556,9.17677083333333
"1620","sc2",2022-10-10,6.32340972222222,9.18234722222222
"1621","sc2",2022-10-11,5.71573611111111,9.362875
"1622","sc2",2022-10-12,5.55529861111111,9.44901388888889
"1623","sc2",2022-10-13,5.6253125,9.42486111111111
"1624","sc2",2022-10-14,5.48624305555556,9.41207638888889
"1625","sc2",2022-10-15,5.34719444444444,9.44880555555556
"1626","sc2",2022-10-16,5.02705555555556,9.55831944444444
"1627","sc2",2022-10-17,4.75805555555556,9.65046527777778
"1628","sc2",2022-10-18,4.93785416666667,9.67982638888889
"1629","sc2",2022-10-19,4.95590277777778,9.60965972222222
"1630","sc2",2022-10-20,4.66872916666667,9.64349305555556
"1631","sc2",2022-10-21,5.06272222222222,9.46059027777778
"1632","sc2",2022-10-22,3.52661111111111,9.59257638888889
"1633","sc2",2022-10-23,1.42300694444444,10.1809513888889
"1634","sc2",2022-10-24,1.89030555555556,10.1441388888889
"1635","sc2",2022-10-25,3.08247222222222,9.62667361111111
"1636","sc2",2022-10-26,1.73872222222222,9.95847916666667
"1637","sc2",2022-10-27,0.801034722222222,10.2678819444444
"1638","sc2",2022-10-28,2.18527777777778,9.94784027777778
"1639","sc2",2022-10-29,2.22091666666667,9.93835416666667
"1640","sc2",2022-10-30,2.2406875,9.9599375
"1641","sc2",2022-10-31,3.04404166666667,9.69603472222222
"1642","sc2",2022-11-01,1.78433333333333,9.82354166666667
