fid,cat,field_1,stream,channel_type,latitude,longitude,max_depth_m,lwd_total,total_shade,undercut_bank_m,dominant_substrate,river_m
"1","1","1",Mahogany Creek,scour_pool,41.5338646436792,-119.049556610072,0.27,"0","23",3.5,sand,1701.77190319349
"2","2","2",Mahogany Creek,run,41.5338552148522,-119.0495802857,0.17,"0","5",0,sand,1699.50770075684
"3","3","3",Mahogany Creek,mid-channel,41.5338640028765,-119.049592549927,0.27,"0","13",1.4,sand,1698.84770836083
"4","4","4",Mahogany Creek,run,41.5339000093817,-119.049593687034,0.23,"0","3",3.75,sand,1700.106603703
"5","5","5",Mahogany Creek,riffle,41.5339831599916,-119.049476445795,0.17,"0","18",0.36,sand,1712.68644972867
"6","6","6",Mahogany Creek,run,41.5339750127193,-119.049428241641,0.27,"0","24",1.63,sand,1716.27064928162
"7","7","7",Mahogany Creek,riffle,41.5339126420807,-119.049390311975,0.31,"0","7",0.45,sand,1716.99177440247
"8","8","8",Mahogany Creek,scour_pool,41.5338856371984,-119.049389459229,0.22,"0","23",1.3,sand,1716.04759160452
"9","9","9",Mahogany Creek,run,41.5338946388258,-119.049389743478,0.26,"0","17",8.5,sand,1716.36231820309
"10","10","10",Mahogany Creek,scour_pool,41.533940928433,-119.049319284918,0.46,"0","15",2.5,sand,1723.7843429624
"11","11","11",Mahogany Creek,run,41.5339582909586,-119.04935579331,0.37,"0","25",5.5,sand,1721.48959158634
"12","12","12",Mahogany Creek,scour_pool,41.5340397327613,-119.049334391545,0.37,"0","29",6.5,sand,1726.27159059622
"13","13","13",Mahogany Creek,run,41.5340303039782,-119.049358067271,0.33,"0","23",0,gravel,1724.00741126247
"14","14","14",Mahogany Creek,run,41.534084954475,-119.049323832765,0.32,"0","4",3,sand,1728.81997591257
"15","15","15",Mahogany Creek,scour_pool,41.534105093426,-119.049204601265,0.36,"0","21",2.5,sand,1762.65490610611
"16","16","16",Mahogany Creek,run,41.534096518922,-119.049180357046,0.26,"0","30",0.8,sand,1762.53123999051
"17","17","17",Mahogany Creek,scour_pool,41.5340607259686,-119.049167240169,0.35,"0","17",0.5,sand,1759.21646406185
"18","18","18",Mahogany Creek,run,41.5340418684651,-119.04921459168,0.34,"0","8",2.3,sand,1736.01892173856
"19","19","19",Mahogany Creek,mid-channel,41.5340060755155,-119.049201474797,0.44,"0","14",5.5,sand,1735.73474032774
"20","20","20",Mahogany Creek,run,41.5340350024154,-119.049094507592,0.26,"0","28",0,sand,1758.84558779146
"21","21","21",Mahogany Creek,scour_pool,41.5421971403054,-119.03783156261,0.3,"0","28",4.05,sand,3208.80602973119
"22","22","22",Mahogany Creek,run,41.542215143664,-119.037832128068,0.29,"0","13",6.8,sand,3210.70904482245
"23","23","23",Mahogany Creek,run,41.5421898378828,-119.037735427272,0.32,"0","21",18.5,sand,3210.54000053937
"24","24","24",Mahogany Creek,mid-channel,41.5422468214747,-119.037569381339,0.29,"0","28",2.2,sand,3220.94887520744
"25","25","25",Mahogany Creek,run,41.5422648248361,-119.037569946725,0.24,"0","34",11,sand,3222.85188089881
"26","26","26",Mahogany Creek,scour_pool,41.5423998500446,-119.037574187135,0.26,"0","26",1,sand,3227.38067805002
"27","27","27",Mahogany Creek,run,41.5424174286303,-119.037598715765,0.24,"0","81",0,sand,3227.38067805002
"28","28","28",Mahogany Creek,mid-channel,41.5424727130245,-119.037528522178,0.28,"0","86",0.5,sand,3227.38067805002
"29","29","29",Mahogany Creek,run,41.5424557715557,-119.037468048662,0.2,"0","92",3.1,sand,3232.16960031975
"30","30","30",Mahogany Creek,riffle,41.5423571778109,-119.037440975962,0.22,"0","12",10.4,sand,3233.83220696715
"31","31","31",Mahogany Creek,mid-channel,41.5424284711617,-119.036975671364,0.29,"0","1",0,sand,3273.06507063426
"32","32","32",Mahogany Creek,plunge_pool,41.5424580240127,-119.036832739615,0.54,"1","79",0,sand,3285.16280724509
"33","33","33",Mahogany Creek,riffle,41.5424689364298,-119.03672518749,0.27,"0","18",2,sand,3294.19758062629
"34","34","34",Mahogany Creek,scour_pool,41.542479848747,-119.036617635326,0.29,"0","48",4.5,sand,3303.2324198864
"35","35","35",Mahogany Creek,riffle,41.5424995503743,-119.036522347313,0.15,"0","1",4,sand,3311.29755031655
"36","36","36",Mahogany Creek,mid-channel,41.5425117360761,-119.03634290518,0.37,"0","1",2.1,sand,3332.45713158816
"37","37","37",Mahogany Creek,riffle,41.542513221854,-119.036259033651,0.14,"0","34",0.33,gravel,3338.95629518733
"38","38","38",Mahogany Creek,mid-channel,41.5425320742183,-119.036211672074,0.41,"0","5",2.5,sand,3343.59143663945
"39","39","39",Mahogany Creek,run,41.5425419248755,-119.036164027969,0.23,"0","54",0.4,sand,3347.76612586211
"40","40","40",Mahogany Creek,run,41.5445073218962,-119.029943642693,0.3,"1","12",7.1,sand,3931.68853841044
"41","41","41",Mahogany Creek,riffle,41.5444292686845,-119.029773359101,0.28,"0","33",0,sand,3948.0243421777
"42","42","42",Mahogany Creek,run,41.5444305381528,-119.029701466802,0.24,"3","76",4.3,sand,3953.85925977449
"43","43","43",Mahogany Creek,riffle,41.544470141625,-119.029498898312,0.18,"5","71",6,sand,3969.18247635908
"44","44","44",Mahogany Creek,mid-channel,41.5444814703595,-119.029367377233,0.28,"0","35",2.8,sand,3979.57766429132
"45","45","45",Mahogany Creek,riffle,41.5445193810607,-119.02926066492,0.12,"2","81",6,sand,3987.12098068009
"46","46","46",Mahogany Creek,debris_pool,41.5445281712549,-119.029272928555,0.24,"2","79",2.5,sand,3985.84618884651
"47","47","47",Mahogany Creek,riffle,41.5444291522953,-119.02926983135,0.2,"2","0",5,sand,3989.17136060795
"48","48","48",Mahogany Creek,scour_pool,41.5442516560645,-119.029120415861,0.4,"1","56",2.5,sand,4006.8870961327
"49","49","49",Mahogany Creek,riffle,41.5443632723155,-119.028920099638,0.28,"0","50",3.2,gravel,4037.23407011942
"50","50","50",Mahogany Creek,scour_pool,41.5443281113718,-119.028871045434,0.31,"0","50",4.5,sand,4040.79489733947
"51","51","51",Mahogany Creek,run,41.5443019521321,-119.028822272783,0.31,"0","37",17.5,sand,4044.46447705041
"52","52","52",Mahogany Creek,riffle,41.5443047012947,-119.028666506344,0.18,"0","38",2.5,gravel,4057.452394218
"53","53","53",Mahogany Creek,run,41.5442442266995,-119.028520751712,0.28,"0","44",8,sand,4068.67895944676
"54","54","54",Mahogany Creek,riffle,41.5442641331609,-119.028413476372,0.2,"2","52",2,sand,4077.8882616757
"55","55","55",Mahogany Creek,mid-channel,41.544294521221,-119.028222608141,0.35,"1","37",3.5,sand,4094.19992376952
"56","56","56",Mahogany Creek,run,41.5443131589342,-119.028187224857,0.26,"2","21",6.5,sand,4097.4149053391
"57","57","57",Mahogany Creek,debris_pool,41.5444358892231,-119.027867367522,0.24,"0","90",0,sand,4125.80505718778
"58","58","58",Mahogany Creek,scour_pool,41.5444453137187,-119.027843684758,0.4,"1","60",1.5,sand,4127.912049055
"59","59","60",Mahogany Creek,mid-channel,41.5425456818978,-119.006241278242,0.17,"2","83",6,sand,6069.38799742316
"60","60","61",Mahogany Creek,scour_pool,41.5424747126547,-119.006179142126,0.32,"0","93",2.25,sand,6078.39756354999
"61","61","62",Mahogany Creek,riffle,41.5425473548349,-119.006145423235,0.27,"1","97",8.85,sand,6076.23950484947
"62","62","63",Mahogany Creek,scour_pool,41.5424041615888,-119.006093042447,0.23,"0","97",4.5,sand,6089.11979431098
"63","63","64",Mahogany Creek,riffle,41.5423861578779,-119.006092485789,0.13,"4","100",17,sand,6090.30164481888
"64","64","65",Mahogany Creek,mid-channel,41.5422645228312,-119.005836970869,0.23,"1","97",2.7,sand,6116.55920056287
"65","65","66",Mahogany Creek,riffle,41.5422739428436,-119.005813285505,0.17,"0","91",2,gravel,6117.68116694451
"66","66","67",Mahogany Creek,scour_pool,41.5422471463476,-119.005800468815,0.36,"0","81",3.25,sand,6120.31027358325
"67","67","68",Mahogany Creek,riffle,41.5422393989174,-119.005728299594,0.12,"0","92",3,sand,6126.03969321506
"68","68","69",Mahogany Creek,scour_pool,41.5422393989174,-119.005728299594,0.44,"0","87",7.5,sand,6126.03969321506
"69","69","70",Mahogany Creek,riffle,41.5421765949795,-119.005714369848,0.19,"1","92",0,sand,6131.03249293191
"70","70","71",Mahogany Creek,mid-channel,41.542104998244,-119.005688180061,0.27,"1","95",0.65,sand,6137.47261766974
"71","71","72",Mahogany Creek,riffle,41.5421144182252,-119.005664494731,0.09,"6","69",7.5,sand,6138.59455580869
"72","72","73",Mahogany Creek,scour_pool,41.5419354263365,-119.005599020584,0.24,"1","93",3.6,sand,6154.69486555055
"73","73","74",Mahogany Creek,riffle,41.5419354263365,-119.005599020584,0.14,"1","81",3.5,sand,6154.69486555055
"74","74","75",Mahogany Creek,run,41.541928305901,-119.005490906431,0.23,"0","93",0,sand,6162.99357779519
"75","75","76",Mahogany Creek,riffle,41.5419203492327,-119.005430719362,0.21,"5","92",14.5,sand,6167.86657653191
"76","76","77",Mahogany Creek,scour_pool,41.5416090465178,-119.00520531054,0.31,"0","81",0.3,sand,6203.96390250868
"77","77","78",Mahogany Creek,riffle,41.5415816229102,-119.005228439356,0.16,"0","83",4,sand,6204.02380642093
"78","78","79",Mahogany Creek,run,41.5415552443575,-119.005191659653,0.21,"3","79",7.3,sand,6208.36578804699
"79","79","80",Mahogany Creek,scour_pool,41.532078239842,-118.993391894111,0.55,"1","27",6,sand,7963.81958331715
"80","80","81",Mahogany Creek,riffle,41.532133290181,-118.993333652678,0.14,"1","90",6,gravel,7971.69287088706
"81","81","82",Mahogany Creek,scour_pool,41.5321795462787,-118.993263154637,0.24,"0","92",3.5,gravel,7979.80385803859
"82","82","83",Mahogany Creek,riffle,41.5322245559885,-118.993264536891,0.15,"1","92",6.5,gravel,7982.84200644837
"83","83","84",Mahogany Creek,scour_pool,41.5322523927177,-118.993217445961,0.32,"1","55",0.77,sand,7988.04686273076
"84","84","85",Mahogany Creek,riffle,41.5322260100551,-118.993180676428,0.17,"2","99",3.25,sand,7988.76046238781
"85","85","86",Mahogany Creek,scour_pool,41.5322890236514,-118.993182611508,0.22,"2","63",6.15,sand,7993.01382430419
"86","86","87",Mahogany Creek,riffle,41.5323696256877,-118.993209059662,0.11,"0","92",8,sand,7996.79151244871
"87","87","88",Mahogany Creek,run,41.532344281604,-118.993112389622,0.23,"3","93",3,sand,8001.73252773388
"88","88","89",Mahogany Creek,scour_pool,41.5324165048567,-118.993102620973,0.32,"1","71",1,sand,8007.43907631375
"89","89","90",Mahogany Creek,riffle,41.5324169202784,-118.993078660769,0.17,"2","90",2,sand,8009.13004770556
"90","90","91",Mahogany Creek,scour_pool,41.532608453512,-118.992940704112,0.26,"1","42",0,sand,8032.03617954903
"91","91","92",Mahogany Creek,riffle,41.5326356670368,-118.992929553198,0.1,"4","94",15,sand,8034.70452786675
"92","92","93",Mahogany Creek,mid-channel,41.5329050302559,-118.992458361321,0.21,"1","72",1.5,sand,8075.29024164787
"93","93","94",Mahogany Creek,riffle,41.5329506629182,-118.992423802436,0.21,"1","85",0,sand,8079.16274319098
"94","94","95",Mahogany Creek,mid-channel,41.5329508705611,-118.99241182223,0.22,"0","81",0,sand,8080.15729432972
"95","95","96",Mahogany Creek,riffle,41.5329717813235,-118.99224465197,0.12,"3","87",11,sand,8094.44050234548
"96","96","97",Mahogany Creek,scour_pool,41.532837790231,-118.992180606297,0.37,"0","87",8,sand,8096.75254754858
"97","97","98",Mahogany Creek,riffle,41.5328197863372,-118.992180053684,0.21,"5","84",9,sand,8096.39745540058
"98","98","99",Mahogany Creek,mid-channel,41.5329438699524,-118.99177631864,0.2,"2","81",3,sand,8131.8176541977
"99","99","100",Mahogany Creek,mid-channel,41.5325881493118,-118.988912611862,0.08,"0","81",5,sand,8402.12706833619
"100","100","101",Mahogany Creek,riffle,41.5326321227388,-118.988973891982,0.04,"0","89",0.29,gravel,8398.49775435951
"101","101","102",Mahogany Creek,mid-channel,41.532715213193,-118.988856572853,0.09,"2","90",0.5,sand,8410.68168476299
"102","102","103",Mahogany Creek,riffle,41.5327503919592,-118.988905597012,0.07,"2","68",2,sand,8407.77812089989
"103","103","104",Mahogany Creek,scour_pool,41.5328244803832,-118.988788001748,0.14,"0","97",1.9,sand,8419.70308692121
"104","104","105",Mahogany Creek,riffle,41.5327520501289,-118.988809755452,0.08,"1","98",7.3,sand,8415.65894689481
"105","105","106",Mahogany Creek,scour_pool,41.5326078114135,-118.988817322219,0.13,"2","96",3,sand,8410.52620670282
"106","106","107",Mahogany Creek,riffle,41.5325718035507,-118.988816218867,0.05,"1","92",22.5,sand,8409.4892343153
"107","107","108",Mahogany Creek,scour_pool,41.5325376610304,-118.988707294112,0.17,"1","92",5.5,sand,8417.31823410488
"108","108","109",Mahogany Creek,riffle,41.5325376610304,-118.988707294112,0.09,"0","89",9.5,sand,8417.31823410488
"109","109","110",Mahogany Creek,scour_pool,41.5325372465185,-118.988731254425,0.13,"0","93",0.79,sand,8415.34807604394
"110","110","111",Mahogany Creek,run,41.5326025400404,-118.988601403353,0.13,"0","85",3.91,sand,8427.99866540135
"111","111","112",Mahogany Creek,riffle,41.5326121637336,-118.988565738648,0.09,"2","89",15,sand,8431.21318998973
"112","112","113",Mahogany Creek,scour_pool,41.5327781364994,-118.988343079285,0.13,"1","89",2.2,sand,8454.59618482962
"113","113","114",Mahogany Creek,riffle,41.5327873456845,-118.988331374854,0.07,"0","87",6,sand,8455.84055975319
"114","114","115",Mahogany Creek,riffle,41.5328810950715,-118.988118488571,0.07,"0","87",6,sand,8480.28462440942
"115","115","116",Mahogany Creek,run,41.532833806012,-118.98824889222,0.09,"0","79",1.5,sand,8467.83091923874
"116","116","117",Mahogany Creek,riffle,41.5328258400683,-118.988188715392,0.06,"0","89",5,sand,8472.20789594608
"117","117","118",Mahogany Creek,scour_pool,41.5328632983273,-118.988105956862,0.18,"1","82",2,sand,8480.45408014891
"118","118","119",Mahogany Creek,riffle,41.5328817166501,-118.988082547897,0.18,"0","91",4,sand,8483.14631274047
"119","119","120",Summer Camp Creek,riffle,41.5300212543119,-118.988390474899,0.12,"0","76",4.5,sand,231.948421022387
"120","120","121",Summer Camp Creek,scour_pool,41.5300305775668,-118.987851388514,0.26,"1","94",1,sand,265.536673702287
"121","121","122",Summer Camp Creek,riffle,41.5300496172787,-118.987792041354,0.11,"4","84",15,sand,267.821956935236
"122","122","123",Summer Camp Creek,scour_pool,41.5298812725646,-118.987631067864,0.21,"0","83",1.9,sand,289.418488716591
"123","123","124",Summer Camp Creek,riffle,41.5298362626823,-118.987629689629,0.11,"4","90",18,sand,292.056287934085
"124","124","125",Summer Camp Creek,mid-channel,41.5296233220504,-118.987443379734,0.15,"4","88",3.2,sand,318.124028299756
"125","125","126",Summer Camp Creek,riffle,41.5296509493126,-118.987408267691,0.09,"3","85",4.2,sand,319.222781331572
"126","126","127",Summer Camp Creek,mid-channel,41.5296073891433,-118.987323032242,0.26,"1","92",1,sand,328.117038425846
"127","127","128",Summer Camp Creek,riffle,41.529571381229,-118.987321929835,0.07,"0","95",1.2,sand,330.227155512202
"128","128","129",Summer Camp Creek,scour_pool,41.5295449965821,-118.987285164186,0.16,"1","86",0,sand,334.491177192296
"129","129","130",Summer Camp Creek,riffle,41.5295156933667,-118.988458890077,0.07,"2","88",1.5,sand,267.235619564443
"130","130","131",Summer Camp Creek,run,41.5295625863481,-118.987309674615,0.2,"1","94",2.5,sand,331.648507564481
"131","131","132",Summer Camp Creek,riffle,41.5295630005397,-118.987285715379,0.08,"1","84",4,sand,333.436111827116
"132","132","133",Summer Camp Creek,plunge_pool,41.5296266356705,-118.987251705668,0.21,"1","84",1,sand,332.424606519409
"133","133","134",Summer Camp Creek,riffle,41.5295370300595,-118.987224990523,0.14,"7","78",9.5,sand,339.487666311611
"134","134","135",Summer Camp Creek,mid-channel,41.5293456126495,-118.986835581084,0.18,"2","74",3.05,sand,379.694723386928
"135","135","136",Summer Camp Creek,riffle,41.529283012868,-118.986809693223,0.09,"3","76",6.5,sand,385.175103266532
"136","136","137",Summer Camp Creek,scour_pool,41.5293474760202,-118.986727764847,0.17,"0","91",1.7,sand,387.738796809279
"137","137","138",Summer Camp Creek,run,41.5292492823445,-118.986676815909,0.03,"2","100",7,sand,397.116894601656
"138","138","139",Summer Camp Creek,scour_pool,41.5292226904534,-118.986652030263,0.13,"1","90",1.3,sand,400.487120509641
"139","139","140",Summer Camp Creek,scour_pool,41.5045984842512,-118.9798482952,0.23,"0","97",0,sand,3408.22022420814
"140","140","141",Summer Camp Creek,riffle,41.504580480134,-118.979847746551,0.11,"1","80",0,sand,3409.86763060521
"141","141","142",Summer Camp Creek,rapid,41.5045371195509,-118.979750574461,0.13,"4","72",0,sand,3418.95777696926
"142","142","143",Summer Camp Creek,riffle,41.5042754412015,-118.979778544532,0.1,"4","95",8,gravel,3440.98215879622
"143","143","144",Summer Camp Creek,scour_pool,41.5041424723423,-118.97965468,0.17,"0","88",1.25,sand,3459.55252313208
"144","144","145",Summer Camp Creek,riffle,41.5041962785058,-118.979668300761,0.13,"0","87",0.5,sand,3453.98865944011
"145","145","146",Summer Camp Creek,mid-channel,41.5040505959188,-118.979759711797,0.19,"1","90",0,sand,3462.19718453296
"146","146","147",Summer Camp Creek,rapid,41.5040874289804,-118.979712909123,0.11,"2","85",0.5,sand,3461.38788757261
"147","147","148",Summer Camp Creek,plunge_pool,41.5039959649314,-118.979793990833,0.17,"2","85",1.5,sand,3465.27543054568
"148","148","149",Summer Camp Creek,riffle,41.5039963773511,-118.979770040914,0.13,"0","73",4,sand,3466.51826443097
"149","149","150",Summer Camp Creek,scour_pool,41.5038797629837,-118.979742525041,0.21,"0","81",0,sand,3478.46978065401
"150","150","151",Summer Camp Creek,riffle,41.5038875277895,-118.97981464898,0.13,"0","67",1.8,sand,3473.91750625088
"151","151","152",Summer Camp Creek,rapid,41.5036835734383,-118.979628716279,0.14,"1","70",6.3,sand,3502.18494097679
"152","152","153",Summer Camp Creek,mid-channel,41.5034875899382,-118.979502933356,0.12,"1","84",0.3,sand,3526.52150763944
"153","153","154",Summer Camp Creek,rapid,41.5035954085031,-118.979518199449,0.12,"2","70",10.5,sand,3516.01516099906
"154","154","155",Summer Camp Creek,riffle,41.5035266907319,-118.979324407298,0.1,"2","69",1,sand,3532.54781376446
"155","155","156",Summer Camp Creek,scour_pool,41.5034550865438,-118.97929826364,0.15,"1","83",1.1,sand,3540.3806027245
"156","156","157",Summer Camp Creek,rapid,41.5034008680058,-118.979308593068,0.13,"1","77",3.2,sand,3544.70163185664
"157","157","158",Summer Camp Creek,scour_pool,41.5034500012433,-118.979070467016,0.13,"3","75",1,sand,3553.01132240308
"158","158","159",Summer Camp Creek,rapid,41.5033208802072,-118.979246250734,0.13,"0","87",0,sand,3555.22242930851
"159","159","161",Summer Camp Creek,riffle,41.4962732112475,-118.977929453108,0.14,"2","75",7.5,sand,4372.63727588946
"160","160","162",Summer Camp Creek,plunge_pool,41.4961134395241,-118.977792812776,0.17,"1","88",0,sand,4393.85680505894
"161","161","163",Summer Camp Creek,riffle,41.4960966711608,-118.977720423748,0.14,"3","97",11,sand,4398.14165656805
"162","162","164",Summer Camp Creek,plunge_pool,41.4959440476614,-118.977691819661,0.25,"0","89",1.5,sand,4414.79908938847
"163","163","165",Summer Camp Creek,rapid,41.4959810857816,-118.977633047944,0.16,"2","70",8.5,sand,4413.08619885111
"164","164","166",Summer Camp Creek,plunge_pool,41.4956293866287,-118.977658284865,0.18,"2","79",1.5,sand,4445.28403488136
"165","165","167",Summer Camp Creek,plunge_pool,41.4956201785885,-118.977669984362,0.15,"0","90",0,sand,4446.04174259888
"166","166","168",Summer Camp Creek,plunge_pool,41.4956756327611,-118.977587813892,0.18,"0","92",1,sand,4441.71749288539
"167","167","169",Summer Camp Creek,rapid,41.4956310342292,-118.977562497395,0.16,"3","88",18.25,sand,4447.06602026526
"168","168","170",Summer Camp Creek,plunge_pool,41.4953896254334,-118.977459314423,0.31,"0","74",0.75,sand,4484.0362801128
"169","169","171",Summer Camp Creek,rapid,41.4954166316914,-118.97746013614,0.13,"1","65",3,sand,4472.3834041141
"170","170","173",Summer Camp Creek,rapid,41.4954268693567,-118.977388569661,0.15,"0","83",8,sand,4472.73936650554
"171","171","174",Summer Camp Creek,plunge_pool,41.4952478572356,-118.977323224939,0.22,"0","78",0.5,sand,4526.5372836541
"172","172","175",Summer Camp Creek,rapid,41.4953119014239,-118.977265275253,0.14,"1","80",3.5,sand,4527.17159728626
"173","173","176",Summer Camp Creek,mid-channel,41.4951611308934,-118.977128912495,0.16,"1","93",2.5,sand,4546.13002476331
"174","174","177",Summer Camp Creek,rapid,41.4951414794938,-118.977224151556,0.11,"2","83",10,sand,4540.12797347355
"175","175","178",Summer Camp Creek,scour_pool,41.4951975510401,-118.977106061211,0.17,"0","79",2.5,sand,4545.73321682367
"176","176","179",Mahogany Creek,run,41.5451172636658,-119.01575599661,0.21,"0","90",1,sand,5192.89297924659
"177","177","180",Mahogany Creek,scour_pool,41.5450816767198,-119.01573091328,0.66,"0","87",2,sand,5194.52724446987
"178","178","181",Mahogany Creek,riffle,41.5450835677609,-119.015623072811,0.14,"0","84",3.6,sand,5203.52405730662
"179","179","182",Mahogany Creek,scour_pool,41.5450670349027,-119.015538637553,0.18,"0","64",3,sand,5210.33901509692
"180","180","183",Mahogany Creek,riffle,41.5450756164967,-119.015562881766,0.2,"2","86",16,sand,5208.43100438218
"181","181","184",Mahogany Creek,scour_pool,41.5452058435235,-119.015327151171,0.24,"1","91",4.5,sand,5229.70137636668
"182","182","185",Mahogany Creek,riffle,41.5451800985782,-119.01525441849,0.09,"1","97",3.25,sand,5235.42544340864
"183","183","186",Mahogany Creek,mid-channel,41.5451623050486,-119.015241876944,0.26,"0","85",3.5,sand,5236.24256359984
"184","184","187",Mahogany Creek,riffle,41.5451717269881,-119.015218191981,0.18,"2","92",19,sand,5238.33309575926
"185","185","188",Mahogany Creek,run,41.5451390807132,-119.015025356878,0.16,"1","89",4.3,sand,5253.96231865056
"186","186","189",Mahogany Creek,riffle,41.5450769082807,-119.014975470605,0.19,"1","84",32,sand,5257.3220552714
"187","187","190",Mahogany Creek,scour_pool,41.5451361697771,-119.01467759088,0.38,"0","81",9,sand,5282.8605914947
"188","188","191",Mahogany Creek,run,41.5451993924141,-119.014667565405,0.2,"0","80",6.5,sand,5284.49906628497
"189","189","192",Mahogany Creek,riffle,41.5452098642644,-119.014583968813,0.13,"2","75",9,gravel,5291.58782137287
"190","190","193",Mahogany Creek,scour_pool,41.54516716519,-119.014450765862,0.44,"0","82",1.5,sand,5302.12750711728
"191","191","194",Mahogany Creek,riffle,41.5451502115052,-119.014390295352,0.14,"2","89",5,sand,5306.94317320045
"192","192","195",Mahogany Creek,scour_pool,41.5451981601599,-119.01422394061,0.23,"0","85",3.5,sand,5321.39444948031
"193","193","196",Mahogany Creek,riffle,41.5451897882422,-119.014187714211,0.13,"0","80",3.2,sand,5329.14118329152
"194","194","197",Mahogany Creek,mid-channel,41.5452000497921,-119.014116099847,0.18,"1","99",5.5,sand,5334.97540432912
"195","195","198",Mahogany Creek,riffle,41.5452276850676,-119.014080991317,0.14,"1","86",5,sand,5337.55854600267
"196","196","199",Summer Camp Creek,riffle,41.5099287810334,-118.983605451203,0.13,"1","68",1,gravel,2705.51951689121
"197","197","200",Summer Camp Creek,scour_pool,41.5097371413218,-118.983228147813,0.23,"1","86",1,gravel,2757.24978464859
"198","198","201",Summer Camp Creek,riffle,41.5097545256044,-118.983264625484,0.18,"3","77",4,gravel,2753.50603116336
"199","199","202",Summer Camp Creek,run,41.5096211478428,-118.983164695015,0.14,"1","77",3.5,gravel,2769.66824016073
"200","200","203",Summer Camp Creek,riffle,41.5096039701061,-118.983116241478,0.16,"2","68",0,gravel,2774.23348870106
"201","201","204",Summer Camp Creek,mid-channel,41.5096334550733,-118.982973354269,0.24,"1","78",2,sand,2782.17677357318
"202","202","205",Summer Camp Creek,riffle,41.5096242464742,-118.982985055435,0.16,"0","68",12,sand,2781.99424064794
"203","203","206",Summer Camp Creek,mid-channel,41.5094990442532,-118.982933304337,0.22,"0","80",1,sand,2794.23013010404
"204","204","207",Summer Camp Creek,riffle,41.5095260503553,-118.982934128736,0.14,"4","55",14,gravel,2792.31247185339
"205","205","208",Summer Camp Creek,run,41.5094814533026,-118.982908802845,0.16,"1","78",2,sand,2797.1520557243
"206","206","209",Summer Camp Creek,riffle,41.5092102384453,-118.982445200099,0.18,"10","78",24,sand,2848.19363132949
"207","207","210",Summer Camp Creek,rapid,41.5088888495675,-118.98227962399,0.16,"9","88",6.5,gravel,2881.88776014753
"208","208","211",Summer Camp Creek,plunge_pool,41.5087389120974,-118.982095316827,0.44,"0","76",2,sand,2905.08038287315
"209","209","212",Summer Camp Creek,riffle,41.5087384991552,-118.982119268459,0.17,"0","80",15.5,cobble,2903.43689710453
"210","210","213",Summer Camp Creek,rapid,41.5082567245598,-118.981852945669,0.15,"3","80",7,gravel,2955.21055554835
"211","211","214",Summer Camp Creek,mid-channel,41.5079288096162,-118.981543392419,0.28,"0","79",2,sand,3000.60940892561
"212","212","215",Summer Camp Creek,rapid,41.5078124022607,-118.981503895787,0.14,"0","74",4.5,sand,3010.85736275654
"213","213","216",Summer Camp Creek,riffle,41.507759834792,-118.981418418796,0.13,"1","93",0.75,sand,3020.39614246665
"214","214","218",Summer Camp Creek,rapid,41.5235172911135,-118.985326897109,0.17,"4","72",0.5,sand,1059.56308664758
"215","215","219",Summer Camp Creek,plunge_pool,41.5234448613874,-118.985348651989,0.19,"1","82",0,sand,1066.18245809295
"216","216","220",Summer Camp Creek,rapid,41.5234164072848,-118.985431675671,0.15,"3","89",13.4,sand,1066.1011070499
"217","217","221",Summer Camp Creek,mid-channel,41.5233902287845,-118.985382935859,0.15,"1","86",2,sand,1070.53171413301
"218","218","222",Summer Camp Creek,riffle,41.5233904356553,-118.985370957365,0.09,"1","84",3.3,sand,1070.94182290322
"219","219","223",Summer Camp Creek,scour_pool,41.5232472311365,-118.98531863917,0.17,"1","95",1.8,sand,1087.46194142536
"220","220","224",Summer Camp Creek,riffle,41.5232355397988,-118.985474083952,0.1,"1","84",2,sand,1083.05970231939
"221","221","225",Summer Camp Creek,plunge_pool,41.523210395673,-118.985365451962,0.27,"1","87",1,sand,1089.5411502136
"222","222","226",Summer Camp Creek,rapid,41.5231934260025,-118.985305009138,0.1,"5","96",4.8,sand,1093.45190154104
"223","223","227",Summer Camp Creek,plunge_pool,41.5231023716806,-118.985362148745,0.15,"1","92",0,sand,1100.70067713008
"224","224","228",Summer Camp Creek,rapid,41.52311137368,-118.985362424012,0.13,"1","89",6,sand,1099.77072822853
"225","225","229",Summer Camp Creek,mid-channel,41.5230680185853,-118.985265220201,0.26,"0","94",0.75,sand,1107.70192543803
"226","226","231",Summer Camp Creek,mid-channel,41.5231547286894,-118.98545962795,0.24,"0","84",1,sand,1091.83960036966
"227","227","232",Summer Camp Creek,plunge_pool,41.5229859662824,-118.985322635022,0.26,"1","95",1.65,sand,1114.02074639211
"228","228","233",Summer Camp Creek,plunge_pool,41.5229610288534,-118.985202025091,0.28,"0","99",0.5,sand,1120.91231519605
"229","229","234",Summer Camp Creek,plunge_pool,41.5230600508586,-118.98520505278,0.25,"0","99",0,sand,1110.68272812234
"230","230","235",Summer Camp Creek,riffle,41.5229798602483,-118.985154661902,0.17,"0","87",7.5,sand,1120.69305982431
"231","231","236",Summer Camp Creek,cascade,41.5199698817665,-118.985254385403,0.19,"2","96",7.25,sand,1462.08619933073
"232","232","237",Mahogany Creek,mid-channel,41.5126643597318,-118.955888777485,0.1,"0","96",0,sand,12824.359074808
"233","233","238",Mahogany Creek,riffle,41.5126547462808,-118.955924436582,0.1,"3","78",7.5,sand,12824.0215579753
"234","234","239",Mahogany Creek,scour_pool,41.5126567838221,-118.955804669312,0.13,"2","84",0.5,sand,12828.2329018672
"235","235","240",Mahogany Creek,riffle,41.5125753567405,-118.955826183099,0.1,"0","88",2,sand,12835.7232985569
"236","236","241",Mahogany Creek,scour_pool,41.5125239923215,-118.955668859516,0.14,"0","94",1.5,sand,12846.7531549085
"237","237","242",Mahogany Creek,riffle,41.5125217511806,-118.955800603254,0.1,"1","78",0.6,sand,12842.1206797937
"238","238","243",Mahogany Creek,debris_pool,41.5125407742528,-118.955741261861,0.12,"2","82",0.5,sand,12842.3746473937
"239","239","244",Mahogany Creek,riffle,41.5125945835697,-118.95575486495,0.09,"2","82",5,sand,12836.398386921
"240","240","245",Mahogany Creek,mid-channel,41.5124188183296,-118.955497933317,0.15,"1","93",0.25,sand,12863.759289864
"241","241","246",Mahogany Creek,riffle,41.5124437876492,-118.9556185133,0.1,"1","72",0,sand,12856.7703857227
"242","242","247",Mahogany Creek,mid-channel,41.5123635829511,-118.955568167212,0.11,"1","88",1.5,sand,12865.9036197265
"243","243","248",Mahogany Creek,riffle,41.5123447636978,-118.955615531828,0.08,"0","71",1.6,sand,12865.9036197265
"244","244","249",Mahogany Creek,mid-channel,41.5123177571652,-118.955614718701,0.14,"0","71",1.25,sand,12865.9036197265
"245","245","250",Mahogany Creek,riffle,41.5123175534379,-118.955626695368,0.08,"0","75",2,sand,12865.9036197265
"246","246","251",Mahogany Creek,mid-channel,41.5122911580832,-118.955589952253,0.15,"0","72",0.5,gravel,12868.0438441904
"247","247","252",Mahogany Creek,riffle,41.5123275742401,-118.95556708307,0.08,"0","86",1.75,sand,12865.9036197265
"248","248","253",Mahogany Creek,plunge_pool,41.5123365764179,-118.955567354105,0.23,"0","68",1.25,sand,12865.9036197265
"249","249","254",Mahogany Creek,riffle,41.5122649664356,-118.955541232511,0.09,"0","74",9.5,sand,12871.5198445671
"250","250","255",Mahogany Creek,scour_pool,41.5122195481057,-118.955563830654,0.13,"1","66",1.6,sand,12876.2463834355
"251","251","256",Mahogany Creek,riffle,41.5121739260478,-118.955598405406,0.08,"3","66",2.5,sand,12880.8503122308
"252","252","257",Mahogany Creek,riffle,41.536702754398,-118.999899178992,0.15,"0","95",5.5,sand,7025.23979813635
"253","253","258",Mahogany Creek,riffle,41.5366058178196,-118.999776319181,0.1,"2","81",3.5,gravel,7033.07604852262
"254","254","259",Mahogany Creek,run,41.5365250091484,-118.999761841806,0.21,"0","47",0,sand,7038.89678739697
"255","255","260",Mahogany Creek,scour_pool,41.5365237585909,-118.999833726674,0.2,"0","94",2.5,sand,7038.9145394408
"256","256","261",Mahogany Creek,rapid,41.5365786036969,-118.999787467814,0.13,"0","65",5.5,sand,7033.07604852262
"257","257","262",Mahogany Creek,run,41.5363803534843,-118.999793345876,0.18,"0","74",1.5,sand,7054.90705261612
"258","258","263",Mahogany Creek,rapid,41.5363784776069,-118.999901172934,0.19,"0","86",0.5,sand,7054.93403565375
"259","259","264",Mahogany Creek,run,41.5363493874852,-119.00002014848,0.19,"0","84",0,sand,7057.96409543306
"260","260","265",Mahogany Creek,mid-channel,41.5362677450493,-119.000053593921,0.25,"0","69",0,gravel,7066.97391497205
"261","261","266",Mahogany Creek,riffle,41.5362505750496,-119.000005116022,0.13,"1","73",2,sand,7068.96213174593
"262","262","267",Mahogany Creek,mid-channel,41.5360694948317,-119.000059471179,0.21,"0","91",0.25,sand,7101.15656211122
"263","263","268",Mahogany Creek,rapid,41.5361699748513,-118.999978657714,0.19,"3","58",4,sand,7077.95704891141
"264","264","269",Mahogany Creek,scour_pool,41.5358301954601,-118.999836328326,0.21,"2","94",0,sand,7119.72570713721
"265","265","270",Mahogany Creek,riffle,41.5358854574056,-118.999766108553,0.14,"8","79",0.5,sand,7113.88834381445
"266","266","271",Mahogany Creek,scour_pool,41.5357165054221,-118.999641031574,0.16,"1","79",0,sand,7175.88217776167
"267","267","272",Mahogany Creek,rapid,41.5357255073236,-118.999641308943,0.17,"1","87",0,cobble,7175.78471511473
"268","268","273",Mahogany Creek,scour_pool,41.5356191517127,-118.999542135356,0.18,"1","86",0,sand,7184.9301018587
"269","269","274",Mahogany Creek,rapid,41.5357370100164,-118.999497818303,0.15,"1","80",0,boulder,7187.65015838366
"270","270","275",Mahogany Creek,plunge_pool,41.535585436381,-118.999409238897,0.23,"0","61",0,sand,7196.28620356902
"271","271","276",Mahogany Creek,scour_pool,41.5302521900892,-118.974469711471,0.15,"0","96",2,sand,9720.17590595019
"272","272","277",Mahogany Creek,run,41.5301816140105,-118.974383662086,0.14,"0","98",2,sand,9728.26866556846
"273","273","278",Mahogany Creek,riffle,41.5302184452061,-118.974336838012,0.12,"1","98",6.5,sand,9731.67869788563
"274","274","279",Mahogany Creek,mid-channel,41.530200646857,-118.974324310567,0.21,"0","97",2.5,sand,9732.95576233897
"275","275","280",Mahogany Creek,scour_pool,41.5301640214176,-118.974359154813,0.39,"0","94",3,sand,9730.53986225758
"276","276","281",Mahogany Creek,run,41.5301636099143,-118.974383114458,0.14,"1","92",2.5,sand,9728.55153769797
"277","277","282",Mahogany Creek,mid-channel,41.5302192681894,-118.974288918679,0.2,"2","99",2,sand,9735.65497380464
"278","278","283",Mahogany Creek,riffle,41.5301474575427,-118.974274748454,0.1,"2","89",11.5,gravel,9737.78122084882
"279","279","284",Mahogany Creek,scour_pool,41.5300435475232,-118.97403186685,0.2,"0","96",2,sand,9759.360552961
"280","280","285",Mahogany Creek,run,41.5301247716904,-118.974022350912,0.08,"1","87",8,sand,9759.08087718679
"281","281","286",Mahogany Creek,scour_pool,41.5301000283295,-118.973889751673,0.25,"1","94",3.5,sand,9770.43993724818
"282","282","287",Mahogany Creek,run,41.5301274458826,-118.973866613269,0.19,"1","85",8.5,sand,9772.00353973221
"283","283","288",Mahogany Creek,scour_pool,41.5301399446372,-118.973663230033,0.29,"0","94",3,sand,9788.76085833197
"284","284","289",Mahogany Creek,run,41.530111910077,-118.973722307983,0.06,"1","93",4,sand,9784.21514070208
"285","285","290",Mahogany Creek,scour_pool,41.5301646882594,-118.973795829278,0.16,"1","99",2,sand,9777.40173743939
"286","286","291",Mahogany Creek,run,41.5301569203358,-118.973723676592,0.09,"3","92",7.5,sand,9783.5076001761
"287","287","292",Mahogany Creek,mid-channel,41.5301372707198,-118.973818967725,0.17,"0","83",3,sand,9775.83822830574
"288","288","293",Mahogany Creek,run,41.5301489466892,-118.973663503747,0.05,"1","94",0,sand,9788.6193578532
"289","289","294",Mahogany Creek,mid-channel,41.5300523921522,-118.973516735214,0.13,"0","92",0.75,sand,9802.1046508246
"290","290","295",Mahogany Creek,run,41.5300787813183,-118.973553495731,0.06,"1","95",3,sand,9798.69797795869
"291","291","296",Mahogany Creek,scour_pool,41.5230058720532,-118.957374781678,0.21,"0","91",3,sand,11651.9821607562
"292","292","297",Mahogany Creek,riffle,41.5229788655992,-118.957373967516,0.09,"0","90",0.75,sand,11654.9716688394
"293","293","298",Mahogany Creek,mid-channel,41.5230136504658,-118.95744692482,0.13,"1","93",1,sand,11651.5211521818
"294","294","299",Mahogany Creek,run,41.5229502274872,-118.957468982267,0.1,"0","71",5,sand,11658.675207895
"295","295","300",Mahogany Creek,riffle,41.5229410213735,-118.957480689479,0.13,"0","88",14,sand,11659.7609621187
"296","296","301",Mahogany Creek,run,41.5228147872974,-118.957488868456,0.08,"0","86",7,sand,11673.8012758841
"297","297","302",Mahogany Creek,riffle,41.5227879848073,-118.957476075669,0.2,"0","76",2.8,sand,11676.7015313881
"298","298","303",Mahogany Creek,scour_pool,41.5227435859321,-118.957438782946,0.15,"0","83",2,sand,11681.4162423336
"299","299","304",Mahogany Creek,riffle,41.522780002452,-118.957415911358,0.1,"1","87",11.5,cobble,11677.2517293796
"300","300","305",Mahogany Creek,mid-channel,41.5226887571822,-118.957485068846,0.12,"0","87",1.5,sand,11687.7522959384
"301","301","306",Mahogany Creek,riffle,41.5227157636357,-118.957485883046,0.08,"0","92",7,gravel,11684.762777192
"302","302","307",Mahogany Creek,scour_pool,41.5225809353283,-118.957469833512,0.19,"1","73",1.25,sand,11699.6210547974
"303","303","308",Mahogany Creek,riffle,41.5225357206097,-118.957480455067,0.13,"1","67",6,sand,11704.6928433256
"304","304","309",Mahogany Creek,plunge_pool,41.5223634559434,-118.957547169563,0.14,"1","64",0.5,sand,11724.1619462888
"305","305","310",Mahogany Creek,run,41.5223636599108,-118.957535191058,0.08,"2","87",9.7,sand,11724.0726752773
"306","306","311",Mahogany Creek,scour_pool,41.5223092390667,-118.957557519627,0.25,"1","93",4,sand,11730.2302033096
"307","307","312",Mahogany Creek,run,41.5223010527806,-118.957509334248,0.14,"1","81",14,sand,11730.8696877963
"308","308","313",Mahogany Creek,riffle,41.522256653907,-118.957472041796,0.13,"1","86",8,sand,11735.5844262878
"309","309","314",Mahogany Creek,plunge_pool,41.522164796704,-118.957577134079,0.22,"0","60",3,sand,11746.3527692712
"310","310","315",Mahogany Creek,sheet,41.5221371783333,-118.957612255245,0.06,"0","88",1,bedrock,11749.610048798
"311","311","316",Mahogany Creek,riffle,41.5320623653792,-118.995345192061,0.14,"2","87",2.5,sand,7756.78559634016
"312","312","317",Mahogany Creek,scour_pool,41.5320609097389,-118.995429052201,0.23,"1","89",0,sand,7750.3570472217
"313","313","318",Mahogany Creek,cascade,41.5321584752649,-118.995515956717,0.14,"1","87",0,sand,7738.68758610081
"314","314","319",Mahogany Creek,plunge_pool,41.5321253788942,-118.99534712923,0.21,"1","76",0,sand,7753.45040491116
"315","315","320",Mahogany Creek,cascade,41.532009393498,-118.995283631581,0.12,"0","78",0,sand,7764.56816449538
"316","316","321",Mahogany Creek,plunge_pool,41.5320175636685,-118.99533182836,0.28,"0","92",0,sand,7760.08624206853
"317","317","322",Mahogany Creek,cascade,41.5319560057167,-118.995246031205,0.24,"0","96",0,sand,7769.17460114304
"318","318","323",Mahogany Creek,plunge_pool,41.531937378048,-118.995281417753,0.42,"1","97",0,sand,7766.80255836895
"319","319","324",Mahogany Creek,rapid,41.5320112648862,-118.995175811475,0.16,"0","62",0,sand,7773.3621736201
"320","320","325",Mahogany Creek,riffle,41.5319396652807,-118.995149637768,0.16,"0","53",0,sand,7777.54871040993
"321","321","326",Mahogany Creek,debris_pool,41.5317962581275,-118.99510927051,0.18,"0","61",0,sand,7784.94500832687
"322","322","327",Mahogany Creek,mid-channel,41.5318973585147,-118.994992514327,0.26,"0","41",0,sand,7791.64479137561
"323","323","328",Mahogany Creek,riffle,41.5317422465324,-118.995107610296,0.08,"0","55",0,sand,7786.6194377538
"324","324","329",Mahogany Creek,mid-channel,41.5316989001724,-118.995010387145,0.22,"2","44",0,sand,7795.83057952653
"325","325","330",Mahogany Creek,riffle,41.5317359474302,-118.994951594084,0.09,"2","69",0,sand,7799.59902429831
"326","326","331",Mahogany Creek,run,41.5318194595709,-118.994810324465,0.17,"1","51",0.5,sand,7808.81096824983
"327","327","332",Mahogany Creek,riffle,41.5318650928992,-118.99477576781,0.08,"1","92",19,sand,7810.34647616684
"328","328","333",Mahogany Creek,run,41.5318659244257,-118.994727847856,0.14,"3","94",6,sand,7814.25430943466
"329","329","334",Mahogany Creek,riffle,41.5317051368482,-118.994650988411,0.04,"1","83",0,sand,7825.13942361811
"330","330","335",Mahogany Creek,mid-channel,41.5318043660044,-118.994642051462,0.14,"1","92",0,sand,7823.04662573438
"331","331","336",Mahogany Creek,cascade,41.5088979470729,-118.95545185148,0.14,"1","87",2,sand,13255.6561388842
"332","332","337",Mahogany Creek,rapid,41.5089441801482,-118.95538135014,0.13,"3","88",14,sand,13250.5213509527
"333","333","338",Mahogany Creek,riffle,41.5087637290854,-118.955399882641,0.1,"3","86",12,sand,13270.5629665769
"334","334","339",Mahogany Creek,plunge_pool,41.508556271463,-118.955417602121,0.15,"1","88",0,sand,13293.6039414809
"335","335","340",Mahogany Creek,rapid,41.5085656810277,-118.955393921147,0.12,"6","95",7,sand,13292.558953438
"336","336","341",Mahogany Creek,mid-channel,41.5083482027509,-118.955471249322,0.15,"0","97",0,sand,13316.7128801408
"337","337","342",Mahogany Creek,rapid,41.5083387931719,-118.955494930206,0.12,"16","89",8,sand,13317.7579391062
"338","338","343",Mahogany Creek,scour_pool,41.5080407025801,-118.955545867081,0.13,"1","86",1,sand,13350.8650053881
"339","339","344",Mahogany Creek,rapid,41.5079862820653,-118.955568192871,0.11,"0","98",3,sand,13356.9091348579
"340","340","345",Mahogany Creek,mid-channel,41.5080239204031,-118.955473469844,0.12,"0","94",0.5,sand,13352.7288691596
"341","341","346",Mahogany Creek,rapid,41.5079782983882,-118.955508042541,0.1,"14","85",10,sand,13357.7958363235
"342","342","347",Mahogany Creek,riffle,41.5075623645559,-118.955603359438,0.09,"1","70",0,sand,13399.4538878153
"343","343","348",Mahogany Creek,rapid,41.5075709593251,-118.955627582017,0.09,"12","77",8,sand,13397.7813569408
"344","344","349",Mahogany Creek,mid-channel,41.5068714369034,-118.955450760885,0.1,"0","86",2,sand,13463.618406781
"345","345","350",Mahogany Creek,plunge_pool,41.5057040038594,-118.955247879873,0.15,"0","93",1.44,sand,13609.3819754355
"346","346","351",Mahogany Creek,rapid,41.5065962389094,-118.955214824293,0.05,"4","94",16.5,sand,13514.2207264544
"347","347","353",Mahogany Creek,plunge_pool,41.506083521445,-118.955175430323,0.12,"1","88",1.44,sand,13570.258336922
"348","348","354",Mahogany Creek,mid-channel,41.5162315597442,-118.95744621275,0.14,"0","80",2,sand,12406.4121728556
"349","349","355",Mahogany Creek,rapid,41.5161773428413,-118.95745656212,0.1,"2","74",19,sand,12411.8787905491
"350","350","356",Mahogany Creek,mid-channel,41.5160177510343,-118.957307950102,0.13,"0","71",1,sand,12434.7480826833
"351","351","357",Mahogany Creek,rapid,41.5160177510343,-118.957307950102,0.13,"1","72",3,sand,12434.7480826833
"352","352","358",Mahogany Creek,mid-channel,41.515973759793,-118.957246706902,0.13,"0","83",0,sand,12441.7703982243
"353","353","359",Mahogany Creek,rapid,41.5159473650316,-118.957209961023,0.09,"1","90",3,sand,12445.9846091572
"354","354","360",Mahogany Creek,riffle,41.5159211741604,-118.957161237853,0.08,"1","96",3,sand,12450.7232851767
"355","355","361",Mahogany Creek,scour_pool,41.5157853260904,-118.957205077687,0.15,"1","76",0.5,sand,12461.8298631364
"356","356","362",Mahogany Creek,riffle,41.515783694801,-118.957300896038,0.06,"4","84",2,sand,12457.6342054129
"357","357","363",Mahogany Creek,scour_pool,41.5153845104101,-118.956941347883,0.16,"1","93",1,sand,12512.4566201047
"358","358","364",Mahogany Creek,riffle,41.5153851220359,-118.956905416216,0.11,"0","86",5.5,sand,12514.0299780432
"359","359","365",Mahogany Creek,run,41.5151885014583,-118.95681560844,0.13,"0","85",0.5,sand,12537.0676068606
"360","360","366",Mahogany Creek,riffle,41.5152705402604,-118.956758163554,0.1,"3","85",10,sand,12531.7672630453
"361","361","367",Mahogany Creek,scour_pool,41.5149562798261,-118.956700762054,0.13,"1","87",0.75,sand,12564.6752859003
"362","362","368",Mahogany Creek,rapid,41.5149478892038,-118.956664559406,0.09,"0","71",0,sand,12567.1289437297
"363","363","369",Mahogany Creek,mid-channel,41.5149476853566,-118.95667653655,0.16,"0","83",1,sand,12566.6044914542
"364","364","370",Mahogany Creek,rapid,41.514902674518,-118.956675180481,0.09,"3","86",13,sand,12571.0059465024
"365","365","371",Mahogany Creek,riffle,41.5145990468587,-118.956522234337,0.08,"3","65",6,sand,12607.2292936149
"366","366","372",Mahogany Creek,scour_pool,41.514453177637,-118.956625688804,0.12,"1","87",1.5,sand,12616.5938226955
"367","367","373",Mahogany Creek,rapid,41.5144992076693,-118.95656715951,0.11,"5","90",7,sand,12614.814652578
"368","368","374",Mahogany Creek,riffle,41.5250121190586,-119.061585762101,0.08,"0","12",1,sand,227.976371352597
"369","369","375",Mahogany Creek,run,41.5250309814541,-119.061538420874,0.14,"0","20",3.5,sand,232.410735725139
"370","370","376",Mahogany Creek,riffle,41.5250140523431,-119.06147795804,0.11,"0","10",2,sand,236.866067407895
"371","371","377",Mahogany Creek,mid-channel,41.5250425606595,-119.061394967901,0.2,"0","16",1.5,sand,244.505478051139
"372","372","378",Mahogany Creek,run,41.5250695653799,-119.061395825375,0.16,"0","13",0,sand,245.23057243313
"373","373","379",Mahogany Creek,riffle,41.5251055716736,-119.061396968675,0.11,"0","10",2,sand,246.197312373931
"374","374","380",Mahogany Creek,run,41.5251244339938,-119.061349627322,0.2,"0","17",0,sand,250.631735745078
"375","375","381",Mahogany Creek,riffle,41.5251713749321,-119.06124325208,0.13,"0","17",1.5,sand,260.730012096637
"376","376","382",Mahogany Creek,run,41.5251810208408,-119.061207603098,0.14,"0","13",0,sand,263.934960287645
"377","377","383",Mahogany Creek,riffle,41.5252080255637,-119.061208460497,0.09,"0","33",0.5,sand,264.660020083029
"378","378","384",Mahogany Creek,run,41.5252084551143,-119.061184503962,0.2,"0","11",0,sand,266.635538582687
"379","379","385",Mahogany Creek,riffle,41.5253042693203,-119.060863948214,0.12,"0","15",0,sand,295.72184934264
"380","380","386",Mahogany Creek,run,41.5253370543646,-119.061044765629,0.12,"0","10",0,sand,281.872334222099
"381","381","387",Mahogany Creek,mid-channel,41.5253651328751,-119.060985731477,0.18,"0","5",0,sand,287.536242369364
"382","382","388",Mahogany Creek,riffle,41.525365991881,-119.060937818284,0.1,"0","11",0,sand,291.487225070977
"383","383","389",Mahogany Creek,run,41.5253572050537,-119.060925554223,0.2,"0","3",0,sand,292.233316937366
"384","384","390",Mahogany Creek,riffle,41.5253422082458,-119.060757286573,0.17,"0","8",0,sand,305.578462380431
"385","385","391",Mahogany Creek,scour_pool,41.5253428524305,-119.060721351686,0.18,"0","3",0,sand,308.541718981577
"386","386","392",Mahogany Creek,run,41.5253077050174,-119.060672295593,0.24,"0","7",0,sand,311.525919230619
"387","387","393",Mahogany Creek,mid-channel,41.5252734164353,-119.060575326417,0.23,"0","4",0,sand,318.461086074208
"388","388","394",Mahogany Creek,mid-channel,41.5093414983616,-118.955321416551,0.11,"0","91",0.88,sand,13201.5884071877
"389","389","395",Mahogany Creek,mid-channel,41.5094767348013,-118.955313505014,0.09,"1","87",1.55,sand,13187.7739477226
"390","390","396",Mahogany Creek,rapid,41.5094227216993,-118.955311879177,0.06,"4","53",17,sand,13193.0985393224
"391","391","397",Mahogany Creek,scour_pool,41.5093259381152,-118.955177161195,0.08,"0","77",0.84,sand,13197.3276237328
"392","392","398",Mahogany Creek,rapid,41.5092725360085,-118.955139607155,0.07,"2","73",3.5,sand,13201.1432949744
"393","393","399",Mahogany Creek,mid-channel,41.5093731893282,-118.955046778562,0.06,"0","62",0.8,sand,13187.3577658456
"394","394","400",Mahogany Creek,rapid,41.5093394207239,-118.954913957481,0.06,"0","88",3,sand,13185.374733772
"395","395","401",Mahogany Creek,run,41.5092575864741,-118.954959423667,0.07,"1","84",2.1,sand,13195.3735429926
"396","396","402",Mahogany Creek,rapid,41.5092753871987,-118.954971941622,0.06,"1","89",0,sand,13194.1017080956
"397","397","403",Mahogany Creek,mid-channel,41.5092504170543,-118.95485136779,0.07,"1","94",1.7,sand,13191.734298601
"398","398","404",Mahogany Creek,riffle,41.5092858148884,-118.954888379759,0.04,"5","83",4,sand,13189.6934523901
"399","399","405",Mahogany Creek,mid-channel,41.5092690323271,-118.954815981274,0.1,"1","86",0.9,sand,13188.4504586177
"400","400","406",Mahogany Creek,mid-channel,41.5093236563365,-118.954781678329,0.14,"1","90",0.9,sand,13181.6169659177
"401","401","407",Mahogany Creek,rapid,41.5092309872063,-118.954934658697,0.05,"1","94",0,sand,13197.0299636626
"402","402","408",Mahogany Creek,rapid,41.509333065777,-118.954757996982,0.06,"1","80",0,sand,13179.7235485964
"403","403","409",Mahogany Creek,mid-channel,41.5092710685794,-118.954696220165,0.1,"0","90",0.5,sand,13183.4208305146
"404","404","410",Mahogany Creek,rapid,41.5092714758149,-118.954672267942,0.06,"0","90",0.5,sand,13182.4148524697
"405","405","411",Mahogany Creek,scour_pool,41.5094631686731,-118.954522266583,0.14,"0","91",1,sand,13157.2400929529
"406","406","412",Mahogany Creek,mid-channel,41.5093267106177,-118.954602036505,0.12,"0","100",0.75,sand,13174.0724396842
