fid,cat,date,trip_numbe,tag_id,latitude,longitude,signal_str,gain,notes,LakeDist,X,stream,reach,seq_order,channel_ty,latitude_2,longitude_,unit_lengt,wetted_wid,max_depth_,pool_crest,LWD_small,LWD_med,LWD_large,root_debri,riparian_s,total_shad,fish_prese,undercut_L,undercut_R,sand,gravel,cobble,boulder,bedrock,dominantSi,dominant_1,understory,understo_1,understo_2,understo_3,understo_4,understo_5,overstoryV,overstor_1,overstor_2,overstor_3,overstor_4,overstor_5,overstor_6,overstor_7,n,distance,feature_x,feature_y,nearest_x,nearest_y,date_2,site_id,latitude_3,longitud_1,rct_depth_,max_pool_d,notes_2,n_2,distance_2,feature_x_,feature_y_,nearest_x_,nearest_y_
"1","1",6/22/2021,"0","11",41.53177,-118.99426,na,na,Tagging event,7855.37041408706,"517",Mahogany Creek,MC4-15-1,"200",SSMC8,41.5318043660044,-118.994642051462,"1.5","1.07","0.14",NA,"0","0","0","1","92","92",N,"0","0","90","10","0","0","0",SP,ST,"70","30","0","90","10","0","0","40","60","50","0","10","50","50","1",0.000383593980496,-118.99426,41.53177,-118.994642051462,41.5318043660044,6/18/2021,MG3,41.53177,-118.99426,8.7,30.5,5m DS of logger,"1",0,-118.99426,41.53177,-118.99426,41.53177
"2","2",6/29/2021,"1","11",41.53172,-118.99395,"231","30",in small plunge pool,7886.37706003718,"105",Mahogany Creek,MC5-501,"211",SSLS1,41.532078239842,-118.993391894111,"12","2.1","0.55","0.26","0","0","0","1","27","27",Y,"0","6","70","30","0","0","0",SS,ST,"2","98","0","5","94","1","50","0","0","0","4","5","65","4","1",0.000663187731892,-118.99395,41.53172,-118.993391894111,41.532078239842,6/18/2021,MG3,41.53177,-118.99426,8.7,30.5,5m DS of logger,"1",0.000314006369361,-118.99395,41.53172,-118.99426,41.53177
"3","3",7/6/2021,"2","11",41.53173,-118.99396,"231","20","Same location, small pool under willow thicket",7885.54261354201,"105",Mahogany Creek,MC5-501,"211",SSLS1,41.532078239842,-118.993391894111,"12","2.1","0.55","0.26","0","0","0","1","27","27",Y,"0","6","70","30","0","0","0",SS,ST,"2","98","0","5","94","1","50","0","0","0","4","5","65","4","1",0.000666344722102,-118.99396,41.53173,-118.993391894111,41.532078239842,6/18/2021,MG3,41.53177,-118.99426,8.7,30.5,5m DS of logger,"1",0.000302654919004,-118.99396,41.53173,-118.99426,41.53177
"4","4",6/22/2021,"0","12",41.52709,-118.98565,na,na,Tagging event,657.268477086312,"191",Summer Camp Creek,SCC1-069,"5020",SSLS9,41.5292226904534,-118.986652030263,"2.3","1.91","0.13","0.38","0","0","0","1","90","90",N,"0","1.3","80","20","0","0","0",SS,SS,"55","45","0","80","20","0","2","2","60","27","0","0","25","15","1",0.002356360163045,-118.98565,41.52709,-118.986652030263,41.5292226904534,6/18/2021,SC1,41.52543,-118.98546,8.4,24.9,max depth under barbed wire,"1",0.001670838113045,-118.98565,41.52709,-118.98546,41.52543
"5","5",6/29/2021,"1","12",41.52695,-118.98557,"243","20","found in willow roots; fish observed",674.321115840173,"191",Summer Camp Creek,SCC1-069,"5020",SSLS9,41.5292226904534,-118.986652030263,"2.3","1.91","0.13","0.38","0","0","0","1","90","90",N,"0","1.3","80","20","0","0","0",SS,SS,"55","45","0","80","20","0","2","2","60","27","0","0","25","15","1",0.002517123633644,-118.98557,41.52695,-118.986652030263,41.5292226904534,6/18/2021,SC1,41.52543,-118.98546,8.4,24.9,max depth under barbed wire,"1",0.001523975065412,-118.98557,41.52695,-118.98546,41.52543
"6","6",7/6/2021,"2","12",41.52699,-118.98556,"232","25","Same location, US of creek ford",670.364442694878,"191",Summer Camp Creek,SCC1-069,"5020",SSLS9,41.5292226904534,-118.986652030263,"2.3","1.91","0.13","0.38","0","0","0","1","90","90",N,"0","1.3","80","20","0","0","0",SS,SS,"55","45","0","80","20","0","2","2","60","27","0","0","25","15","1",0.002485444981491,-118.98556,41.52699,-118.986652030263,41.5292226904534,6/18/2021,SC1,41.52543,-118.98546,8.4,24.9,max depth under barbed wire,"1",0.001563201842372,-118.98556,41.52699,-118.98546,41.52543
"7","7",7/19/2021,"3","12",41.52697,-118.9856,"241","20","Fish observed alive, same location",671.367559153564,"191",Summer Camp Creek,SCC1-069,"5020",SSLS9,41.5292226904534,-118.986652030263,"2.3","1.91","0.13","0.38","0","0","0","1","90","90",N,"0","1.3","80","20","0","0","0",SS,SS,"55","45","0","80","20","0","2","2","60","27","0","0","25","15","1",0.002486238514929,-118.9856,41.52697,-118.986652030263,41.5292226904534,6/18/2021,SC1,41.52543,-118.98546,8.4,24.9,max depth under barbed wire,"1",0.001546350542405,-118.9856,41.52697,-118.98546,41.52543
"8","8",6/23/2021,"0","13",41.50296,-118.97895,na,na,Tagging event,3599.77366111488,"219",Summer Camp Creek,SCC4-15-7,"5140",FTRP12,41.5033208802072,-118.979246250734,"1.7","1.7","0.13",NA,"0","0","0","0","87","87",N,"0","0","60","16","12","12","0",ST,SP,"95","5","0","60","40","0","0","0","65","20","15","0","45","5","1",0.000466903653166,-118.97895,41.50296,-118.979246250734,41.5033208802072,6/18/2021,SC2,41.50257,-118.97894,8.6,18.8,"same site as logger, it's just a deeper riffle; high gradient","1",0.000390128184066,-118.97895,41.50296,-118.97894,41.50257
"9","9",6/30/2021,"1","13",41.5029,-118.97894,"244","20",in plunge pool below live log,3606.36153810569,"219",Summer Camp Creek,SCC4-15-7,"5140",FTRP12,41.5033208802072,-118.979246250734,"1.7","1.7","0.13",NA,"0","0","0","0","87","87",N,"0","0","60","16","12","12","0",ST,SP,"95","5","0","60","40","0","0","0","65","20","15","0","45","5","1",0.000520509040161,-118.97894,41.5029,-118.979246250734,41.5033208802072,6/18/2021,SC2,41.50257,-118.97894,8.6,18.8,"same site as logger, it's just a deeper riffle; high gradient","1",0.000329999999998,-118.97894,41.5029,-118.97894,41.50257
"10","10",7/7/2021,"2","13",41.5055,-118.98013,"217","20","In long riffle in debris pile, inconsistent reading",3293.37296315535,"192",Summer Camp Creek,SCC4-15-7,"5121",SSLS1,41.5045984842512,-118.9798482952,"2.5","1.6","0.23","0.27","0","0","0","0","97","97",Y,"0","0","60","39","1","0","0",SS,SS,"50","49","1","45","54","1","22","1","55","0","20","15","35","0","1",0.000944504229573,-118.98013,41.5055,-118.9798482952,41.5045984842512,6/18/2021,SC2,41.50257,-118.97894,8.6,18.8,"same site as logger, it's just a deeper riffle; high gradient","1",0.003162435770101,-118.98013,41.5055,-118.97894,41.50257
"11","11",7/20/2021,"3","13",41.51041,-118.98359,"193","33","tag acting funny (tag drift, altitude?) found in debris pile",2668.0816726486,"280",Summer Camp Creek,SCC3-486,"5091",FTRF1,41.5099287810334,-118.983605451203,"35","1.3","0.13",NA,"1","0","0","0","68","68",N,"0","1","40","48","10","2","0",SS,SS,"25","70","5","25","65","10","5","0","35","5","20","25","15","15","1",0.000481466959913,-118.98359,41.51041,-118.983605451203,41.5099287810334,6/18/2021,SC2,41.50257,-118.97894,8.6,18.8,"same site as logger, it's just a deeper riffle; high gradient","1",0.009115267412432,-118.98359,41.51041,-118.97894,41.50257
"12","12",7/28/2021,"4","13",41.51036,-118.98363,"176","30",Seen in Willows,2669.4916998579,"280",Summer Camp Creek,SCC3-486,"5091",FTRF1,41.5099287810334,-118.983605451203,"35","1.3","0.13",NA,"1","0","0","0","68","68",N,"0","1","40","48","10","2","0",SS,SS,"25","70","5","25","65","10","5","0","35","5","20","25","15","15","1",0.000431917168664,-118.98363,41.51036,-118.983605451203,41.5099287810334,6/18/2021,SC2,41.50257,-118.97894,8.6,18.8,"same site as logger, it's just a deeper riffle; high gradient","1",0.009092865334981,-118.98363,41.51036,-118.97894,41.50257
"13","13",8/13/2021,"5","13",41.50872,-118.98218,"199","35","below plunge pool, moved US from previous week",2900.47177888467,"304",Summer Camp Creek,SCC3-486,"5106",FTRF10,41.5087384991552,-118.982119268459,"50.5","1.15","0.17",NA,"0","0","0","0","80","80",N,"10","5.5","30","35","38","1","1",SS,SS,"20","77","3","20","74","6","5","10","45","10","25","15","35","10","1",6.3486524674e-05,-118.98218,41.50872,-118.982119268459,41.5087384991552,6/18/2021,SC2,41.50257,-118.97894,8.6,18.8,"same site as logger, it's just a deeper riffle; high gradient","1",0.006951266071732,-118.98218,41.50872,-118.97894,41.50257
"14","14",8/18/2021,"6","13",41.50911,-118.9827,"201","30","under riparian vegetation; seen",2837.31181759647,"299",Summer Camp Creek,SCC3-486,"5101",FTRF8,41.5092102384452,-118.982445200099,"47","0.69","0.18",NA,"1","4","0","5","78","78",N,"24","0","45","40","10","5","0",SS,SS,"15","50","5","20","70","10","0","0","90","5","10","5","30","5","1",0.000273807844018,-118.9827,41.50911,-118.982445200099,41.5092102384452,6/18/2021,SC2,41.50257,-118.97894,8.6,18.8,"same site as logger, it's just a deeper riffle; high gradient","1",0.00754381866166,-118.9827,41.50911,-118.97894,41.50257
"15","15",9/4/2021,"7","13",41.51031,-118.98336,"153","50",bad signal,2672.02979055747,"280",Summer Camp Creek,SCC3-486,"5091",FTRF1,41.5099287810334,-118.983605451203,"35","1.3","0.13",NA,"1","0","0","0","68","68",N,"0","1","40","48","10","2","0",SS,SS,"25","70","5","25","65","10","5","0","35","5","20","25","15","15","1",0.00045340290421,-118.98336,41.51031,-118.983605451203,41.5099287810334,6/18/2021,SC2,41.50257,-118.97894,8.6,18.8,"same site as logger, it's just a deeper riffle; high gradient","1",0.008913136372796,-118.98336,41.51031,-118.97894,41.50257
"16","16",9/18/2021,"8","13",41.5103,-118.98368,"157","35","same; observed alive",2671.05712524586,"280",Summer Camp Creek,SCC3-486,"5091",FTRF1,41.5099287810334,-118.983605451203,"35","1.3","0.13",NA,"1","0","0","0","68","68",N,"0","1","40","48","10","2","0",SS,SS,"25","70","5","25","65","10","5","0","35","5","20","25","15","15","1",0.000378630485166,-118.98368,41.5103,-118.983605451203,41.5099287810334,6/18/2021,SC2,41.50257,-118.97894,8.6,18.8,"same site as logger, it's just a deeper riffle; high gradient","1",0.009067552040113,-118.98368,41.5103,-118.97894,41.50257
"17","17",6/23/2021,"0","15",41.50293,-118.97897,na,na,Tagging event,3602.29566821803,"219",Summer Camp Creek,SCC4-15-7,"5140",FTRP12,41.5033208802072,-118.979246250734,"1.7","1.7","0.13",NA,"0","0","0","0","87","87",N,"0","0","60","16","12","12","0",ST,SP,"95","5","0","60","40","0","0","0","65","20","15","0","45","5","1",0.000478645802666,-118.97897,41.50293,-118.979246250734,41.5033208802072,6/18/2021,SC2,41.50257,-118.97894,8.6,18.8,"same site as logger, it's just a deeper riffle; high gradient","1",0.000361247837365,-118.97897,41.50293,-118.97894,41.50257
"18","18",6/30/2021,"1","15",41.50304,-118.97906,"235","20","in riffle with overhanging riparian vegetation; live fish observed",3588.004779217,"219",Summer Camp Creek,SCC4-15-7,"5140",FTRP12,41.5033208802072,-118.979246250734,"1.7","1.7","0.13",NA,"0","0","0","0","87","87",N,"0","0","60","16","12","12","0",ST,SP,"95","5","0","60","40","0","0","0","65","20","15","0","45","5","1",0.000337020810497,-118.97906,41.50304,-118.979246250734,41.5033208802072,6/18/2021,SC2,41.50257,-118.97894,8.6,18.8,"same site as logger, it's just a deeper riffle; high gradient","1",0.000485077313428,-118.97906,41.50304,-118.97894,41.50257
"19","19",7/7/2021,"2","15",41.50314,-118.9791,"236","20","undercut bank, shallow pool, LWD",3577.98926931652,"219",Summer Camp Creek,SCC4-15-7,"5140",FTRP12,41.5033208802072,-118.979246250734,"1.7","1.7","0.13",NA,"0","0","0","0","87","87",N,"0","0","60","16","12","12","0",ST,SP,"95","5","0","60","40","0","0","0","65","20","15","0","45","5","1",0.000232608956294,-118.9791,41.50314,-118.979246250734,41.5033208802072,6/18/2021,SC2,41.50257,-118.97894,8.6,18.8,"same site as logger, it's just a deeper riffle; high gradient","1",0.00059203040463,-118.9791,41.50314,-118.97894,41.50257
"20","20",7/20/2021,"3","15",41.50307,-118.97906,"223","30","in riffle, fish recorded moving",3584.8652829539,"219",Summer Camp Creek,SCC4-15-7,"5140",FTRP12,41.5033208802072,-118.979246250734,"1.7","1.7","0.13",NA,"0","0","0","0","87","87",N,"0","0","60","16","12","12","0",ST,SP,"95","5","0","60","40","0","0","0","65","20","15","0","45","5","1",0.000312458340063,-118.97906,41.50307,-118.979246250734,41.5033208802072,6/18/2021,SC2,41.50257,-118.97894,8.6,18.8,"same site as logger, it's just a deeper riffle; high gradient","1",0.000514198405292,-118.97906,41.50307,-118.97894,41.50257
"21","21",7/28/2021,"4","15",41.50306,-118.97906,"226","20","in riffle, moving",3585.91198374137,"219",Summer Camp Creek,SCC4-15-7,"5140",FTRP12,41.5033208802072,-118.979246250734,"1.7","1.7","0.13",NA,"0","0","0","0","87","87",N,"0","0","60","16","12","12","0",ST,SP,"95","5","0","60","40","0","0","0","65","20","15","0","45","5","1",0.000320543005571,-118.97906,41.50306,-118.979246250734,41.5033208802072,6/18/2021,SC2,41.50257,-118.97894,8.6,18.8,"same site as logger, it's just a deeper riffle; high gradient","1",0.000504479930227,-118.97906,41.50306,-118.97894,41.50257
"22","22",8/13/2021,"5","15",41.503,-118.97902,"235","20",in small pool,3593.42613815768,"219",Summer Camp Creek,SCC4-15-7,"5140",FTRP12,41.5033208802072,-118.979246250734,"1.7","1.7","0.13",NA,"0","0","0","0","87","87",N,"0","0","60","16","12","12","0",ST,SP,"95","5","0","60","40","0","0","0","65","20","15","0","45","5","1",0.000392623868354,-118.97902,41.503,-118.979246250734,41.5033208802072,6/18/2021,SC2,41.50257,-118.97894,8.6,18.8,"same site as logger, it's just a deeper riffle; high gradient","1",0.000437378554576,-118.97902,41.503,-118.97894,41.50257
"23","23",8/18/2021,"6","15",41.50306,-118.97903,"232","20",,3586.8382379388,"219",Summer Camp Creek,SCC4-15-7,"5140",FTRP12,41.5033208802072,-118.979246250734,"1.7","1.7","0.13",NA,"0","0","0","0","87","87",N,"0","0","60","16","12","12","0",ST,SP,"95","5","0","60","40","0","0","0","65","20","15","0","45","5","1",0.000338855223457,-118.97903,41.50306,-118.979246250734,41.5033208802072,6/18/2021,SC2,41.50257,-118.97894,8.6,18.8,"same site as logger, it's just a deeper riffle; high gradient","1",0.000498196748282,-118.97903,41.50306,-118.97894,41.50257
"24","24",9/4/2021,"7","15",41.50297,-118.97899,"231","20",,3597.49187475845,"219",Summer Camp Creek,SCC4-15-7,"5140",FTRP12,41.5033208802072,-118.979246250734,"1.7","1.7","0.13",NA,"0","0","0","0","87","87",N,"0","0","60","16","12","12","0",ST,SP,"95","5","0","60","40","0","0","0","65","20","15","0","45","5","1",0.00043448976798,-118.97899,41.50297,-118.979246250734,41.5033208802072,6/18/2021,SC2,41.50257,-118.97894,8.6,18.8,"same site as logger, it's just a deeper riffle; high gradient","1",0.000403112887414,-118.97899,41.50297,-118.97894,41.50257
"25","25",6/24/2021,"0","16",41.51601,-118.95726,na,na,Tagging event,12433.2388840239,"556",Mahogany Creek,MC7-787,"465",SSMC3,41.515973759793,-118.957246706902,"2.3","1.45","0.13","0.24","0","0","0","0","83","83",N,"0","0","60","35","5","0","0",SS,SS,"40","50","10","35","60","5","0","0","80","5","3","15","0","0","1",3.8601283116e-05,-118.95726,41.51601,-118.957246706902,41.515973759793,6/18/2021,MG5,41.51708,-118.95757,8.6,26.7,20m DS of river ford,"1",0.001114001795329,-118.95726,41.51601,-118.95757,41.51708
"26","26",6/24/2021,"0","17",41.51586,-118.95721,na,na,Tagging event,12454.4064014052,"559",Mahogany Creek,MC7-787,"468",SSLS4,41.5157853260904,-118.957205077687,"1.5","1.2","0.15","0.27","0","0","0","1","76","76",N,"0.5","0","80","20","0","0","0",SS,SS,"65","30","5","60","30","10","0","45","20","0","5","60","0","0","1",7.4835966891e-05,-118.95721,41.51586,-118.957205077687,41.5157853260904,6/18/2021,MG5,41.51708,-118.95757,8.6,26.7,20m DS of river ford,"1",0.001272006289289,-118.95721,41.51586,-118.95757,41.51708
"27","27",6/29/2021,"1","17",41.51582,-118.95726,"244","20","in pool @ bend in creek; undercut bank",12455.9916988513,"560",Mahogany Creek,MC7-787,"469",FTRF5,41.515783694801,-118.957300896038,"47","1.1","0.06",NA,"0","0","0","4","84","84",N,"0","2","50","40","10","0","0",SS,SS,"50","45","5","40","50","10","10","20","15","10","0","15","0","0","1",5.4685952478e-05,-118.95726,41.51582,-118.957300896038,41.515783694801,6/18/2021,MG5,41.51708,-118.95757,8.6,26.7,20m DS of river ford,"1",0.001297574660667,-118.95726,41.51582,-118.95757,41.51708
"28","28",7/7/2021,"2","17",41.51582,-118.95726,"227","20","Same location, bend in creek, pool, willows",12455.9916988513,"560",Mahogany Creek,MC7-787,"469",FTRF5,41.515783694801,-118.957300896038,"47","1.1","0.06",NA,"0","0","0","4","84","84",N,"0","2","50","40","10","0","0",SS,SS,"50","45","5","40","50","10","10","20","15","10","0","15","0","0","1",5.4685952478e-05,-118.95726,41.51582,-118.957300896038,41.515783694801,6/18/2021,MG5,41.51708,-118.95757,8.6,26.7,20m DS of river ford,"1",0.001297574660667,-118.95726,41.51582,-118.95757,41.51708
"29","29",7/19/2021,"3","17",41.51582,-118.95726,"232","20","Same location, observed alive, @ bend in creek",12455.9916988513,"560",Mahogany Creek,MC7-787,"469",FTRF5,41.515783694801,-118.957300896038,"47","1.1","0.06",NA,"0","0","0","4","84","84",N,"0","2","50","40","10","0","0",SS,SS,"50","45","5","40","50","10","10","20","15","10","0","15","0","0","1",5.4685952478e-05,-118.95726,41.51582,-118.957300896038,41.515783694801,6/18/2021,MG5,41.51708,-118.95757,8.6,26.7,20m DS of river ford,"1",0.001297574660667,-118.95726,41.51582,-118.95757,41.51708
"30","30",7/28/2021,"4","17",41.51582,-118.95726,"227","20",Same location,12455.9916988513,"560",Mahogany Creek,MC7-787,"469",FTRF5,41.515783694801,-118.957300896038,"47","1.1","0.06",NA,"0","0","0","4","84","84",N,"0","2","50","40","10","0","0",SS,SS,"50","45","5","40","50","10","10","20","15","10","0","15","0","0","1",5.4685952478e-05,-118.95726,41.51582,-118.957300896038,41.515783694801,6/18/2021,MG5,41.51708,-118.95757,8.6,26.7,20m DS of river ford,"1",0.001297574660667,-118.95726,41.51582,-118.95757,41.51708
"31","31",8/12/2021,"5","17",41.51582,-118.95726,"218","20","same location; upper mahogany",12455.9916988513,"560",Mahogany Creek,MC7-787,"469",FTRF5,41.515783694801,-118.957300896038,"47","1.1","0.06",NA,"0","0","0","4","84","84",N,"0","2","50","40","10","0","0",SS,SS,"50","45","5","40","50","10","10","20","15","10","0","15","0","0","1",5.4685952478e-05,-118.95726,41.51582,-118.957300896038,41.515783694801,6/18/2021,MG5,41.51708,-118.95757,8.6,26.7,20m DS of river ford,"1",0.001297574660667,-118.95726,41.51582,-118.95757,41.51708
"32","32",8/19/2021,"6","17",41.51582,-118.95726,"202","20",,12455.9916988513,"560",Mahogany Creek,MC7-787,"469",FTRF5,41.515783694801,-118.957300896038,"47","1.1","0.06",NA,"0","0","0","4","84","84",N,"0","2","50","40","10","0","0",SS,SS,"50","45","5","40","50","10","10","20","15","10","0","15","0","0","1",5.4685952478e-05,-118.95726,41.51582,-118.957300896038,41.515783694801,6/18/2021,MG5,41.51708,-118.95757,8.6,26.7,20m DS of river ford,"1",0.001297574660667,-118.95726,41.51582,-118.95757,41.51708
"33","33",9/5/2021,"7","17",41.51582,-118.95726,"250","20","same, hiding in live in channel tree",12455.9916988513,"560",Mahogany Creek,MC7-787,"469",FTRF5,41.515783694801,-118.957300896038,"47","1.1","0.06",NA,"0","0","0","4","84","84",N,"0","2","50","40","10","0","0",SS,SS,"50","45","5","40","50","10","10","20","15","10","0","15","0","0","1",5.4685952478e-05,-118.95726,41.51582,-118.957300896038,41.515783694801,6/18/2021,MG5,41.51708,-118.95757,8.6,26.7,20m DS of river ford,"1",0.001297574660667,-118.95726,41.51582,-118.95757,41.51708
"34","34",9/18/2021,"8","17",41.51582,-118.95722,"228","25",@ bend in creek,12457.8088709979,"559",Mahogany Creek,MC7-787,"468",SSLS4,41.5157853260904,-118.957205077687,"1.5","1.2","0.15","0.27","0","0","0","1","76","76",N,"0.5","0","80","20","0","0","0",SS,SS,"65","30","5","60","30","10","0","45","20","0","5","60","0","0","1",3.7748581859e-05,-118.95722,41.51582,-118.957205077687,41.5157853260904,6/18/2021,MG5,41.51708,-118.95757,8.6,26.7,20m DS of river ford,"1",0.00130770791846,-118.95722,41.51582,-118.95757,41.51708
"35","35",6/23/2021,"0","18",41.50279,-118.97889,na,na,Tagging event,3619.41723119551,"219",Summer Camp Creek,SCC4-15-7,"5140",FTRP12,41.5033208802072,-118.979246250734,"1.7","1.7","0.13",NA,"0","0","0","0","87","87",N,"0","0","60","16","12","12","0",ST,SP,"95","5","0","60","40","0","0","0","65","20","15","0","45","5","1",0.000639334325579,-118.97889,41.50279,-118.979246250734,41.5033208802072,6/18/2021,SC2,41.50257,-118.97894,8.6,18.8,"same site as logger, it's just a deeper riffle; high gradient","1",0.00022561028345,-118.97889,41.50279,-118.97894,41.50257
"36","36",6/30/2021,"1","18",41.50283,-118.97885,"240","20","Same location as when tagged; elevation 2143m",3616.46640859905,"219",Summer Camp Creek,SCC4-15-7,"5140",FTRP12,41.5033208802072,-118.979246250734,"1.7","1.7","0.13",NA,"0","0","0","0","87","87",N,"0","0","60","16","12","12","0",ST,SP,"95","5","0","60","40","0","0","0","65","20","15","0","45","5","1",0.000630854992856,-118.97885,41.50283,-118.979246250734,41.5033208802072,6/18/2021,SC2,41.50257,-118.97894,8.6,18.8,"same site as logger, it's just a deeper riffle; high gradient","1",0.000275136329848,-118.97885,41.50283,-118.97894,41.50257
"37","37",7/7/2021,"2","18",41.50288,-118.97883,"243","20",moved US one pool,3611.85153674708,"219",Summer Camp Creek,SCC4-15-7,"5140",FTRP12,41.5033208802072,-118.979246250734,"1.7","1.7","0.13",NA,"0","0","0","0","87","87",N,"0","0","60","16","12","12","0",ST,SP,"95","5","0","60","40","0","0","0","65","20","15","0","45","5","1",0.000606333266982,-118.97883,41.50288,-118.979246250734,41.5033208802072,6/18/2021,SC2,41.50257,-118.97894,8.6,18.8,"same site as logger, it's just a deeper riffle; high gradient","1",0.000328937684064,-118.97883,41.50288,-118.97894,41.50257
"38","38",7/20/2021,"3","18",41.50281,-118.97882,"229","20","Same location, in head of pool",3619.48582740671,"219",Summer Camp Creek,SCC4-15-7,"5140",FTRP12,41.5033208802072,-118.979246250734,"1.7","1.7","0.13",NA,"0","0","0","0","87","87",N,"0","0","60","16","12","12","0",ST,SP,"95","5","0","60","40","0","0","0","65","20","15","0","45","5","1",0.000665348235393,-118.97882,41.50281,-118.979246250734,41.5033208802072,6/18/2021,SC2,41.50257,-118.97894,8.6,18.8,"same site as logger, it's just a deeper riffle; high gradient","1",0.000268328157296,-118.97882,41.50281,-118.97894,41.50257
"39","39",7/28/2021,"4","18",41.50284,-118.97884,"224","20","Same location, alive, undercut bank, willows",3615.72869432666,"219",Summer Camp Creek,SCC4-15-7,"5140",FTRP12,41.5033208802072,-118.979246250734,"1.7","1.7","0.13",NA,"0","0","0","0","87","87",N,"0","0","60","16","12","12","0",ST,SP,"95","5","0","60","40","0","0","0","65","20","15","0","45","5","1",0.000629512059092,-118.97884,41.50284,-118.979246250734,41.5033208802072,6/18/2021,SC2,41.50257,-118.97894,8.6,18.8,"same site as logger, it's just a deeper riffle; high gradient","1",0.000287923600974,-118.97884,41.50284,-118.97894,41.50257
"40","40",8/13/2021,"5","18",41.50281,-118.97886,"236","20",seen with 3 other fish in pool,3618.25065107783,"219",Summer Camp Creek,SCC4-15-7,"5140",FTRP12,41.5033208802072,-118.979246250734,"1.7","1.7","0.13",NA,"0","0","0","0","87","87",N,"0","0","60","16","12","12","0",ST,SP,"95","5","0","60","40","0","0","0","65","20","15","0","45","5","1",0.000640459378589,-118.97886,41.50281,-118.979246250734,41.5033208802072,6/18/2021,SC2,41.50257,-118.97894,8.6,18.8,"same site as logger, it's just a deeper riffle; high gradient","1",0.000252982212811,-118.97886,41.50281,-118.97894,41.50257
"41","41",9/4/2021,"7","18",41.5029,-118.97883,"238","20","same; heavy grazing in SC2 area",3609.75841644069,"219",Summer Camp Creek,SCC4-15-7,"5140",FTRP12,41.5033208802072,-118.979246250734,"1.7","1.7","0.13",NA,"0","0","0","0","87","87",N,"0","0","60","16","12","12","0",ST,SP,"95","5","0","60","40","0","0","0","65","20","15","0","45","5","1",0.000591950016777,-118.97883,41.5029,-118.979246250734,41.5033208802072,6/18/2021,SC2,41.50257,-118.97894,8.6,18.8,"same site as logger, it's just a deeper riffle; high gradient","1",0.000347850542614,-118.97883,41.5029,-118.97894,41.50257
"42","42",6/24/2021,"0","19",41.51348,-118.95605,na,na,Tagging event,12735.4304252503,"340",Mahogany Creek,MC7-817,"331",SSMC1,41.5126643597318,-118.955888777485,"1","1.06","0.1","0.3","0","0","0","0","96","96",Y,"0","0","70","25","5","0","0",SP,SP,"50","49","1","50","49","1","0","0","40","3","0","0","35","1","1",0.000831421521525,-118.95605,41.51348,-118.955888777485,41.5126643597318,6/18/2021,MG5,41.51708,-118.95757,8.6,26.7,20m DS of river ford,"1",0.003907735917381,-118.95605,41.51348,-118.95757,41.51708
"43","43",6/29/2021,"1","19",41.51349,-118.95596,"244","20","Same location as when tagged; under SWD in pool",12737.7335127845,"340",Mahogany Creek,MC7-817,"331",SSMC1,41.5126643597318,-118.955888777485,"1","1.06","0.1","0.3","0","0","0","0","96","96",Y,"0","0","70","25","5","0","0",SP,SP,"50","49","1","50","49","1","0","0","40","3","0","0","35","1","1",0.000828706521702,-118.95596,41.51349,-118.955888777485,41.5126643597318,6/18/2021,MG5,41.51708,-118.95757,8.6,26.7,20m DS of river ford,"1",0.00393448853093,-118.95596,41.51349,-118.95757,41.51708
"44","44",6/23/2021,"0","20",41.54155,-119.00477,na,na,Tagging event,6239.30368894502,"104",Mahogany Creek,MC3-380,"140",FNRN11,41.5415552443575,-119.005191659653,"10.3","1.94","0.21",NA,"1","0","0","2","79","79",Y,"0","7.3","73","25","2","0","0",SS,SS,"45","53","2","53","46","1","0","3","65","70","2","20","57","55","1",0.000421692264873,-119.00477,41.54155,-119.005191659653,41.5415552443575,6/18/2021,MG2,41.54489,-119.01041,10,21.1,same pool as logger,"1",0.006554784512095,-119.00477,41.54155,-119.01041,41.54489
"45","45",6/28/2021,"1","20",41.54123,-119.00474,"232","20","near RCT, under willow, same location as when tagged",6261.76912869048,"104",Mahogany Creek,MC3-380,"140",FNRN11,41.5415552443575,-119.005191659653,"10.3","1.94","0.21",NA,"1","0","0","2","79","79",Y,"0","7.3","73","25","2","0","0",SS,SS,"45","53","2","53","46","1","0","3","65","70","2","20","57","55","1",0.000556579135638,-119.00474,41.54123,-119.005191659653,41.5415552443575,6/18/2021,MG2,41.54489,-119.01041,10,21.1,same pool as logger,"1",0.006748666534951,-119.00474,41.54123,-119.01041,41.54489
"46","46",7/6/2021,"2","20",41.54129,-119.00484,"248","20",REALLY undercut bank in willow thicket,6250.70680517356,"104",Mahogany Creek,MC3-380,"140",FNRN11,41.5415552443575,-119.005191659653,"10.3","1.94","0.21",NA,"1","0","0","2","79","79",Y,"0","7.3","73","25","2","0","0",SS,SS,"45","53","2","53","46","1","0","3","65","70","2","20","57","55","1",0.000440475970659,-119.00484,41.54129,-119.005191659653,41.5415552443575,6/18/2021,MG2,41.54489,-119.01041,10,21.1,same pool as logger,"1",0.006632111277712,-119.00484,41.54129,-119.01041,41.54489
"47","47",7/18/2021,"3","20",41.54123,-119.00479,"208","20","same location, in willow thicket, dense riparian vegetation",6258.1399524852,"104",Mahogany Creek,MC3-380,"140",FNRN11,41.5415552443575,-119.005191659653,"10.3","1.94","0.21",NA,"1","0","0","2","79","79",Y,"0","7.3","73","25","2","0","0",SS,SS,"45","53","2","53","46","1","0","3","65","70","2","20","57","55","1",0.000516831083554,-119.00479,41.54123,-119.005191659653,41.5415552443575,6/18/2021,MG2,41.54489,-119.01041,10,21.1,same pool as logger,"1",0.006706713054839,-119.00479,41.54123,-119.01041,41.54489
"48","48",7/27/2021,"4","20",41.54122,-119.00478,"220","20","moved 5m US, undercut in deep riffle, LIKELY DEAD AT THIS RECAP",6259.49977172974,"104",Mahogany Creek,MC3-380,"140",FNRN11,41.5415552443575,-119.005191659653,"10.3","1.94","0.21",NA,"1","0","0","2","79","79",Y,"0","7.3","73","25","2","0","0",SS,SS,"45","53","2","53","46","1","0","3","65","70","2","20","57","55","1",0.000530897776542,-119.00478,41.54122,-119.005191659653,41.5415552443575,6/18/2021,MG2,41.54489,-119.01041,10,21.1,same pool as logger,"1",0.006720550572681,-119.00478,41.54122,-119.01041,41.54489
"49","49",na,"6","20",41.54125,-119.00481,"250","20","dead tag, found 1m away from wetted edge, likely dead for awhile",6255.42029357891,"104",Mahogany Creek,MC3-380,"140",FNRN11,41.5415552443575,-119.005191659653,"10.3","1.94","0.21",NA,"1","0","0","2","79","79",Y,"0","7.3","73","25","2","0","0",SS,SS,"45","53","2","53","46","1","0","3","65","70","2","20","57","55","1",0.0004887107616,-119.00481,41.54125,-119.005191659653,41.5415552443575,6/18/2021,MG2,41.54489,-119.01041,10,21.1,same pool as logger,"1",0.006679041847442,-119.00481,41.54125,-119.01041,41.54489
"50","50",6/23/2021,"0","21",41.51203,-118.98547,na,na,Tagging event,2425.19433888407,"280",Summer Camp Creek,SCC3-486,"5091",FTRF1,41.5099287810334,-118.983605451203,"35","1.3","0.13",NA,"1","0","0","0","68","68",N,"0","1","40","48","10","2","0",SS,SS,"25","70","5","25","65","10","5","0","35","5","20","25","15","15","1",0.002809210451711,-118.98547,41.51203,-118.983605451203,41.5099287810334,6/18/2021,SC2,41.50257,-118.97894,8.6,18.8,"same site as logger, it's just a deeper riffle; high gradient","1",0.011494890169125,-118.98547,41.51203,-118.97894,41.50257
"51","51",6/30/2021,"1","21",41.51205,-118.98547,"212","20","fish observed alive; in shallow pool; live in channel tree",2423.53713817112,"280",Summer Camp Creek,SCC3-486,"5091",FTRF1,41.5099287810334,-118.983605451203,"35","1.3","0.13",NA,"1","0","0","0","68","68",N,"0","1","40","48","10","2","0",SS,SS,"25","70","5","25","65","10","5","0","35","5","20","25","15","15","1",0.002824201147345,-118.98547,41.51205,-118.983605451203,41.5099287810334,6/18/2021,SC2,41.50257,-118.97894,8.6,18.8,"same site as logger, it's just a deeper riffle; high gradient","1",0.011511355263401,-118.98547,41.51205,-118.97894,41.50257
"52","52",7/7/2021,"2","21",41.51205,-118.98548,"229","20","Smae location, LIKELY DEAD TAG",2422.93568544228,"280",Summer Camp Creek,SCC3-486,"5091",FTRF1,41.5099287810334,-118.983605451203,"35","1.3","0.13",NA,"1","0","0","0","68","68",N,"0","1","40","48","10","2","0",SS,SS,"25","70","5","25","65","10","5","0","35","5","20","25","15","15","1",0.002830813151122,-118.98548,41.51205,-118.983605451203,41.5099287810334,6/18/2021,SC2,41.50257,-118.97894,8.6,18.8,"same site as logger, it's just a deeper riffle; high gradient","1",0.011517030867376,-118.98548,41.51205,-118.97894,41.50257
"53","53",7/20/2021,"3","21",41.51202,-118.98544,"228","20","Previously thought dead, observed alive @ head of pool",2427.82733859769,"280",Summer Camp Creek,SCC3-486,"5091",FTRF1,41.5099287810334,-118.983605451203,"35","1.3","0.13",NA,"1","0","0","0","68","68",N,"0","1","40","48","10","2","0",SS,SS,"25","70","5","25","65","10","5","0","35","5","20","25","15","15","1",0.002781863773589,-118.98544,41.51202,-118.983605451203,41.5099287810334,6/18/2021,SC2,41.50257,-118.97894,8.6,18.8,"same site as logger, it's just a deeper riffle; high gradient","1",0.011469633821533,-118.98544,41.51202,-118.97894,41.50257
"54","54",7/28/2021,"4","21",41.51201,-118.98544,"246","20","Under LWD, same",2428.6559555524,"280",Summer Camp Creek,SCC3-486,"5091",FTRF1,41.5099287810334,-118.983605451203,"35","1.3","0.13",NA,"1","0","0","0","68","68",N,"0","1","40","48","10","2","0",SS,SS,"25","70","5","25","65","10","5","0","35","5","20","25","15","15","1",0.002774354280812,-118.98544,41.51201,-118.983605451203,41.5099287810334,6/18/2021,SC2,41.50257,-118.97894,8.6,18.8,"same site as logger, it's just a deeper riffle; high gradient","1",0.011461396075522,-118.98544,41.51201,-118.97894,41.50257
"55","55",8/13/2021,"5","21",41.51201,-118.98544,"250","20","undercut, behind rock",2428.6559555524,"280",Summer Camp Creek,SCC3-486,"5091",FTRF1,41.5099287810334,-118.983605451203,"35","1.3","0.13",NA,"1","0","0","0","68","68",N,"0","1","40","48","10","2","0",SS,SS,"25","70","5","25","65","10","5","0","35","5","20","25","15","15","1",0.002774354280812,-118.98544,41.51201,-118.983605451203,41.5099287810334,6/18/2021,SC2,41.50257,-118.97894,8.6,18.8,"same site as logger, it's just a deeper riffle; high gradient","1",0.011461396075522,-118.98544,41.51201,-118.97894,41.50257
"56","56",8/18/2021,"6","21",41.51201,-118.98544,"250","20",Undercut behind rock,2428.6559555524,"280",Summer Camp Creek,SCC3-486,"5091",FTRF1,41.5099287810334,-118.983605451203,"35","1.3","0.13",NA,"1","0","0","0","68","68",N,"0","1","40","48","10","2","0",SS,SS,"25","70","5","25","65","10","5","0","35","5","20","25","15","15","1",0.002774354280812,-118.98544,41.51201,-118.983605451203,41.5099287810334,6/18/2021,SC2,41.50257,-118.97894,8.6,18.8,"same site as logger, it's just a deeper riffle; high gradient","1",0.011461396075522,-118.98544,41.51201,-118.97894,41.50257
"57","57",9/4/2021,"7","21",41.51202,-118.98547,"240","20",same,2426.02297911514,"280",Summer Camp Creek,SCC3-486,"5091",FTRF1,41.5099287810334,-118.983605451203,"35","1.3","0.13",NA,"1","0","0","0","68","68",N,"0","1","40","48","10","2","0",SS,SS,"25","70","5","25","65","10","5","0","35","5","20","25","15","15","1",0.002801738564295,-118.98547,41.51202,-118.983605451203,41.5099287810334,6/18/2021,SC2,41.50257,-118.97894,8.6,18.8,"same site as logger, it's just a deeper riffle; high gradient","1",0.011486661830148,-118.98547,41.51202,-118.97894,41.50257
"58","58",9/18/2021,"8","21",41.51202,-118.98547,"244","20",same,2426.02297911514,"280",Summer Camp Creek,SCC3-486,"5091",FTRF1,41.5099287810334,-118.983605451203,"35","1.3","0.13",NA,"1","0","0","0","68","68",N,"0","1","40","48","10","2","0",SS,SS,"25","70","5","25","65","10","5","0","35","5","20","25","15","15","1",0.002801738564295,-118.98547,41.51202,-118.983605451203,41.5099287810334,6/18/2021,SC2,41.50257,-118.97894,8.6,18.8,"same site as logger, it's just a deeper riffle; high gradient","1",0.011486661830148,-118.98547,41.51202,-118.97894,41.50257
"59","59",6/22/2021,"0","22",41.53192,-118.99353,na,na,Tagging event,7943.22130084327,"105",Mahogany Creek,MC5-501,"211",SSLS1,41.532078239842,-118.993391894111,"12","2.1","0.55","0.26","0","0","0","1","27","27",Y,"0","6","70","30","0","0","0",SS,ST,"2","98","0","5","94","1","50","0","0","0","4","5","65","4","1",0.000210031150488,-118.99353,41.53192,-118.993391894111,41.532078239842,6/18/2021,MG3,41.53177,-118.99426,8.7,30.5,5m DS of logger,"1",0.000745251635345,-118.99353,41.53192,-118.99426,41.53177
"60","60",6/29/2021,"1","22",41.53192,-118.99349,"230","20","same location as when tagged; near willow thicket",7945.99592004095,"105",Mahogany Creek,MC5-501,"211",SSLS1,41.532078239842,-118.993391894111,"12","2.1","0.55","0.26","0","0","0","1","27","27",Y,"0","6","70","30","0","0","0",SS,ST,"2","98","0","5","94","1","50","0","0","0","4","5","65","4","1",0.000186184352329,-118.99349,41.53192,-118.993391894111,41.532078239842,6/18/2021,MG3,41.53177,-118.99426,8.7,30.5,5m DS of logger,"1",0.000784474346301,-118.99349,41.53192,-118.99426,41.53177
"61","61",7/6/2021,"2","22",41.53194,-118.99344,"223","20","small pool under willows, OBSERVED",7950.85713002834,"105",Mahogany Creek,MC5-501,"211",SSLS1,41.532078239842,-118.993391894111,"12","2.1","0.55","0.26","0","0","0","1","27","27",Y,"0","6","70","30","0","0","0",SS,ST,"2","98","0","5","94","1","50","0","0","0","4","5","65","4","1",0.000146370866206,-118.99344,41.53194,-118.993391894111,41.532078239842,6/18/2021,MG3,41.53177,-118.99426,8.7,30.5,5m DS of logger,"1",0.000837436564752,-118.99344,41.53194,-118.99426,41.53177
"62","62",7/18/2021,"3","22",41.53193,-118.99347,"236","20","Same location, in pool, riparian vegetation, willow thicket",7948.0796245765,"105",Mahogany Creek,MC5-501,"211",SSLS1,41.532078239842,-118.993391894111,"12","2.1","0.55","0.26","0","0","0","1","27","27",Y,"0","6","70","30","0","0","0",SS,ST,"2","98","0","5","94","1","50","0","0","0","4","5","65","4","1",0.000167557693504,-118.99347,41.53193,-118.993391894111,41.532078239842,6/18/2021,MG3,41.53177,-118.99426,8.7,30.5,5m DS of logger,"1",0.000806039701251,-118.99347,41.53193,-118.99426,41.53177
"63","63",6/22/2021,"0","23",41.53289,-118.99067,na,na,Tagging event,8225.39438188481,"134",Mahogany Creek,MC5-501,"230",SSMC10,41.5329438699524,-118.99177631864,"2.5","1.4","0.2","0.31","1","1","0","0","81","81",Y,"2","1","84","12","2","2","0",ST,SS,"30","0","70","40","59","1","1","1","55","3","0","5","55","2","1",0.001107629407794,-118.99067,41.53289,-118.99177631864,41.5329438699524,6/18/2021,MG4,41.53231235,-118.98891604,8.6,14.4,same as logger site,"1",0.001846633478539,-118.99067,41.53289,-118.98891604,41.53231235
"64","64",6/29/2021,"1","23",41.53293,-118.99077,"228","20","confirmed alive; near bend in creek; in pool",8216.68908269211,"134",Mahogany Creek,MC5-501,"230",SSMC10,41.5329438699524,-118.99177631864,"2.5","1.4","0.2","0.31","1","1","0","0","81","81",Y,"2","1","84","12","2","2","0",ST,SS,"30","0","70","40","59","1","1","1","55","3","0","5","55","2","1",0.0010064142193,-118.99077,41.53293,-118.99177631864,41.5329438699524,6/18/2021,MG4,41.53231235,-118.98891604,8.6,14.4,same as logger site,"1",0.001954138993027,-118.99077,41.53293,-118.98891604,41.53231235
"65","65",7/6/2021,"2","23",41.53291,-118.99072,"220","20","Same location, in willow thicket, under undercut",8221.0417412724,"134",Mahogany Creek,MC5-501,"230",SSMC10,41.5329438699524,-118.99177631864,"2.5","1.4","0.2","0.31","1","1","0","0","81","81",Y,"2","1","84","12","2","2","0",ST,SS,"30","0","70","40","59","1","1","1","55","3","0","5","55","2","1",0.001056861506021,-118.99072,41.53291,-118.99177631864,41.5329438699524,6/18/2021,MG4,41.53231235,-118.98891604,8.6,14.4,same as logger site,"1",0.001900383436064,-118.99072,41.53291,-118.98891604,41.53231235
"66","66",7/18/2021,"3","23",41.53292,-118.99075,"210","20","Observed alive, same location, @ bend in creek",8218.44887689032,"134",Mahogany Creek,MC5-501,"230",SSMC10,41.5329438699524,-118.99177631864,"2.5","1.4","0.2","0.31","1","1","0","0","81","81",Y,"2","1","84","12","2","2","0",ST,SS,"30","0","70","40","59","1","1","1","55","3","0","5","55","2","1",0.001026596184213,-118.99075,41.53292,-118.99177631864,41.5329438699524,6/18/2021,MG4,41.53231235,-118.98891604,8.6,14.4,same as logger site,"1",0.00193200616047,-118.99075,41.53292,-118.98891604,41.53231235
"67","67",7/28/2021,"4","23",41.53292,-118.99077,"221","20","Seen alive, bend in creek, willow thickets, Same location",8216.7821129014,"134",Mahogany Creek,MC5-501,"230",SSMC10,41.5329438699524,-118.99177631864,"2.5","1.4","0.2","0.31","1","1","0","0","81","81",Y,"2","1","84","12","2","2","0",ST,SS,"30","0","70","40","59","1","1","1","55","3","0","5","55","2","1",0.001006601698716,-118.99077,41.53292,-118.99177631864,41.5329438699524,6/18/2021,MG4,41.53231235,-118.98891604,8.6,14.4,same as logger site,"1",0.001951001333692,-118.99077,41.53292,-118.98891604,41.53231235
"68","68",6/23/2021,"0","24",41.51197,-118.9854,na,na,Tagging event,2434.37622364857,"280",Summer Camp Creek,SCC3-486,"5091",FTRF1,41.5099287810334,-118.983605451203,"35","1.3","0.13",NA,"1","0","0","0","68","68",N,"0","1","40","48","10","2","0",SS,SS,"25","70","5","25","65","10","5","0","35","5","20","25","15","15","1",0.002717899971372,-118.9854,41.51197,-118.983605451203,41.5099287810334,6/18/2021,SC2,41.50257,-118.97894,8.6,18.8,"same site as logger, it's just a deeper riffle; high gradient","1",0.011405770469374,-118.9854,41.51197,-118.97894,41.50257
"69","69",6/30/2021,"1","24",41.51323,-118.98619,"221","20","moving DS; DS of gravel road ford; found in willows",2269.03833796688,"280",Summer Camp Creek,SCC3-486,"5091",FTRF1,41.5099287810334,-118.983605451203,"35","1.3","0.13",NA,"1","0","0","0","68","68",N,"0","1","40","48","10","2","0",SS,SS,"25","70","5","25","65","10","5","0","35","5","20","25","15","15","1",0.004192605293781,-118.98619,41.51323,-118.983605451203,41.5099287810334,6/18/2021,SC1,41.52543,-118.98546,8.4,24.9,max depth under barbed wire,"1",0.012221820649968,-118.98619,41.51323,-118.98546,41.52543
"70","70",7/7/2021,"2","24",41.51319,-118.98618,"213","20","Same location, below creek ford, dense willows",2272.63750048358,"280",Summer Camp Creek,SCC3-486,"5091",FTRF1,41.5099287810334,-118.983605451203,"35","1.3","0.13",NA,"1","0","0","0","68","68",N,"0","1","40","48","10","2","0",SS,SS,"25","70","5","25","65","10","5","0","35","5","20","25","15","15","1",0.004154979019952,-118.98618,41.51319,-118.983605451203,41.5099287810334,6/18/2021,SC1,41.52543,-118.98546,8.4,24.9,max depth under barbed wire,"1",0.012261158183466,-118.98618,41.51319,-118.98546,41.52543
"71","71",7/20/2021,"3","24",41.51332,-118.98614,"234","20","Observed alive, narrow, incised part of creek, moved DS slightly",2232.03391299798,"280",Summer Camp Creek,SCC3-486,"5091",FTRF1,41.5099287810334,-118.983605451203,"35","1.3","0.13",NA,"1","0","0","0","68","68",N,"0","1","40","48","10","2","0",SS,SS,"25","70","5","25","65","10","5","0","35","5","20","25","15","15","1",0.004233710392055,-118.98614,41.51332,-118.983605451203,41.5099287810334,6/18/2021,SC1,41.52543,-118.98546,8.4,24.9,max depth under barbed wire,"1",0.01212907663427,-118.98614,41.51332,-118.98546,41.52543
"72","72",7/28/2021,"4","24",41.51328,-118.9861,"233","20","Same location, Seen alive",2260.44016148283,"280",Summer Camp Creek,SCC3-486,"5091",FTRF1,41.5099287810334,-118.983605451203,"35","1.3","0.13",NA,"1","0","0","0","68","68",N,"0","1","40","48","10","2","0",SS,SS,"25","70","5","25","65","10","5","0","35","5","20","25","15","15","1",0.004177731712623,-118.9861,41.51328,-118.983605451203,41.5099287810334,6/18/2021,SC1,41.52543,-118.98546,8.4,24.9,max depth under barbed wire,"1",0.012166844290939,-118.9861,41.51328,-118.98546,41.52543
"73","73",6/23/2021,"0","25",41.54155,-119.00477,na,na,Tagging event,6239.30368894502,"104",Mahogany Creek,MC3-380,"140",FNRN11,41.5415552443575,-119.005191659653,"10.3","1.94","0.21",NA,"1","0","0","2","79","79",Y,"0","7.3","73","25","2","0","0",SS,SS,"45","53","2","53","46","1","0","3","65","70","2","20","57","55","1",0.000421692264873,-119.00477,41.54155,-119.005191659653,41.5415552443575,6/18/2021,MG2,41.54489,-119.01041,10,21.1,same pool as logger,"1",0.006554784512095,-119.00477,41.54155,-119.01041,41.54489
"74","74",6/28/2021,"1","25",41.54094,-119.00442,"222","20",moved US into willow thicket,6303.38177772405,"104",Mahogany Creek,MC3-380,"140",FNRN11,41.5415552443575,-119.005191659653,"10.3","1.94","0.21",NA,"1","0","0","2","79","79",Y,"0","7.3","73","25","2","0","0",SS,SS,"45","53","2","53","46","1","0","3","65","70","2","20","57","55","1",0.000986906398549,-119.00442,41.54094,-119.005191659653,41.5415552443575,6/18/2021,MG2,41.54489,-119.01041,10,21.1,same pool as logger,"1",0.007175137629341,-119.00442,41.54094,-119.01041,41.54489
"75","75",7/6/2021,"2","25",41.54097,-119.00445,"212","25","Same location, in willow thicket",6299.30226874482,"104",Mahogany Creek,MC3-380,"140",FNRN11,41.5415552443575,-119.005191659653,"10.3","1.94","0.21",NA,"1","0","0","2","79","79",Y,"0","7.3","73","25","2","0","0",SS,SS,"45","53","2","53","46","1","0","3","65","70","2","20","57","55","1",0.000944759227978,-119.00445,41.54097,-119.005191659653,41.5415552443575,6/18/2021,MG2,41.54489,-119.01041,10,21.1,same pool as logger,"1",0.007133582550154,-119.00445,41.54097,-119.01041,41.54489
"76","76",7/18/2021,"3","25",41.54096,-119.00443,"206","25","Same location, deep willow thicket, in riffle",6301.38793780156,"104",Mahogany Creek,MC3-380,"140",FNRN11,41.5415552443575,-119.005191659653,"10.3","1.94","0.21",NA,"1","0","0","2","79","79",Y,"0","7.3","73","25","2","0","0",SS,SS,"45","53","2","53","46","1","0","3","65","70","2","20","57","55","1",0.000966665025814,-119.00443,41.54096,-119.005191659653,41.5415552443575,6/18/2021,MG2,41.54489,-119.01041,10,21.1,same pool as logger,"1",0.007155787867171,-119.00443,41.54096,-119.01041,41.54489
"77","77",7/27/2021,"4","25",41.54094,-119.00444,"195","30","Dense willow thicket, Same location",6301.93009965093,"104",Mahogany Creek,MC3-380,"140",FNRN11,41.5415552443575,-119.005191659653,"10.3","1.94","0.21",NA,"1","0","0","2","79","79",Y,"0","7.3","73","25","2","0","0",SS,SS,"45","53","2","53","46","1","0","3","65","70","2","20","57","55","1",0.000971348471645,-119.00444,41.54094,-119.005191659653,41.5415552443575,6/18/2021,MG2,41.54489,-119.01041,10,21.1,same pool as logger,"1",0.007158449552795,-119.00444,41.54094,-119.01041,41.54489
"78","78",8/12/2021,"5","25",41.54094,-119.00442,"200","25",under willows,6303.38177772405,"104",Mahogany Creek,MC3-380,"140",FNRN11,41.5415552443575,-119.005191659653,"10.3","1.94","0.21",NA,"1","0","0","2","79","79",Y,"0","7.3","73","25","2","0","0",SS,SS,"45","53","2","53","46","1","0","3","65","70","2","20","57","55","1",0.000986906398549,-119.00442,41.54094,-119.005191659653,41.5415552443575,6/18/2021,MG2,41.54489,-119.01041,10,21.1,same pool as logger,"1",0.007175137629341,-119.00442,41.54094,-119.01041,41.54489
"79","79",8/17/2021,"6","25",41.54091,-119.00429,"199","25","moved US, bend in creek, dense willows",6314.71963582704,"104",Mahogany Creek,MC3-380,"140",FNRN11,41.5415552443575,-119.005191659653,"10.3","1.94","0.21",NA,"1","0","0","2","79","79",Y,"0","7.3","73","25","2","0","0",SS,SS,"45","53","2","53","46","1","0","3","65","70","2","20","57","55","1",0.001108751735388,-119.00429,41.54091,-119.005191659653,41.5415552443575,6/18/2021,MG2,41.54489,-119.01041,10,21.1,same pool as logger,"1",0.00730032875972,-119.00429,41.54091,-119.01041,41.54489
"80","80",9/5/2021,"7","25",41.541,-119.00455,"201","30",Moved DS 10m,6290.14192115421,"104",Mahogany Creek,MC3-380,"140",FNRN11,41.5415552443575,-119.005191659653,"10.3","1.94","0.21",NA,"1","0","0","2","79","79",Y,"0","7.3","73","25","2","0","0",SS,SS,"45","53","2","53","46","1","0","3","65","70","2","20","57","55","1",0.000848541929914,-119.00455,41.541,-119.005191659653,41.5415552443575,6/18/2021,MG2,41.54489,-119.01041,10,21.1,same pool as logger,"1",0.007033612158772,-119.00455,41.541,-119.01041,41.54489
"81","81",9/18/2021,"8","25",41.54094,-119.00441,"220","20",Moved 5m US,6304.10761038331,"104",Mahogany Creek,MC3-380,"140",FNRN11,41.5415552443575,-119.005191659653,"10.3","1.94","0.21",NA,"1","0","0","2","79","79",Y,"0","7.3","73","25","2","0","0",SS,SS,"45","53","2","53","46","1","0","3","65","70","2","20","57","55","1",0.000994744908286,-119.00441,41.54094,-119.005191659653,41.5415552443575,6/18/2021,MG2,41.54489,-119.01041,10,21.1,same pool as logger,"1",0.007183488010711,-119.00441,41.54094,-119.01041,41.54489
"82","82",6/25/2021,"0","26",41.53737,-119.00085,na,na,Tagging event,6843.50840504959,"379",Mahogany Creek,MC3-458,"151",FTRF1,41.536702754398,-118.999899178992,"6","2","0.15",NA,"0","0","0","0","95","95",N,"3.5","2","65","20","14","1","0",SS,SS,"57","43","0","92","8","0","0","92","2","2","0","1","60","75","1",0.0011615839542,-119.00085,41.53737,-118.999899178992,41.536702754398,6/18/2021,MG3,41.53177,-118.99426,8.7,30.5,5m DS of logger,"1",0.008648011332095,-119.00085,41.53737,-118.99426,41.53177
"83","83",6/29/2021,"1","26",41.53738,-119.00085,"238","20","same location as when tagged; undercut bank/pool",6844.59188594958,"379",Mahogany Creek,MC3-458,"151",FTRF1,41.536702754398,-118.999899178992,"6","2","0.15",NA,"0","0","0","0","95","95",N,"3.5","2","65","20","14","1","0",SS,SS,"57","43","0","92","8","0","0","92","2","2","0","1","60","75","1",0.00116735692686,-119.00085,41.53738,-118.999899178992,41.536702754398,6/18/2021,MG3,41.53177,-118.99426,8.7,30.5,5m DS of logger,"1",0.008654490164071,-119.00085,41.53738,-118.99426,41.53177
"84","84",6/24/2021,"0","27",41.53241,-118.98883,na,na,Tagging event,8403.29903545081,"145",Mahogany Creek,MC5-555,"251",SSLS6,41.5325372465185,-118.988731254425,"4.75","1.16","0.13","0.3","0","0","0","0","93","93",N,"0.79","0","95","4","0","1","0",SS,SS,"95","4","1","90","9","1","0","0","85","95","0","0","80","90","1",0.000161066337422,-118.98883,41.53241,-118.988731254425,41.5325372465185,6/18/2021,MG4,41.53231235,-118.98891604,8.6,14.4,same as logger site,"1",0.000130147624267,-118.98883,41.53241,-118.98891604,41.53231235
"85","85",6/29/2021,"1","27",41.53306,-118.99123,"205","30","fish observed; moved DS from MG4+ to below confluence",8179.18519505906,"134",Mahogany Creek,MC5-501,"230",SSMC10,41.5329438699524,-118.99177631864,"2.5","1.4","0.2","0.31","1","1","0","0","81","81",Y,"2","1","84","12","2","2","0",ST,SS,"30","0","70","40","59","1","1","1","55","3","0","5","55","2","1",0.000558525061544,-118.99123,41.53306,-118.99177631864,41.5329438699524,6/18/2021,MG4,41.53231235,-118.98891604,8.6,14.4,same as logger site,"1",0.002431746574806,-118.99123,41.53306,-118.98891604,41.53231235
"86","86",7/6/2021,"2","27",41.53304,-118.99126,"220","20","Same location, shallow pool in willow/aspen thicket",8176.34609736845,"134",Mahogany Creek,MC5-501,"230",SSMC10,41.5329438699524,-118.99177631864,"2.5","1.4","0.2","0.31","1","1","0","0","81","81",Y,"2","1","84","12","2","2","0",ST,SS,"30","0","70","40","59","1","1","1","55","3","0","5","55","2","1",0.0005251913214,-118.99126,41.53304,-118.99177631864,41.5329438699524,6/18/2021,MG4,41.53231235,-118.98891604,8.6,14.4,same as logger site,"1",0.002454307031334,-118.99126,41.53304,-118.98891604,41.53231235
"87","87",6/24/2021,"0","28",41.53256,-118.98864,na,na,Tagging event,8423.51442620559,"146",Mahogany Creek,MC5-555,"252",FNRN6,41.5326025400404,-118.988601403353,"7","0.81","0.13",NA,"0","0","0","0","85","85",N,"0.91","3","95","2","1","2","0",SS,SS,"95","4","1","90","9","1","0","0","70","97","0","0","92","85","1",5.7440022609e-05,-118.98864,41.53256,-118.988601403353,41.5326025400404,6/18/2021,MG4,41.53231235,-118.98891604,8.6,14.4,same as logger site,"1",0.000370848492111,-118.98864,41.53256,-118.98891604,41.53231235
"88","88",6/29/2021,"1","28",41.53251,-118.98874,"210","27","located in head of pool, riffles getting low/near impassable",8413.78081767727,"145",Mahogany Creek,MC5-555,"251",SSLS6,41.5325372465185,-118.988731254425,"4.75","1.16","0.13","0.3","0","0","0","0","93","93",N,"0.79","0","95","4","0","1","0",SS,SS,"95","4","1","90","9","1","0","0","85","95","0","0","80","90","1",2.8615692416e-05,-118.98874,41.53251,-118.988731254425,41.5325372465185,6/18/2021,MG4,41.53231235,-118.98891604,8.6,14.4,same as logger site,"1",0.000264680192121,-118.98874,41.53251,-118.98891604,41.53231235
"89","89",7/6/2021,"2","28",41.53212,-118.99546,"122","75","In deep rocky canyon with no access, in Mahogany gorge approx. 300-400m DS of MG3",7744.970901398,"489",Mahogany Creek,MC4-15-1,"182",SSLS1,41.5320609097389,-118.995429052201,"2.5","2.75","0.23","0.27","1","0","0","0","89","89",N,"0","0","80","13","5","2","0",SP,SS,"85","15","0","90","10","0","0","80","5","20","0","65","0","25","1",6.6704012014e-05,-118.99546,41.53212,-118.995429052201,41.5320609097389,6/18/2021,MG3,41.53177,-118.99426,8.7,30.5,5m DS of logger,"1",0.001249999999997,-118.99546,41.53212,-118.99426,41.53177
"90","90",7/18/2021,"3","28",41.53236,-118.99571,"134","70","In willow thicket, mahogany gorge below MG3",7713.45643245872,"490",Mahogany Creek,MC4-15-1,"183",FTCC2,41.5321584752649,-118.995515956717,"4.5","1.15","0.14",NA,"0","0","0","1","87","87",N,"0","0","50","35","10","5","0",SS,SS,"90","10","0","90","10","0","0","60","20","40","0","25","0","40","1",0.000279758850681,-118.99571,41.53236,-118.995515956717,41.5321584752649,6/18/2021,MG3,41.53177,-118.99426,8.7,30.5,5m DS of logger,"1",0.00156543923549,-118.99571,41.53236,-118.99426,41.53177
"91","91",7/27/2021,"4","28",41.53237,-118.99585,"204","20","Under LWD, in canyon gorge",7702.09636994265,"490",Mahogany Creek,MC4-15-1,"183",FTCC2,41.5321584752649,-118.995515956717,"4.5","1.15","0.14",NA,"0","0","0","1","87","87",N,"0","0","50","35","10","5","0",SS,SS,"90","10","0","90","10","0","0","60","20","40","0","25","0","40","1",0.00039538288845,-118.99585,41.53237,-118.995515956717,41.5321584752649,6/18/2021,MG3,41.53177,-118.99426,8.7,30.5,5m DS of logger,"1",0.001699441084599,-118.99585,41.53237,-118.99426,41.53177
"92","92",6/24/2021,"0","29",41.51708,-118.95756,na,na,Tagging event,12310.6598459281,"543",Mahogany Creek,MC7-787,"461",SSMC1,41.5162315597442,-118.95744621275,"2","1.35","0.14","0.3","0","0","0","0","80","80",N,"2","0","75","15","10","0","0",SS,SS,"60","35","5","50","45","5","0","0","85","0","0","0","70","0","1",0.000856036451284,-118.95756,41.51708,-118.95744621275,41.5162315597442,6/18/2021,MG5,41.51708,-118.95757,8.6,26.7,20m DS of river ford,"1",1.0000000003e-05,-118.95756,41.51708,-118.95757,41.51708
"93","93",6/29/2021,"1","29",41.51769,-118.95759,"225","20",in small pool below SWD,12242.9108538276,"543",Mahogany Creek,MC7-787,"461",SSMC1,41.5162315597442,-118.95744621275,"2","1.35","0.14","0.3","0","0","0","0","80","80",N,"2","0","75","15","10","0","0",SS,SS,"60","35","5","50","45","5","0","0","85","0","0","0","70","0","1",0.00146551108935,-118.95759,41.51769,-118.95744621275,41.5162315597442,6/18/2021,MG5,41.51708,-118.95757,8.6,26.7,20m DS of river ford,"1",0.000610327780788,-118.95759,41.51769,-118.95757,41.51708
"94","94",6/23/2021,"0","30",41.54308,-119.00681,na,na,Tagging event,6010.94073567411,"75",Mahogany Creek,MC3-380,"121",SSMC1,41.5425456818978,-119.006241278242,"4.9","2.2","0.17","0.31","1","0","0","1","82","83",N,"6","0","85","15","0","0","0",SS,GF,"30","40","30","1","90","9","0","0","60","80","0","80","0","5","1",0.000780346251587,-119.00681,41.54308,-119.006241278242,41.5425456818978,6/18/2021,MG2,41.54489,-119.01041,10,21.1,same pool as logger,"1",0.004029404422484,-119.00681,41.54308,-119.01041,41.54489
"95","95",6/28/2021,"1","30",41.5431,-119.00681,"240","20",Same location as when tagged,6010.1973423302,"75",Mahogany Creek,MC3-380,"121",SSMC1,41.5425456818978,-119.006241278242,"4.9","2.2","0.17","0.31","1","0","0","1","82","83",N,"6","0","85","15","0","0","0",SS,GF,"30","40","30","1","90","9","0","0","60","80","0","80","0","5","1",0.00079417441186,-119.00681,41.5431,-119.006241278242,41.5425456818978,6/18/2021,MG2,41.54489,-119.01041,10,21.1,same pool as logger,"1",0.004020460172659,-119.00681,41.5431,-119.01041,41.54489
"96","96",7/6/2021,"2","30",41.54302,-119.00677,"225","20",Same pool as 36,6016.40086126989,"75",Mahogany Creek,MC3-380,"121",SSMC1,41.5425456818978,-119.006241278242,"4.9","2.2","0.17","0.31","1","0","0","1","82","83",N,"6","0","85","15","0","0","0",SS,GF,"30","40","30","1","90","9","0","0","60","80","0","80","0","5","1",0.000710298781823,-119.00677,41.54302,-119.006241278242,41.5425456818978,6/18/2021,MG2,41.54489,-119.01041,10,21.1,same pool as logger,"1",0.004092248770535,-119.00677,41.54302,-119.01041,41.54489
"97","97",6/22/2021,"0","31",41.52522,-118.98525,na,na,Tagging event,866.414150011052,"311",Summer Camp Creek,SCC2-15-5,"5032",FTRP1,41.5235172911136,-118.985326897109,"5.3","1.42","0.17",NA,"3","0","0","1","72","72",N,"0","0.5","50","25","17","8","0",SS,SS,"72","28","0","98","2","0","0","18","85","28","0","5","32","25","1",0.001704444401321,-118.98525,41.52522,-118.985326897109,41.5235172911136,6/18/2021,SC1,41.52543,-118.98546,8.4,24.9,max depth under barbed wire,"1",0.000296984848107,-118.98525,41.52522,-118.98546,41.52543
"98","98",6/29/2021,"1","31",41.52525,-118.98528,"244","20","Same loation as when tagged; observed in pool",862.40176048755,"311",Summer Camp Creek,SCC2-15-5,"5032",FTRP1,41.5235172911136,-118.985326897109,"5.3","1.42","0.17",NA,"3","0","0","1","72","72",N,"0","0.5","50","25","17","8","0",SS,SS,"72","28","0","98","2","0","0","18","85","28","0","5","32","25","1",0.001733343423516,-118.98528,41.52525,-118.985326897109,41.5235172911136,6/18/2021,SC1,41.52543,-118.98546,8.4,24.9,max depth under barbed wire,"1",0.000254558441228,-118.98528,41.52525,-118.98546,41.52543
"99","99",6/24/2021,"0","32",41.51342,-118.95597,na,na,Tagging event,12744.4861142586,"340",Mahogany Creek,MC7-817,"331",SSMC1,41.5126643597318,-118.955888777485,"1","1.06","0.1","0.3","0","0","0","0","96","96",Y,"0","0","70","25","5","0","0",SP,SP,"50","49","1","50","49","1","0","0","40","3","0","0","35","1","1",0.000759992968304,-118.95597,41.51342,-118.955888777485,41.5126643597318,6/18/2021,MG5,41.51708,-118.95757,8.6,26.7,20m DS of river ford,"1",0.003994446144337,-118.95597,41.51342,-118.95757,41.51708
"100","100",6/29/2021,"1","32",41.50941,-118.95538,"250","20","confluence of 2 creeks at upper MG; very small pool; @ DS end of efishing site: SLPT 8-15-4",13197.1134170243,"600",Mahogany Creek,MC8-15-4,"423",FTRP1,41.5094227216993,-118.955311879177,"19","1.22","0.06",NA,"2","0","0","2","53","53",N,"11","6","60","25","10","5","0",SS,SS,"60","39","1","50","50","0","0","0","50","0","0","0","50","5","1",6.9298543704e-05,-118.95538,41.50941,-118.955311879177,41.5094227216993,6/18/2021,MG5,41.51708,-118.95757,8.6,26.7,20m DS of river ford,"1",0.007976528066769,-118.95538,41.50941,-118.95757,41.51708
"101","101",6/23/2021,"0","33",41.54324,-119.00706,na,na,Tagging event,5984.80649364727,"75",Mahogany Creek,MC3-380,"121",SSMC1,41.5425456818978,-119.006241278242,"4.9","2.2","0.17","0.31","1","0","0","1","82","83",N,"6","0","85","15","0","0","0",SS,GF,"30","40","30","1","90","9","0","0","60","80","0","80","0","5","1",0.001073491007905,-119.00706,41.54324,-119.006241278242,41.5425456818978,6/18/2021,MG2,41.54489,-119.01041,10,21.1,same pool as logger,"1",0.003734300469968,-119.00706,41.54324,-119.01041,41.54489
"102","102",6/28/2021,"1","33",41.54327,-119.0071,"241","20",in undercut bank DS of fallen tree,5980.46148070981,"75",Mahogany Creek,MC3-380,"121",SSMC1,41.5425456818978,-119.006241278242,"4.9","2.2","0.17","0.31","1","0","0","1","82","83",N,"6","0","85","15","0","0","0",SS,GF,"30","40","30","1","90","9","0","0","60","80","0","80","0","5","1",0.00112340543475,-119.0071,41.54327,-119.006241278242,41.5425456818978,6/18/2021,MG2,41.54489,-119.01041,10,21.1,same pool as logger,"1",0.003685172994583,-119.0071,41.54327,-119.01041,41.54489
"103","103",7/6/2021,"2","33",41.54324,-119.00706,"239","20","Under fallen tree/undercut, same as pool 37",5984.80649364727,"75",Mahogany Creek,MC3-380,"121",SSMC1,41.5425456818978,-119.006241278242,"4.9","2.2","0.17","0.31","1","0","0","1","82","83",N,"6","0","85","15","0","0","0",SS,GF,"30","40","30","1","90","9","0","0","60","80","0","80","0","5","1",0.001073491007905,-119.00706,41.54324,-119.006241278242,41.5425456818978,6/18/2021,MG2,41.54489,-119.01041,10,21.1,same pool as logger,"1",0.003734300469968,-119.00706,41.54324,-119.01041,41.54489
"104","104",7/18/2021,"3","33",41.54292,-119.00645,"225","20","Moved US 100 meters, undercut, live in channel, found in pool",6045.95732162413,"75",Mahogany Creek,MC3-380,"121",SSMC1,41.5425456818978,-119.006241278242,"4.9","2.2","0.17","0.31","1","0","0","1","82","83",N,"6","0","85","15","0","0","0",SS,GF,"30","40","30","1","90","9","0","0","60","80","0","80","0","5","1",0.00042857766379,-119.00645,41.54292,-119.006241278242,41.5425456818978,6/18/2021,MG2,41.54489,-119.01041,10,21.1,same pool as logger,"1",0.004422951503232,-119.00645,41.54292,-119.01041,41.54489
"105","105",7/27/2021,"4","33",41.54102,-119.00459,"250","20","In shallow riffle, in willow thicket, seen, hiding under rock",6285.97059381842,"104",Mahogany Creek,MC3-380,"140",FNRN11,41.5415552443575,-119.005191659653,"10.3","1.94","0.21",NA,"1","0","0","2","79","79",Y,"0","7.3","73","25","2","0","0",SS,SS,"45","53","2","53","46","1","0","3","65","70","2","20","57","55","1",0.000805283093252,-119.00459,41.54102,-119.005191659653,41.5415552443575,6/18/2021,MG2,41.54489,-119.01041,10,21.1,same pool as logger,"1",0.006989227425116,-119.00459,41.54102,-119.01041,41.54489
"106","106",8/12/2021,"5","33",41.54101,-119.00461,"240","20",moving through fast riffle section of creek,6285.15292629348,"104",Mahogany Creek,MC3-380,"140",FNRN11,41.5415552443575,-119.005191659653,"10.3","1.94","0.21",NA,"1","0","0","2","79","79",Y,"0","7.3","73","25","2","0","0",SS,SS,"45","53","2","53","46","1","0","3","65","70","2","20","57","55","1",0.000797257399654,-119.00461,41.54101,-119.005191659653,41.5415552443575,6/18/2021,MG2,41.54489,-119.01041,10,21.1,same pool as logger,"1",0.006978137287267,-119.00461,41.54101,-119.01041,41.54489
"107","107",8/17/2021,"6","33",41.54316,-119.00701,"219","20",Moved way DS,5991.81750879628,"75",Mahogany Creek,MC3-380,"121",SSMC1,41.5425456818978,-119.006241278242,"4.9","2.2","0.17","0.31","1","0","0","1","82","83",N,"6","0","85","15","0","0","0",SS,GF,"30","40","30","1","90","9","0","0","60","80","0","80","0","5","1",0.0009840324547,-119.00701,41.54316,-119.006241278242,41.5425456818978,6/18/2021,MG2,41.54489,-119.01041,10,21.1,same pool as logger,"1",0.003814826339429,-119.00701,41.54316,-119.01041,41.54489
"108","108",9/4/2021,"7","33",41.54316,-119.007,"215","20",same,5992.62498643053,"75",Mahogany Creek,MC3-380,"121",SSMC1,41.5425456818978,-119.006241278242,"4.9","2.2","0.17","0.31","1","0","0","1","82","83",N,"6","0","85","15","0","0","0",SS,GF,"30","40","30","1","90","9","0","0","60","80","0","80","0","5","1",0.000976240460522,-119.007,41.54316,-119.006241278242,41.5425456818978,6/18/2021,MG2,41.54489,-119.01041,10,21.1,same pool as logger,"1",0.003823741623061,-119.007,41.54316,-119.01041,41.54489
"109","109",9/18/2021,"8","33",41.54325,-119.00529,"227","20",Moved 8m DS,6054.0569418487,"94",Mahogany Creek,MC3-380,"130",SSLS6,41.5422393989174,-119.005728299594,"4.25","1.9","0.44","0.32","0","0","0","0","87","87",N,"4","3.5","85","15","0","0","0",SS,SS,"10","85","5","45","50","5","0","10","70","30","35","25","3","20","1",0.00110155393978,-119.00529,41.54325,-119.005728299594,41.5422393989174,6/18/2021,MG2,41.54489,-119.01041,10,21.1,same pool as logger,"1",0.005376244042072,-119.00529,41.54325,-119.01041,41.54489
"110","110",9/18/2021,"8","33",41.54325,-119.00529,"227","20",Moved 8m DS,6054.0569418487,"93",Mahogany Creek,MC3-380,"129",FTRF4,41.5422393989174,-119.005728299594,"3.4","0.47","0.12",NA,"0","0","0","0","92","92",N,"0","3","50","49","1","0","0",SS,SS,"15","80","5","50","50","0","0","20","70","40","40","0","1","30","2",0.00110155393978,-119.00529,41.54325,-119.005728299594,41.5422393989174,6/18/2021,MG2,41.54489,-119.01041,10,21.1,same pool as logger,"1",0.005376244042072,-119.00529,41.54325,-119.01041,41.54489
"111","111",6/25/2021,"0","34",41.53731,-119.00082,na,na,Tagging event,6837.61678926577,"379",Mahogany Creek,MC3-458,"151",FTRF1,41.536702754398,-118.999899178992,"6","2","0.15",NA,"0","0","0","0","95","95",N,"3.5","2","65","20","14","1","0",SS,SS,"57","43","0","92","8","0","0","92","2","2","0","1","60","75","1",0.001103022461211,-119.00082,41.53731,-118.999899178992,41.536702754398,6/18/2021,MG3,41.53177,-118.99426,8.7,30.5,5m DS of logger,"1",0.008586337985431,-119.00082,41.53731,-118.99426,41.53177
"112","112",6/29/2021,"1","34",41.53733,-119.00082,"223","20",same location as when tagged,6839.78380007894,"379",Mahogany Creek,MC3-458,"151",FTRF1,41.536702754398,-118.999899178992,"6","2","0.15",NA,"0","0","0","0","95","95",N,"3.5","2","65","20","14","1","0",SS,SS,"57","43","0","92","8","0","0","92","2","2","0","1","60","75","1",0.001114158145873,-119.00082,41.53733,-118.999899178992,41.536702754398,6/18/2021,MG3,41.53177,-118.99426,8.7,30.5,5m DS of logger,"1",0.008599255781755,-119.00082,41.53733,-118.99426,41.53177
"113","113",7/6/2021,"2","34",41.54153,-119.00529,"227","20","at bend in creek, under live in channel, undercut",6202.82841540853,"103",Mahogany Creek,MC3-380,"139",FTRF10,41.5415816229102,-119.005228439356,"4.3","2.09","0.16",NA,"0","0","0","0","83","83",N,"4","0","70","18","10","2","0",SS,SS,"58","41","1","69","30","1","0","5","75","80","0","20","50","80","1",8.0340760185e-05,-119.00529,41.54153,-119.005228439356,41.5415816229102,6/18/2021,MG2,41.54489,-119.01041,10,21.1,same pool as logger,"1",0.006124050946874,-119.00529,41.54153,-119.01041,41.54489
"114","114",7/18/2021,"3","34",41.54155,-119.00527,"226","20","Undercut, live in channel trees, @ bend in creek",6203.01208734483,"103",Mahogany Creek,MC3-380,"139",FTRF10,41.5415816229102,-119.005228439356,"4.3","2.09","0.16",NA,"0","0","0","0","83","83",N,"4","0","70","18","10","2","0",SS,SS,"58","41","1","69","30","1","0","5","75","80","0","20","50","80","1",5.2223515571e-05,-119.00527,41.54155,-119.005228439356,41.5415816229102,6/18/2021,MG2,41.54489,-119.01041,10,21.1,same pool as logger,"1",0.006129861336114,-119.00527,41.54155,-119.01041,41.54489
"115","115",8/12/2021,"5","34",41.54153,-119.00526,na,na,tag sounded but would not give signal strength,6205.0059079024,"103",Mahogany Creek,MC3-380,"139",FTRF10,41.5415816229102,-119.005228439356,"4.3","2.09","0.16",NA,"0","0","0","0","83","83",N,"4","0","70","18","10","2","0",SS,SS,"58","41","1","69","30","1","0","5","75","80","0","20","50","80","1",6.0506190653e-05,-119.00526,41.54153,-119.005228439356,41.5415816229102,6/18/2021,MG2,41.54489,-119.01041,10,21.1,same pool as logger,"1",0.006149154413402,-119.00526,41.54153,-119.01041,41.54489
"116","116",9/5/2021,"7","34",41.54156,-119.00527,"231","20","reappeared after acting faulty, same location",6202.37807016474,"103",Mahogany Creek,MC3-380,"139",FTRF10,41.5415816229102,-119.005228439356,"4.3","2.09","0.16",NA,"0","0","0","0","83","83",N,"4","0","70","18","10","2","0",SS,SS,"58","41","1","69","30","1","0","5","75","80","0","20","50","80","1",4.6849091504e-05,-119.00527,41.54156,-119.005228439356,41.5415816229102,6/18/2021,MG2,41.54489,-119.01041,10,21.1,same pool as logger,"1",0.006124418339729,-119.00527,41.54156,-119.01041,41.54489
"117","117",9/18/2021,"8","34",41.54156,-119.00529,"229","20",Moved 4m DS,6200.92642193716,"103",Mahogany Creek,MC3-380,"139",FTRF10,41.5415816229102,-119.005228439356,"4.3","2.09","0.16",NA,"0","0","0","0","83","83",N,"4","0","70","18","10","2","0",SS,SS,"58","41","1","69","30","1","0","5","75","80","0","20","50","80","1",6.5247705977e-05,-119.00529,41.54156,-119.005228439356,41.5415816229102,6/18/2021,MG2,41.54489,-119.01041,10,21.1,same pool as logger,"1",0.006107642753137,-119.00529,41.54156,-119.01041,41.54489
"118","118",6/24/2021,"0","35",41.51746,-118.95763,na,na,Tagging event,12268.4555664541,"543",Mahogany Creek,MC7-787,"461",SSMC1,41.5162315597442,-118.95744621275,"2","1.35","0.14","0.3","0","0","0","0","80","80",N,"2","0","75","15","10","0","0",SS,SS,"60","35","5","50","45","5","0","0","85","0","0","0","70","0","1",0.001242112400442,-118.95763,41.51746,-118.95744621275,41.5162315597442,6/18/2021,MG5,41.51708,-118.95757,8.6,26.7,20m DS of river ford,"1",0.000384707681232,-118.95763,41.51746,-118.95757,41.51708
"119","119",6/29/2021,"1","35",41.51748,-118.95763,"223","20",In deeper riffle with undercut bank,12266.2342781708,"543",Mahogany Creek,MC7-787,"461",SSMC1,41.5162315597442,-118.95744621275,"2","1.35","0.14","0.3","0","0","0","0","80","80",N,"2","0","75","15","10","0","0",SS,SS,"60","35","5","50","45","5","0","0","85","0","0","0","70","0","1",0.001261895726898,-118.95763,41.51748,-118.95744621275,41.5162315597442,6/18/2021,MG5,41.51708,-118.95757,8.6,26.7,20m DS of river ford,"1",0.000404474968321,-118.95763,41.51748,-118.95757,41.51708
"120","120",7/7/2021,"2","35",41.51748,-118.95763,"247","20","undercut riffle, willow/aspen thicket",12266.2342781708,"543",Mahogany Creek,MC7-787,"461",SSMC1,41.5162315597442,-118.95744621275,"2","1.35","0.14","0.3","0","0","0","0","80","80",N,"2","0","75","15","10","0","0",SS,SS,"60","35","5","50","45","5","0","0","85","0","0","0","70","0","1",0.001261895726898,-118.95763,41.51748,-118.95744621275,41.5162315597442,6/18/2021,MG5,41.51708,-118.95757,8.6,26.7,20m DS of river ford,"1",0.000404474968321,-118.95763,41.51748,-118.95757,41.51708
"121","121",6/23/2021,"0","36",41.54308,-119.00681,na,na,Tagging event,6010.94073567411,"75",Mahogany Creek,MC3-380,"121",SSMC1,41.5425456818978,-119.006241278242,"4.9","2.2","0.17","0.31","1","0","0","1","82","83",N,"6","0","85","15","0","0","0",SS,GF,"30","40","30","1","90","9","0","0","60","80","0","80","0","5","1",0.000780346251587,-119.00681,41.54308,-119.006241278242,41.5425456818978,6/18/2021,MG2,41.54489,-119.01041,10,21.1,same pool as logger,"1",0.004029404422484,-119.00681,41.54308,-119.01041,41.54489
"122","122",6/28/2021,"1","36",41.5431,-119.00681,"215","20",Same location as when tagged,6010.1973423302,"75",Mahogany Creek,MC3-380,"121",SSMC1,41.5425456818978,-119.006241278242,"4.9","2.2","0.17","0.31","1","0","0","1","82","83",N,"6","0","85","15","0","0","0",SS,GF,"30","40","30","1","90","9","0","0","60","80","0","80","0","5","1",0.00079417441186,-119.00681,41.5431,-119.006241278242,41.5425456818978,6/18/2021,MG2,41.54489,-119.01041,10,21.1,same pool as logger,"1",0.004020460172659,-119.00681,41.5431,-119.01041,41.54489
"123","123",7/6/2021,"2","36",41.54302,-119.00677,"229","20","US of campground, pool",6016.40086126989,"75",Mahogany Creek,MC3-380,"121",SSMC1,41.5425456818978,-119.006241278242,"4.9","2.2","0.17","0.31","1","0","0","1","82","83",N,"6","0","85","15","0","0","0",SS,GF,"30","40","30","1","90","9","0","0","60","80","0","80","0","5","1",0.000710298781823,-119.00677,41.54302,-119.006241278242,41.5425456818978,6/18/2021,MG2,41.54489,-119.01041,10,21.1,same pool as logger,"1",0.004092248770535,-119.00677,41.54302,-119.01041,41.54489
"124","124",7/18/2021,"3","36",41.543,-119.00671,"242","20","Moved US one pool, riffle nearly impassable",6021.98916068755,"75",Mahogany Creek,MC3-380,"121",SSMC1,41.5425456818978,-119.006241278242,"4.9","2.2","0.17","0.31","1","0","0","1","82","83",N,"6","0","85","15","0","0","0",SS,GF,"30","40","30","1","90","9","0","0","60","80","0","80","0","5","1",0.00065276720537,-119.00671,41.543,-119.006241278242,41.5425456818978,6/18/2021,MG2,41.54489,-119.01041,10,21.1,same pool as logger,"1",0.004154768344923,-119.00671,41.543,-119.01041,41.54489
"125","125",7/27/2021,"4","36",41.54302,-119.00676,"234","20","Same location, bend in creek, undercut bank",6017.2083462031,"75",Mahogany Creek,MC3-380,"121",SSMC1,41.5425456818978,-119.006241278242,"4.9","2.2","0.17","0.31","1","0","0","1","82","83",N,"6","0","85","15","0","0","0",SS,GF,"30","40","30","1","90","9","0","0","60","80","0","80","0","5","1",0.000702886850279,-119.00676,41.54302,-119.006241278242,41.5425456818978,6/18/2021,MG2,41.54489,-119.01041,10,21.1,same pool as logger,"1",0.004101146181248,-119.00676,41.54302,-119.01041,41.54489
"126","126",8/12/2021,"5","36",41.54302,-119.00676,"20","233","@ bend in creek, undercut bank",6017.2083462031,"75",Mahogany Creek,MC3-380,"121",SSMC1,41.5425456818978,-119.006241278242,"4.9","2.2","0.17","0.31","1","0","0","1","82","83",N,"6","0","85","15","0","0","0",SS,GF,"30","40","30","1","90","9","0","0","60","80","0","80","0","5","1",0.000702886850279,-119.00676,41.54302,-119.006241278242,41.5425456818978,6/18/2021,MG2,41.54489,-119.01041,10,21.1,same pool as logger,"1",0.004101146181248,-119.00676,41.54302,-119.01041,41.54489
"127","127",8/17/2021,"6","36",41.54308,-119.00669,"226","20",same location,6020.63054087881,"75",Mahogany Creek,MC3-380,"121",SSMC1,41.5425456818978,-119.006241278242,"4.9","2.2","0.17","0.31","1","0","0","1","82","83",N,"6","0","85","15","0","0","0",SS,GF,"30","40","30","1","90","9","0","0","60","80","0","80","0","5","1",0.000697744258629,-119.00669,41.54308,-119.006241278242,41.5425456818978,6/18/2021,MG2,41.54489,-119.01041,10,21.1,same pool as logger,"1",0.004136967488378,-119.00669,41.54308,-119.01041,41.54489
"128","128",9/4/2021,"7","36",41.54308,-119.00669,"245","20",,6020.63054087881,"75",Mahogany Creek,MC3-380,"121",SSMC1,41.5425456818978,-119.006241278242,"4.9","2.2","0.17","0.31","1","0","0","1","82","83",N,"6","0","85","15","0","0","0",SS,GF,"30","40","30","1","90","9","0","0","60","80","0","80","0","5","1",0.000697744258629,-119.00669,41.54308,-119.006241278242,41.5425456818978,6/18/2021,MG2,41.54489,-119.01041,10,21.1,same pool as logger,"1",0.004136967488378,-119.00669,41.54308,-119.01041,41.54489
"129","129",9/18/2021,"8","36",41.54308,-119.00669,"250","20",same,6020.63054087881,"75",Mahogany Creek,MC3-380,"121",SSMC1,41.5425456818978,-119.006241278242,"4.9","2.2","0.17","0.31","1","0","0","1","82","83",N,"6","0","85","15","0","0","0",SS,GF,"30","40","30","1","90","9","0","0","60","80","0","80","0","5","1",0.000697744258629,-119.00669,41.54308,-119.006241278242,41.5425456818978,6/18/2021,MG2,41.54489,-119.01041,10,21.1,same pool as logger,"1",0.004136967488378,-119.00669,41.54308,-119.01041,41.54489
"130","130",6/23/2021,"0","37",41.54324,-119.00706,na,na,Tagging event,5984.80649364727,"75",Mahogany Creek,MC3-380,"121",SSMC1,41.5425456818978,-119.006241278242,"4.9","2.2","0.17","0.31","1","0","0","1","82","83",N,"6","0","85","15","0","0","0",SS,GF,"30","40","30","1","90","9","0","0","60","80","0","80","0","5","1",0.001073491007905,-119.00706,41.54324,-119.006241278242,41.5425456818978,6/18/2021,MG2,41.54489,-119.01041,10,21.1,same pool as logger,"1",0.003734300469968,-119.00706,41.54324,-119.01041,41.54489
"131","131",6/28/2021,"1","37",41.54319,-119.00708,"211","27","Moved US one pool; looked like it was holding on a redd pot",5985.05003212556,"75",Mahogany Creek,MC3-380,"121",SSMC1,41.5425456818978,-119.006241278242,"4.9","2.2","0.17","0.31","1","0","0","1","82","83",N,"6","0","85","15","0","0","0",SS,GF,"30","40","30","1","90","9","0","0","60","80","0","80","0","5","1",0.001057638881741,-119.00708,41.54319,-119.006241278242,41.5425456818978,6/18/2021,MG2,41.54489,-119.01041,10,21.1,same pool as logger,"1",0.003738836717475,-119.00708,41.54319,-119.01041,41.54489
"132","132",7/6/2021,"2","37",41.54324,-119.00706,"226","20","DS of campground, pool at bend in creek",5984.80649364727,"75",Mahogany Creek,MC3-380,"121",SSMC1,41.5425456818978,-119.006241278242,"4.9","2.2","0.17","0.31","1","0","0","1","82","83",N,"6","0","85","15","0","0","0",SS,GF,"30","40","30","1","90","9","0","0","60","80","0","80","0","5","1",0.001073491007905,-119.00706,41.54324,-119.006241278242,41.5425456818978,6/18/2021,MG2,41.54489,-119.01041,10,21.1,same pool as logger,"1",0.003734300469968,-119.00706,41.54324,-119.01041,41.54489
"133","133",6/22/2021,"0","38",41.53277,-118.99035,na,na,Tagging event,8257.11610843723,"136",Mahogany Creek,MC5-555,"242",FTRF1,41.5326321227388,-118.988973891982,"3","0.61","0.04",NA,"0","0","0","0","89","89",N,"0.29","0","30","70","0","0","0",SS,SS,"92","8","0","93","7","0","0","13","80","4","0","25","77","3","1",0.001382997981337,-118.99035,41.53277,-118.988973891982,41.5326321227388,6/18/2021,MG4,41.53231235,-118.98891604,8.6,14.4,same as logger site,"1",0.001505219188059,-118.99035,41.53277,-118.98891604,41.53231235
"134","134",6/29/2021,"1","38",41.53139,-118.98865,"223","20","Moved US 200+meters; in willow thicket",101.895875056347,"144",Mahogany Creek,MC5-555,"250",FTRF5,41.5325376610304,-118.988707294112,"9.5","0.8","0.09",NA,"0","0","0","0","89","89",N,"0","9.5","80","19","1","0","0",SS,SS,"80","20","0","90","10","0","0","20","60","60","0","40","70","40","1",0.001149090273204,-118.98865,41.53139,-118.988707294112,41.5325376610304,6/18/2021,MG4,41.53231235,-118.98891604,8.6,14.4,same as logger site,"1",0.000959951459238,-118.98865,41.53139,-118.98891604,41.53231235
"135","135",6/29/2021,"1","38",41.53139,-118.98865,"223","20","Moved US 200+meters; in willow thicket",101.895875056347,"143",Mahogany Creek,MC5-555,"249",SSLS5,41.5325376610304,-118.988707294112,"3","1.21","0.17","0.04","0","0","0","1","92","92",N,"3","2.5","85","15","0","0","0",SS,SS,"55","45","0","80","20","0","0","20","70","20","0","30","70","20","2",0.001149090273204,-118.98865,41.53139,-118.988707294112,41.5325376610304,6/18/2021,MG4,41.53231235,-118.98891604,8.6,14.4,same as logger site,"1",0.000959951459238,-118.98865,41.53139,-118.98891604,41.53231235
"136","136",7/6/2021,"2","38",41.53172,-118.98888,"192","30","in insane willow thicket, fish moving",52.5428299279154,"145",Mahogany Creek,MC5-555,"251",SSLS6,41.5325372465185,-118.988731254425,"4.75","1.16","0.13","0.3","0","0","0","0","93","93",N,"0.79","0","95","4","0","1","0",SS,SS,"95","4","1","90","9","1","0","0","85","95","0","0","80","90","1",0.000830672690102,-118.98888,41.53172,-118.988731254425,41.5325372465185,6/18/2021,MG4,41.53231235,-118.98891604,8.6,14.4,same as logger site,"1",0.000593445367408,-118.98888,41.53172,-118.98891604,41.53231235
"137","137",6/22/2021,"0","39",41.53197,-118.99322,na,na,Tagging event,7968.20670276917,"106",Mahogany Creek,MC5-501,"212",FTRF1,41.532133290181,-118.993333652678,"12.5","1.15","0.14",NA,"0","0","0","1","90","90",N,"5","1","50","50","0","0","0",SS,ST,"15","84","1","5","90","5","65","10","0","0","0","25","65","1","1",0.000198948773381,-118.99322,41.53197,-118.993333652678,41.532133290181,6/18/2021,MG3,41.53177,-118.99426,8.7,30.5,5m DS of logger,"1",0.001059056183593,-118.99322,41.53197,-118.99426,41.53177
"138","138",6/29/2021,"1","39",41.53205,-118.99329,"206","30","in sinuous pool, fish observed alive",7968.92140991541,"106",Mahogany Creek,MC5-501,"212",FTRF1,41.532133290181,-118.993333652678,"12.5","1.15","0.14",NA,"0","0","0","1","90","90",N,"5","1","50","50","0","0","0",SS,ST,"15","84","1","5","90","5","65","10","0","0","0","25","65","1","1",9.4036219343e-05,-118.99329,41.53205,-118.993333652678,41.532133290181,6/18/2021,MG3,41.53177,-118.99426,8.7,30.5,5m DS of logger,"1",0.001009603882713,-118.99329,41.53205,-118.99426,41.53177
"139","139",7/6/2021,"2","39",41.53209,-118.99329,"224","20","Shallow pool @ creek bend, OBSERVED ALIVE, Same location",7971.70663319317,"106",Mahogany Creek,MC5-501,"212",FTRF1,41.532133290181,-118.993333652678,"12.5","1.15","0.14",NA,"0","0","0","1","90","90",N,"5","1","50","50","0","0","0",SS,ST,"15","84","1","5","90","5","65","10","0","0","0","25","65","1","1",6.1478419532e-05,-118.99329,41.53209,-118.993333652678,41.532133290181,6/18/2021,MG3,41.53177,-118.99426,8.7,30.5,5m DS of logger,"1",0.001021420579383,-118.99329,41.53209,-118.99426,41.53177
"140","140",7/18/2021,"3","39",41.53207,-118.99332,"223","20","Bend in creek, heron tracks/active hunting observed, poor water quality",7968.23304063756,"106",Mahogany Creek,MC5-501,"212",FTRF1,41.532133290181,-118.993333652678,"12.5","1.15","0.14",NA,"0","0","0","1","90","90",N,"5","1","50","50","0","0","0",SS,ST,"15","84","1","5","90","5","65","10","0","0","0","25","65","1","1",6.4745985422e-05,-118.99332,41.53207,-118.993333652678,41.532133290181,6/18/2021,MG3,41.53177,-118.99426,8.7,30.5,5m DS of logger,"1",0.000986711710682,-118.99332,41.53207,-118.99426,41.53177
"141","141",7/28/2021,"4","39",41.53207,-118.99332,"230","20","Same location, bend in creek, Seen alive",7968.23304063756,"106",Mahogany Creek,MC5-501,"212",FTRF1,41.532133290181,-118.993333652678,"12.5","1.15","0.14",NA,"0","0","0","1","90","90",N,"5","1","50","50","0","0","0",SS,ST,"15","84","1","5","90","5","65","10","0","0","0","25","65","1","1",6.4745985422e-05,-118.99332,41.53207,-118.993333652678,41.532133290181,6/18/2021,MG3,41.53177,-118.99426,8.7,30.5,5m DS of logger,"1",0.000986711710682,-118.99332,41.53207,-118.99426,41.53177
"142","142",6/23/2021,"0","40",41.54155,-119.00477,na,na,Tagging event,6239.30368894502,"104",Mahogany Creek,MC3-380,"140",FNRN11,41.5415552443575,-119.005191659653,"10.3","1.94","0.21",NA,"1","0","0","2","79","79",Y,"0","7.3","73","25","2","0","0",SS,SS,"45","53","2","53","46","1","0","3","65","70","2","20","57","55","1",0.000421692264873,-119.00477,41.54155,-119.005191659653,41.5415552443575,6/18/2021,MG2,41.54489,-119.01041,10,21.1,same pool as logger,"1",0.006554784512095,-119.00477,41.54155,-119.01041,41.54489
"143","143",6/28/2021,"1","40",41.54123,-119.00474,"226","20",Same location as when tagged,6261.76912869048,"104",Mahogany Creek,MC3-380,"140",FNRN11,41.5415552443575,-119.005191659653,"10.3","1.94","0.21",NA,"1","0","0","2","79","79",Y,"0","7.3","73","25","2","0","0",SS,SS,"45","53","2","53","46","1","0","3","65","70","2","20","57","55","1",0.000556579135638,-119.00474,41.54123,-119.005191659653,41.5415552443575,6/18/2021,MG2,41.54489,-119.01041,10,21.1,same pool as logger,"1",0.006748666534951,-119.00474,41.54123,-119.01041,41.54489
"144","144",8/12/2021,"5","40",41.54123,-119.00474,na,na,"captured during efishing, grew 2 cm, lost 4 grams in weight",6261.76912869048,"104",Mahogany Creek,MC3-380,"140",FNRN11,41.5415552443575,-119.005191659653,"10.3","1.94","0.21",NA,"1","0","0","2","79","79",Y,"0","7.3","73","25","2","0","0",SS,SS,"45","53","2","53","46","1","0","3","65","70","2","20","57","55","1",0.000556579135638,-119.00474,41.54123,-119.005191659653,41.5415552443575,6/18/2021,MG2,41.54489,-119.01041,10,21.1,same pool as logger,"1",0.006748666534951,-119.00474,41.54123,-119.01041,41.54489
