,stream,reach,seq_order,channel_type,easting,northing,unit_length_m,wetted_width_m,max_depth_m,pool_crest_depth_bf_m,LWD_small,LWD_med,LWD_large,root_debris,riparian_shade,total_shade,fish_present,undercut_LB_m,undercut_RB_m,sand,gravel,cobble,boulder,bedrock,dominantSizeClass_LB,dominantSizeClass_RB,understoryVeg_NV_LB,understoryVeg_GF_LB,understoryVeg_SR_LB,understoryVeg_NV_RB,understoryVeg_GF_RB,understoryVeg_SR_RB,overstoryVeg_SB_LB,overstoryVeg_HW_LB,overstoryVeg_HQ_LB,overstoryVeg_WS_LB,overstoryVeg_SB_RB,overstoryVeg_HW_RB,overstoryVeg_HQ_RB,overstoryVeg_WS_RB
1,Mahogany Creek,MC1-116,1,SSLS1,4600052,329023,3.6,1.6,0.27,0.41,0,0,0,0,23,23,Y,3.5,0,60,40,0,0,0,SS,GF,4,30,66,1,19,80,10,0,0,0,0,0,0,0
2,Mahogany Creek,MC1-116,2,FNRN1,4600051,329021,3.05,1.6,0.17,NA,0,0,0,0,5,5,Y,0,0,70,30,0,0,0,SS,GF,7,53,40,1,19,80,8,0,0,0,0,0,0,0
3,Mahogany Creek,MC1-116,3,SSMC2,4600052,329020,3.1,0.8,0.27,0.45,0,0,0,0,13,13,N,0,1.4,70,30,0,0,0,SS,GF,10,30,60,1,14,85,0,0,0,0,0,0,0,0
4,Mahogany Creek,MC1-116,4,FNRN2,4600056,329020,10.4,0.68,0.23,NA,0,0,0,0,3,3,N,3.75,0,60,40,0,0,0,SS,GF,15,30,55,1,20,79,10,0,0,0,0,0,0,0
5,Mahogany Creek,MC1-116,4,FNRN2,4600056,329020,10.4,0.68,0.23,NA,0,0,0,0,3,3,N,3.75,0,60,40,0,0,0,SS,GF,15,30,55,1,20,79,10,0,0,0,0,0,0,0
6,Mahogany Creek,MC1-116,4,FNRN2,4600056,329020,10.4,0.68,0.23,NA,0,0,0,0,3,3,N,3.75,0,60,40,0,0,0,SS,GF,15,30,55,1,20,79,10,0,0,0,0,0,0,0
7,Mahogany Creek,MC1-116,4,FNRN2,4600056,329020,10.4,0.68,0.23,NA,0,0,0,0,3,3,N,3.75,0,60,40,0,0,0,SS,GF,15,30,55,1,20,79,10,0,0,0,0,0,0,0
8,Mahogany Creek,MC1-116,4,FNRN2,4600056,329020,10.4,0.68,0.23,NA,0,0,0,0,3,3,N,3.75,0,60,40,0,0,0,SS,GF,15,30,55,1,20,79,10,0,0,0,0,0,0,0
9,Mahogany Creek,MC1-116,5,FTRF3,4600065,329030,3,1.3,0.17,NA,0,0,0,0,18,18,N,0,0.36,50,45,5,0,0,SS,GF,10,15,75,1,59,40,5,0,0,0,0,0,0,0
10,Mahogany Creek,MC1-116,5,FTRF3,4600065,329030,3,1.3,0.17,NA,0,0,0,0,18,18,N,0,0.36,50,45,5,0,0,SS,GF,10,15,75,1,59,40,5,0,0,0,0,0,0,0
11,Mahogany Creek,MC1-116,6,FNRN4,4600064,329034,11.5,0.91,0.27,NA,0,0,0,0,24,24,N,0,1.63,60,38,2,0,0,GF,GF,10,15,75,3,87,10,0,0,0,0,0,0,0,0
12,Mahogany Creek,MC1-116,7,FTRF5,4600057,329037,1.8,1.09,0.31,NA,0,0,0,0,7,7,N,0.45,0,50,45,5,0,0,GF,GF,5,45,50,0,30,70,1,0,0,0,0,0,0,0
13,Mahogany Creek,MC1-116,8,SSLS3,4600054,329037,1.2,0.98,0.22,0.25,0,0,0,0,23,23,N,1.3,0,65,33,2,0,0,SS,GF,25,40,35,2,85,13,30,0,0,0,0,0,0,0
14,Mahogany Creek,MC1-116,9,FNRN6,4600055,329037,9.7,1.29,0.26,NA,0,0,0,0,17,17,N,8.5,0,70,30,0,0,0,SS,GF,25,45,30,0,90,10,35,0,0,0,0,0,0,0
15,Mahogany Creek,MC1-116,10,SSLS4,4600060,329043,2.8,0.94,0.46,0.32,0,0,0,0,15,15,N,0,2.5,70,28,2,0,0,SS,GF,1,55,44,0,95,5,0,0,0,0,0,0,0,0
16,Mahogany Creek,MC1-116,11,FNRN7,4600062,329040,16.6,0.79,0.37,NA,0,0,0,0,25,25,N,3.5,2,55,45,0,0,0,SS,GF,1,39,60,2,78,20,0,0,0,0,0,0,0,0
17,Mahogany Creek,MC1-116,12,SSLS5,4600071,329042,4.1,1.82,0.37,0.34,0,0,0,0,29,29,N,6.5,0,70,30,0,0,0,SS,GF,0,85,15,1,65,34,0,0,0,0,0,0,0,0
18,Mahogany Creek,MC1-116,13,FNRN8,4600070,329040,4.95,0.69,0.33,NA,0,0,0,0,23,23,N,0,0,50,50,0,0,0,SS,GF,0,85,15,1,69,30,0,0,0,0,0,0,0,0
19,Mahogany Creek,MC1-116,14,FNRN9,4600076,329043,11.4,0.6,0.32,NA,0,0,0,0,4,4,N,3,0,60,40,0,0,0,SS,GF,0,85,15,0,40,60,0,0,0,0,0,0,0,0
20,Mahogany Creek,MC1-116,15,SSLS6,4600078,329053,3.6,0.6,0.36,0.43,0,0,0,0,21,21,N,0,2.5,60,40,0,0,0,GF,GF,0,40,60,1,25,74,0,0,0,0,0,0,0,0
21,Mahogany Creek,MC1-116,16,FNRN10,4600077,329055,3.9,0.7,0.26,NA,0,0,0,0,30,30,N,0,0.8,60,40,0,0,0,SS,GF,0,40,60,0,65,35,0,0,0,0,0,0,0,0
22,Mahogany Creek,MC1-116,17,SSLS7,4600073,329056,4.1,1.2,0.35,0.43,0,0,0,0,17,17,N,0.5,0,80,20,0,0,0,SS,GF,0,70,30,0,95,5,0,0,0,0,0,0,0,0
23,Mahogany Creek,MC1-116,18,FNRN11,4600071,329052,6.8,0.86,0.34,NA,0,0,0,0,8,8,N,2.3,0,60,40,0,0,0,SS,GF,3,77,20,0,95,5,1,0,0,0,0,0,0,0
24,Mahogany Creek,MC1-116,19,SSMC8,4600067,329053,14.8,0.47,0.44,0.41,0,0,0,0,14,14,N,5.5,0,70,30,0,0,0,SS,GF,10,85,5,0,80,20,55,0,0,0,0,0,0,0
25,Mahogany Creek,MC1-116,20,FNRN12,4600070,329062,9.2,0.64,0.26,NA,0,0,0,0,28,28,N,0,0,70,29,1,0,0,SS,GF,20,75,5,0,50,50,30,0,0,0,0,0,0,0
26,Mahogany Creek,MC1-206,31,SSLS1,4600954,330023,5.8,1.8,0.3,0.53,0,0,0,0,28,28,Y,1.8,2.25,85,15,0,0,0,GF,GF,1,65,34,50,45,5,0,0,0,0,0,0,0,0
27,Mahogany Creek,MC1-206,32,FNRN1,4600956,330023,10.1,0.88,0.29,NA,0,0,0,0,13,13,N,6,0.8,80,20,0,0,0,GF,GF,1,63,36,70,25,5,0,0,0,0,0,0,0,0
28,Mahogany Creek,MC1-206,33,FNRN2,4600953,330031,28.9,0.9,0.32,NA,0,0,0,0,21,21,N,10,8.5,75,25,0,0,0,GF,GF,75,22,3,45,50,5,3,5,0,2,0,15,0,0
29,Mahogany Creek,MC1-206,34,SSMC2,4600959,330045,1.95,1.78,0.29,0.32,0,0,0,0,28,28,N,1.2,1,70,30,0,0,0,SS,GF,50,45,5,60,37,3,0,55,0,0,0,0,0,0
30,Mahogany Creek,MC1-206,35,FNRN3,4600961,330045,17.6,1.2,0.24,NA,0,0,0,0,34,34,N,8,3,75,25,0,0,0,SS,GF,50,45,5,65,30,5,0,45,0,0,0,0,0,0
31,Mahogany Creek,MC1-206,36,SSLS3,4600976,330045,3.15,1.35,0.26,0.3,0,0,0,0,26,26,N,0,1,70,30,0,0,0,SS,GF,40,50,10,60,38,2,0,30,0,5,0,0,0,0
32,Mahogany Creek,MC1-206,37,FNRN4,4600978,330043,10.3,1,0.24,NA,0,0,0,0,81,81,N,0,0,60,40,0,0,0,SS,GF,30,67,3,65,32,3,0,50,0,20,0,0,0,0
33,Mahogany Creek,MC1-206,38,SSMC4,4600984,330049,7.9,0.87,0.28,0.35,0,0,0,0,86,86,N,0,0.5,75,25,0,0,0,SS,GF,60,35,5,70,30,0,0,0,0,90,0,0,0,5
34,Mahogany Creek,MC1-206,39,FNRN5,4600982,330054,8.6,1.5,0.2,NA,0,0,0,0,92,92,Y,0.6,2.5,75,25,0,0,0,SS,GF,65,30,5,70,25,5,0,75,0,0,0,0,0,0
35,Mahogany Creek,MC1-206,40,FTRF6,4600971,330056,46.7,1.2,0.22,NA,0,0,0,0,12,12,Y,7.9,2.5,50,45,5,0,0,SS,GF,60,37,3,60,35,5,5,40,0,5,0,0,0,0
36,Mahogany Creek,MC1-206,40,FTRF6,4600971,330056,46.7,1.2,0.22,NA,0,0,0,0,12,12,Y,7.9,2.5,50,45,5,0,0,SS,GF,60,37,3,60,35,5,5,40,0,5,0,0,0,0
37,Mahogany Creek,MC1-206,40,FTRF6,4600971,330056,46.7,1.2,0.22,NA,0,0,0,0,12,12,Y,7.9,2.5,50,45,5,0,0,SS,GF,60,37,3,60,35,5,5,40,0,5,0,0,0,0
38,Mahogany Creek,MC1-206,40,FTRF6,4600971,330056,46.7,1.2,0.22,NA,0,0,0,0,12,12,Y,7.9,2.5,50,45,5,0,0,SS,GF,60,37,3,60,35,5,5,40,0,5,0,0,0,0
39,Mahogany Creek,MC1-206,40,FTRF6,4600971,330056,46.7,1.2,0.22,NA,0,0,0,0,12,12,Y,7.9,2.5,50,45,5,0,0,SS,GF,60,37,3,60,35,5,5,40,0,5,0,0,0,0
40,Mahogany Creek,MC1-206,41,SSMC5,4600978,330095,9,1.4,0.29,0.25,0,0,0,0,1,1,Y,0,0,60,35,5,0,0,GF,GF,45,50,5,30,10,60,15,0,0,10,0,0,0,0
41,Mahogany Creek,MC1-206,42,SSPL6,4600981,330107,3.7,3.26,0.54,0.4,0,1,0,0,79,79,Y,0,0,73,25,2,0,0,SS,GF,20,75,5,10,35,55,20,0,0,15,0,5,0,0
42,Mahogany Creek,MC1-206,43,ARTIF1,4600983,330110,8.5,2.43,NA,NA,0,0,0,0,1,1,N,0,0,88,12,0,0,0,GF,GF,50,48,2,25,60,15,30,0,0,1,0,3,0,3
43,Mahogany Creek,MC1-206,44,FTRF7,4600982,330116,8,1.05,0.27,NA,0,0,0,0,18,18,Y,2,0,59,40,1,0,0,GF,GF,25,73,2,45,50,5,1,0,0,0,0,20,0,10
44,Mahogany Creek,MC1-206,45,SSLS7,4600983,330125,8.3,1.6,0.29,0.37,0,0,0,0,48,48,N,0,4.5,60,35,0,0,0,GF,GF,25,73,2,90,4,6,0,0,0,15,0,60,0,30
45,Mahogany Creek,MC1-206,46,FTRF8,4600985,330133,15.5,1.35,0.15,NA,0,0,0,0,1,1,N,4,0,50,48,2,0,0,GF,GF,40,57,3,50,45,5,5,1,0,0,0,20,0,10
46,Mahogany Creek,MC1-206,47,SSMC8,4600986,330148,5,1.6,0.37,0.16,0,0,0,0,1,1,Y,2.1,0,50,49,1,0,0,SS,GF,45,48,7,55,40,5,3,0,0,0,0,0,0,0
47,Mahogany Creek,MC1-206,48,FTRF9,4600986,330155,5.75,2.07,0.14,NA,0,0,0,0,34,34,N,0.33,0,28,70,2,0,0,SS,GF,40,50,10,40,59,1,10,0,0,0,0,0,0,8
48,Mahogany Creek,MC1-206,48,FTRF9,4600986,330155,5.75,2.07,0.14,NA,0,0,0,0,34,34,N,0.33,0,28,70,2,0,0,SS,GF,40,50,10,40,59,1,10,0,0,0,0,0,0,8
49,Mahogany Creek,MC1-206,49,SSMC9,4600988,330159,5,1.28,0.41,0.31,0,0,0,0,5,5,N,2.5,0,660,35,5,0,0,SS,GF,40,58,2,50,48,2,20,0,0,0,0,0,0,3
50,Mahogany Creek,MC1-206,50,FNRN10,4600989,330163,3.5,1.8,0.23,NA,0,0,0,0,54,54,N,0.4,0,60,49,1,0,0,SS,GF,30,70,0,40,57,3,20,0,0,0,0,0,0,1
51,Mahogany Creek,MC2-257,61,FNRN1,4601195,330687,18.3,1.73,0.3,NA,1,0,0,0,12,12,N,7.1,0,80,20,0,0,0,GF,SS,25,60,15,5,70,25,0,15,0,5,0,40,0,50
52,Mahogany Creek,MC2-257,62,FTRF2,4601186,330701,6.6,1.27,0.28,NA,0,0,0,0,33,33,N,0,0,70,30,0,0,0,GF,SS,15,70,15,5,70,25,0,5,0,15,0,50,0,35
53,Mahogany Creek,MC2-257,63,FNRN3,4601186,330707,22,1.51,0.24,NA,0,2,0,1,76,76,N,2.3,2,70,30,0,0,0,GF,SS,15,75,10,5,85,10,0,20,0,15,0,50,0,35
54,Mahogany Creek,MC2-257,64,FTRF4,4601190,330724,24.5,2.5,0.18,NA,0,3,0,2,71,71,N,6,0,80,20,0,0,0,GF,SS,15,80,5,15,75,10,5,0,0,10,0,60,0,20
55,Mahogany Creek,MC2-257,65,SSMC1,4601191,330735,6.5,1.39,0.28,NA,0,0,0,0,35,35,N,0,2.8,85,15,0,0,0,SS,SS,60,15,25,60,15,25,0,60,0,10,0,45,0,30
56,Mahogany Creek,MC2-257,66,FTRF5,4601195,330744,12.5,3.7,0.12,NA,0,0,0,2,81,81,N,0,6,80,20,0,0,0,GF,SS,15,65,20,5,45,50,8,8,0,30,0,15,0,30
57,Mahogany Creek,MC2-257,67,SDDD2,4601196,330743,3,2.04,0.24,0.5,2,0,0,0,79,79,N,0,2.5,80,20,0,0,0,GF,SS,20,75,5,50,10,40,0,5,0,30,0,90,0,45
58,Mahogany Creek,MC2-257,68,FTRF6,4601185,330743,30,1.8,0.2,NA,1,0,0,1,0,0,N,5,0,50,43,5,2,0,GF,SS,40,59,1,10,45,45,5,2,0,25,0,3,0,85
59,Mahogany Creek,MC2-257,68,FTRF6,4601185,330743,30,1.8,0.2,NA,1,0,0,1,0,0,N,5,0,50,43,5,2,0,GF,SS,40,59,1,10,45,45,5,2,0,25,0,3,0,85
60,Mahogany Creek,MC2-257,68,FTRF6,4601185,330743,30,1.8,0.2,NA,1,0,0,1,0,0,N,5,0,50,43,5,2,0,GF,SS,40,59,1,10,45,45,5,2,0,25,0,3,0,85
61,Mahogany Creek,MC2-257,68,FTRF6,4601185,330743,30,1.8,0.2,NA,1,0,0,1,0,0,N,5,0,50,43,5,2,0,GF,SS,40,59,1,10,45,45,5,2,0,25,0,3,0,85
62,Mahogany Creek,MC2-257,68,FTRF6,4601185,330743,30,1.8,0.2,NA,1,0,0,1,0,0,N,5,0,50,43,5,2,0,GF,SS,40,59,1,10,45,45,5,2,0,25,0,3,0,85
63,Mahogany Creek,MC2-257,69,SSLS3,4601165,330755,19,2,0.4,0.37,0,0,0,1,56,56,Y,0,2.5,85,13,2,0,0,GF,SS,15,40,45,35,30,35,3,2,0,1,0,7,0,90
64,Mahogany Creek,MC2-257,70,FTRF7,4601177,330772,7.1,2.45,0.28,NA,0,0,0,0,50,50,N,3.2,0,45,52,3,0,0,GF,SS,20,79,1,15,40,45,2,15,0,8,0,0,0,80
65,Mahogany Creek,MC2-257,71,SSLS4,4601173,330776,0.47,1.5,0.31,0.36,0,0,0,0,50,50,N,4.5,0,80,19,1,0,0,GF,SS,5,94,1,0,99,1,0,25,0,5,0,90,0,10
66,Mahogany Creek,MC2-257,72,FNRN8,4601170,330780,16.2,1.42,0.31,NA,0,0,0,0,37,37,Y,8,9.5,78,20,2,0,0,SS,SS,10,88,2,0,97,3,5,30,0,30,1,80,0,10
67,Mahogany Creek,MC2-257,73,FTRF9,4601170,330793,15.4,1.2,0.18,NA,0,0,0,0,38,38,N,2.5,0,40,44,15,1,0,SS,SS,3,97,0,2,97,1,10,70,0,5,5,60,0,30
68,Mahogany Creek,MC2-257,74,FNRN10,4601163,330805,9.5,1.34,0.28,NA,0,0,0,0,44,44,N,8,0,50,44,5,1,0,SS,SS,15,84,1,2,98,0,20,70,0,20,0,90,0,10
69,Mahogany Creek,MC2-257,75,FTRF11,4601165,330814,16.4,2.5,0.2,NA,0,0,0,2,52,52,N,2,0,60,37,2,1,0,SS,SS,20,79,1,0,93,7,40,30,0,10,5,20,0,30
70,Mahogany Creek,MC2-257,76,SSMC5,4601168,330830,3.5,1.05,0.35,0.38,0,0,0,1,37,37,Y,1,2.5,65,35,0,0,0,SS,SS,30,69,1,0,100,0,10,25,0,10,12,40,0,30
71,Mahogany Creek,MC2-257,77,FNRN12,4601170,330833,30.4,1.6,0.26,NA,0,0,0,2,21,21,N,0,6.5,70,30,0,0,0,SS,SS,30,70,0,3,95,2,25,15,0,5,20,20,0,40
72,Mahogany Creek,MC2-257,78,SDDD6,4601183,330860,3.2,1.8,0.24,0.32,0,0,0,0,90,90,Y,0,0,80,20,0,0,0,SS,SS,30,70,0,10,87,3,30,5,0,30,25,30,0,25
73,Mahogany Creek,MC2-257,79,SSLS7,4601184,330862,3.6,2.1,0.4,0.39,0,0,0,1,60,60,N,0,1.5,75,25,0,0,0,SS,SS,20,80,0,10,90,0,40,15,0,10,10,15,0,20
74,Mahogany Creek,MC2-257,80,FTRF13,4601183,330870,3.25,2.25,0.11,NA,0,0,0,2,50,90,N,0,1,75,25,0,0,0,SS,SS,20,80,0,15,85,0,15,20,0,5,10,10,0,15
75,Mahogany Creek,MC3-380,121,SSMC1,4600931,332659,4.9,2.2,0.17,0.31,1,0,0,1,82,83,N,6,0,85,15,0,0,0,SS,GF,30,40,30,1,90,9,0,0,60,80,0,80,0,5
76,Mahogany Creek,MC3-380,122,SSLS2,4600923,332664,3.3,2.54,0.32,0.3,0,0,0,0,93,93,N,0.5,1.75,85,15,0,0,0,SS,GF,30,40,30,1,90,9,0,0,75,75,0,80,0,5
77,Mahogany Creek,MC3-380,123,FTRF1,4600931,332667,9.3,1.8,0.27,NA,0,0,0,1,97,97,Y,7,1.85,70,27,3,0,0,SS,GF,40,45,15,2,97,1,0,10,60,90,0,2,2,0
78,Mahogany Creek,MC3-380,123,FTRF1,4600931,332667,9.3,1.8,0.27,NA,0,0,0,1,97,97,Y,7,1.85,70,27,3,0,0,SS,GF,40,45,15,2,97,1,0,10,60,90,0,2,2,0
79,Mahogany Creek,MC3-380,123,FTRF1,4600931,332667,9.3,1.8,0.27,NA,0,0,0,1,97,97,Y,7,1.85,70,27,3,0,0,SS,GF,40,45,15,2,97,1,0,10,60,90,0,2,2,0
80,Mahogany Creek,MC3-380,123,FTRF1,4600931,332667,9.3,1.8,0.27,NA,0,0,0,1,97,97,Y,7,1.85,70,27,3,0,0,SS,GF,40,45,15,2,97,1,0,10,60,90,0,2,2,0
81,Mahogany Creek,MC3-380,123,FTRF1,4600931,332667,9.3,1.8,0.27,NA,0,0,0,1,97,97,Y,7,1.85,70,27,3,0,0,SS,GF,40,45,15,2,97,1,0,10,60,90,0,2,2,0
82,Mahogany Creek,MC3-380,123,FTRF1,4600931,332667,9.3,1.8,0.27,NA,0,0,0,1,97,97,Y,7,1.85,70,27,3,0,0,SS,GF,40,45,15,2,97,1,0,10,60,90,0,2,2,0
83,Mahogany Creek,MC3-380,123,FTRF1,4600931,332667,9.3,1.8,0.27,NA,0,0,0,1,97,97,Y,7,1.85,70,27,3,0,0,SS,GF,40,45,15,2,97,1,0,10,60,90,0,2,2,0
84,Mahogany Creek,MC3-380,123,FTRF1,4600931,332667,9.3,1.8,0.27,NA,0,0,0,1,97,97,Y,7,1.85,70,27,3,0,0,SS,GF,40,45,15,2,97,1,0,10,60,90,0,2,2,0
85,Mahogany Creek,MC3-380,123,FTRF1,4600931,332667,9.3,1.8,0.27,NA,0,0,0,1,97,97,Y,7,1.85,70,27,3,0,0,SS,GF,40,45,15,2,97,1,0,10,60,90,0,2,2,0
86,Mahogany Creek,MC3-380,123,FTRF1,4600931,332667,9.3,1.8,0.27,NA,0,0,0,1,97,97,Y,7,1.85,70,27,3,0,0,SS,GF,40,45,15,2,97,1,0,10,60,90,0,2,2,0
87,Mahogany Creek,MC3-380,124,SSLS3,4600915,332671,4.2,2.65,0.23,0.33,0,0,0,0,97,97,Y,1.5,3,70,29,1,0,0,GF,GF,10,65,25,1,98,1,0,0,60,10,0,0,5,0
88,Mahogany Creek,MC3-380,125,FTRF2,4600913,332671,26.5,2.17,0.13,NA,1,0,0,3,100,100,N,0,17,65,32,2,1,0,SS,SS,15,80,5,20,65,15,0,5,75,90,1,10,80,90
89,Mahogany Creek,MC3-380,125,FTRF2,4600913,332671,26.5,2.17,0.13,NA,1,0,0,3,100,100,N,0,17,65,32,2,1,0,SS,SS,15,80,5,20,65,15,0,5,75,90,1,10,80,90
90,Mahogany Creek,MC3-380,126,SSMC4,4600899,332692,1.5,2.52,0.23,0.28,0,0,0,1,97,97,Y,0,2.7,90,10,0,0,0,SS,SS,10,89,1,50,45,5,0,0,70,40,5,40,60,75
91,Mahogany Creek,MC3-380,127,FTRF3,4600900,332694,2.5,1.5,0.17,NA,0,0,0,0,90,91,N,0,2,50,50,0,0,0,SS,SS,10,89,1,40,55,5,0,5,75,40,5,5,60,60
92,Mahogany Creek,MC3-380,128,SSLS5,4600897,332695,3.25,1.7,0.36,0.37,0,0,0,0,81,81,Y,0,3.25,90,9,1,0,0,SS,SS,20,75,5,35,64,1,0,20,70,40,5,0,25,80
93,Mahogany Creek,MC3-380,129,FTRF4,4600896,332701,3.4,0.47,0.12,NA,0,0,0,0,92,92,N,0,3,50,49,1,0,0,SS,SS,15,80,5,50,50,0,0,20,70,40,40,0,1,30
94,Mahogany Creek,MC3-380,130,SSLS6,4600896,332701,4.25,1.9,0.44,0.32,0,0,0,0,87,87,N,4,3.5,85,15,0,0,0,SS,SS,10,85,5,45,50,5,0,10,70,30,35,25,3,20
95,Mahogany Creek,MC3-380,131,FTRF5,4600889,332702,8.2,1.15,0.19,NA,1,0,0,0,90,92,N,0,0,78,20,2,0,0,ST,SS,20,75,5,30,58,12,0,2,85,15,0,40,30,35
96,Mahogany Creek,MC3-380,132,SSMC7,4600881,332704,1.8,2.6,0.27,0.29,0,0,1,0,93,95,Y,0,0.65,95,5,0,0,0,SS,SS,70,27,3,37,60,3,0,25,70,5,0,5,75,12
97,Mahogany Creek,MC3-380,133,FTRF6,4600882,332706,20.5,1.9,0.09,NA,2,0,0,4,69,69,N,2.7,4.8,85,13,0,2,0,SP,SS,80,19,1,35,64,1,0,20,60,70,5,40,15,12
98,Mahogany Creek,MC3-380,134,SSLS8,4600862,332711,4.3,2.1,0.24,0.3,0,1,0,0,93,93,N,3.6,0,95,5,0,0,0,SP,SS,65,34,1,40,59,1,0,0,45,60,10,40,0,25
99,Mahogany Creek,MC3-380,135,FTRF7,4600862,332711,5.7,1.8,0.14,NA,0,0,0,1,81,81,N,3.5,0,75,15,6,4,0,SP,SS,70,30,0,42,57,1,0,40,20,10,15,25,0,40
100,Mahogany Creek,MC3-380,136,FNRN8,4600861,332720,6.75,1.7,0.23,NA,0,0,0,0,93,93,N,0,0,65,30,5,0,0,SS,SS,80,20,0,40,59,1,0,50,80,1,20,5,25,30
101,Mahogany Creek,MC3-380,137,FTRF9,4600860,332725,37,2.1,0.21,NA,0,0,0,5,92,92,N,4,10.5,65,29,5,1,0,SS,SP,80,20,0,33,66,1,0,35,68,18,0,5,70,10
102,Mahogany Creek,MC3-380,138,SSLS9,4600825,332743,3,1.4,0.31,0.33,0,0,0,0,81,81,N,0.3,0,90,10,0,0,0,SS,SS,70,30,0,75,25,0,0,0,75,80,0,35,3,60
103,Mahogany Creek,MC3-380,139,FTRF10,4600822,332741,4.3,2.09,0.16,NA,0,0,0,0,83,83,N,4,0,70,18,10,2,0,SS,SS,58,41,1,69,30,1,0,5,75,80,0,20,50,80
104,Mahogany Creek,MC3-380,140,FNRN11,4600819,332744,10.3,1.94,0.21,NA,1,0,0,2,79,79,Y,0,7.3,73,25,2,0,0,SS,SS,45,53,2,53,46,1,0,3,65,70,2,20,57,55
105,Mahogany Creek,MC5-501,211,SSLS1,4599744,333704,12,2.1,0.55,0.26,0,0,0,1,27,27,Y,0,6,70,30,0,0,0,SS,ST,2,98,0,5,94,1,50,0,0,0,4,5,65,4
106,Mahogany Creek,MC5-501,212,FTRF1,4599750,333709,12.5,1.15,0.14,NA,0,0,0,1,90,90,N,5,1,50,50,0,0,0,SS,ST,15,84,1,5,90,5,65,10,0,0,0,25,65,1
107,Mahogany Creek,MC5-501,213,SSLS2,4599755,333715,2.5,1.1,0.24,0.26,0,0,0,0,92,92,N,0,3.5,50,50,0,0,0,SS,ST,20,79,1,25,74,1,70,25,0,0,0,0,65,1
108,Mahogany Creek,MC5-501,214,FTRF2,4599760,333715,9.25,0.99,0.15,NA,0,0,0,1,92,92,N,0,6.5,45,55,0,0,0,SS,ST,20,79,1,20,79,1,65,20,0,1,0,0,60,15
109,Mahogany Creek,MC5-501,215,SSLS3,4599763,333719,3.5,1.5,0.32,0.32,0,0,0,1,55,55,N,0.5,0.27,70,30,0,0,0,SS,ST,25,70,5,10,40,50,30,40,0,1,0,35,40,0
110,Mahogany Creek,MC5-501,216,FTRF3,4599760,333722,11,1.3,0.17,NA,0,0,0,2,99,99,N,3.25,0,60,40,0,0,0,SS,ST,15,65,20,15,80,5,40,60,0,0,0,45,30,5
111,Mahogany Creek,MC5-501,217,SSLS4,4599767,333722,7.5,1.24,0.22,0.24,1,0,0,1,63,63,N,1.55,4.6,75,25,0,0,0,SS,ST,5,94,1,10,89,1,20,20,0,1,0,5,80,50
112,Mahogany Creek,MC5-501,218,FTRF4,4599776,333720,9.5,0.32,0.11,NA,0,0,0,0,92,92,N,8,0,60,40,0,0,0,SS,ST,20,79,1,20,79,1,50,10,0,5,0,20,90,60
113,Mahogany Creek,MC5-501,219,FNRN5,4599773,333728,5,1.43,0.23,NA,1,0,0,2,93,93,N,0,3,70,30,0,0,0,SS,ST,20,79,1,20,79,1,60,39,0,1,0,20,90,60
114,Mahogany Creek,MC5-501,220,SSLS5,4599781,333729,4,1.6,0.32,0.33,0,0,0,1,71,71,N,1,0,75,25,0,0,0,SS,ST,15,84,1,20,75,5,80,20,0,0,0,50,80,50
115,Mahogany Creek,MC5-501,221,FTRF6,4599781,333731,30,1.49,0.17,NA,0,0,0,2,90,90,N,2,0,70,30,0,0,0,SS,SS,45,54,1,40,59,1,60,20,0,2,0,30,22,6
116,Mahogany Creek,MC5-501,222,SSLS6,4599802,333743,6.5,1.35,0.26,0.33,0,0,0,1,42,42,N,0,0,90,10,0,0,0,SS,SS,45,54,1,48,48,4,36,17,0,1,0,30,30,5
117,Mahogany Creek,MC5-501,223,FTRF7,4599805,333744,58,1.78,0.1,NA,1,0,0,3,94,94,N,0,15,65,35,0,0,0,ST,ST,48,51,1,38,61,1,13,32,40,4,1,8,30,12
118,Mahogany Creek,MC5-501,223,FTRF7,4599805,333744,58,1.78,0.1,NA,1,0,0,3,94,94,N,0,15,65,35,0,0,0,ST,ST,48,51,1,38,61,1,13,32,40,4,1,8,30,12
119,Mahogany Creek,MC5-501,223,FTRF7,4599805,333744,58,1.78,0.1,NA,1,0,0,3,94,94,N,0,15,65,35,0,0,0,ST,ST,48,51,1,38,61,1,13,32,40,4,1,8,30,12
120,Mahogany Creek,MC5-501,223,FTRF7,4599805,333744,58,1.78,0.1,NA,1,0,0,3,94,94,N,0,15,65,35,0,0,0,ST,ST,48,51,1,38,61,1,13,32,40,4,1,8,30,12
121,Mahogany Creek,MC5-501,223,FTRF7,4599805,333744,58,1.78,0.1,NA,1,0,0,3,94,94,N,0,15,65,35,0,0,0,ST,ST,48,51,1,38,61,1,13,32,40,4,1,8,30,12
122,Mahogany Creek,MC5-501,223,FTRF7,4599805,333744,58,1.78,0.1,NA,1,0,0,3,94,94,N,0,15,65,35,0,0,0,ST,ST,48,51,1,38,61,1,13,32,40,4,1,8,30,12
123,Mahogany Creek,MC5-501,223,FTRF7,4599805,333744,58,1.78,0.1,NA,1,0,0,3,94,94,N,0,15,65,35,0,0,0,ST,ST,48,51,1,38,61,1,13,32,40,4,1,8,30,12
124,Mahogany Creek,MC5-501,223,FTRF7,4599805,333744,58,1.78,0.1,NA,1,0,0,3,94,94,N,0,15,65,35,0,0,0,ST,ST,48,51,1,38,61,1,13,32,40,4,1,8,30,12
125,Mahogany Creek,MC5-501,223,FTRF7,4599805,333744,58,1.78,0.1,NA,1,0,0,3,94,94,N,0,15,65,35,0,0,0,ST,ST,48,51,1,38,61,1,13,32,40,4,1,8,30,12
126,Mahogany Creek,MC5-501,223,FTRF7,4599805,333744,58,1.78,0.1,NA,1,0,0,3,94,94,N,0,15,65,35,0,0,0,ST,ST,48,51,1,38,61,1,13,32,40,4,1,8,30,12
127,Mahogany Creek,MC5-501,224,SSMC7,4599834,333784,4.75,1.9,0.21,0.27,0,0,0,1,72,72,N,1.5,0,85,15,0,0,0,SS,SS,30,70,0,33,66,1,2,7,40,6,1,10,35,5
128,Mahogany Creek,MC5-501,225,FTRF8,4599839,333787,5,1.33,0.21,NA,1,0,0,0,85,85,N,0,0,70,30,0,0,0,SS,SS,30,70,0,35,64,1,0,10,40,43,0,10,70,40
129,Mahogany Creek,MC5-501,226,SSMC8,4599839,333788,10.5,1.9,0.22,0.31,0,0,0,0,81,81,N,0,0,85,13,2,0,0,SS,SS,40,59,1,23,77,0,0,15,60,5,1,6,38,10
130,Mahogany Creek,MC5-501,227,FTRF9,4599841,333802,19,1.68,0.12,NA,0,0,0,3,87,87,N,3,8,65,31,2,2,0,SS,SS,35,65,0,43,54,1,1,12,60,10,1,3,28,4
131,Mahogany Creek,MC5-501,228,SSLS9,4599826,333807,7,2.32,0.37,0.08,0,0,0,0,87,87,Y,8,0,89,10,1,0,0,SS,SS,40,59,1,65,31,4,0,26,50,63,0,70,4,1
132,Mahogany Creek,MC5-501,229,FTRF10,4599824,333807,34,1.4,0.21,NA,0,2,0,3,84,84,N,2,7,65,29,3,3,0,SS,SS,40,48,1,32,67,1,2,8,63,17,40,25,18,3
133,Mahogany Creek,MC5-501,229,FTRF10,4599824,333807,34,1.4,0.21,NA,0,2,0,3,84,84,N,2,7,65,29,3,3,0,SS,SS,40,48,1,32,67,1,2,8,63,17,40,25,18,3
134,Mahogany Creek,MC5-501,230,SSMC10,4599837,333841,2.5,1.4,0.2,0.31,1,1,0,0,81,81,Y,2,1,84,12,2,2,0,ST,SS,30,0,70,40,59,1,1,1,55,3,0,5,55,2
135,Mahogany Creek,MC5-555,241,SSMC1,4599792,334079,2.5,0.2,0.08,0.18,0,0,0,0,81,81,N,2.5,2.5,70,30,0,0,0,SS,SS,90,10,0,95,5,0,0,75,3,3,0,5,90,5
136,Mahogany Creek,MC5-555,242,FTRF1,4599797,334074,3,0.61,0.04,NA,0,0,0,0,89,89,N,0.29,0,30,70,0,0,0,SS,SS,92,8,0,93,7,0,0,13,80,4,0,25,77,3
137,Mahogany Creek,MC5-555,243,SSMC2,4599806,334084,3.5,0.89,0.09,0.35,0,0,1,1,90,90,N,0.5,0,80,20,0,0,0,SS,SS,90,10,0,85,15,0,0,10,60,4,0,20,30,5
138,Mahogany Creek,MC5-555,244,FTRF2,4599810,334080,10,0.74,0.07,NA,0,0,1,1,68,68,N,0.8,1.2,70,29,1,0,0,SS,SS,95,5,0,51,49,0,0,5,80,2,0,35,30,7
139,Mahogany Creek,MC5-555,245,SSLS3,4599818,334090,1.9,0.74,0.14,0.3,0,0,0,0,97,97,N,0,1.9,80,20,0,0,0,SS,SS,88,12,0,50,50,0,0,10,55,3,0,38,30,5
140,Mahogany Creek,MC5-555,246,FTRF3,4599810,334088,6.3,0.95,0.08,NA,0,1,0,0,98,98,N,5.3,2,60,40,0,0,0,SS,SS,95,5,0,70,30,0,0,5,80,1,0,40,40,5
141,Mahogany Creek,MC5-555,247,SSLS4,4599794,334087,3,1.01,0.13,0.23,1,1,0,0,96,96,N,3,0,80,20,0,0,0,SS,SS,95,5,0,90,10,0,0,5,70,1,0,5,70,15
142,Mahogany Creek,MC5-555,248,FTRF4,4599790,334087,13.1,1.1,0.05,NA,0,1,0,0,92,92,N,12.5,10,64,35,1,0,0,SS,SS,80,20,0,90,10,0,0,5,80,40,0,25,70,20
143,Mahogany Creek,MC5-555,249,SSLS5,4599786,334096,3,1.21,0.17,0.04,0,0,0,1,92,92,N,3,2.5,85,15,0,0,0,SS,SS,55,45,0,80,20,0,0,20,70,20,0,30,70,20
144,Mahogany Creek,MC5-555,250,FTRF5,4599786,334096,9.5,0.8,0.09,NA,0,0,0,0,89,89,N,0,9.5,80,19,1,0,0,SS,SS,80,20,0,90,10,0,0,20,60,60,0,40,70,40
145,Mahogany Creek,MC5-555,251,SSLS6,4599786,334094,4.75,1.16,0.13,0.3,0,0,0,0,93,93,N,0.79,0,95,4,0,1,0,SS,SS,95,4,1,90,9,1,0,0,85,95,0,0,80,90
146,Mahogany Creek,MC5-555,252,FNRN6,4599793,334105,7,0.81,0.13,NA,0,0,0,0,85,85,N,0.91,3,95,2,1,2,0,SS,SS,95,4,1,90,9,1,0,0,70,97,0,0,92,85
147,Mahogany Creek,MC5-555,253,FTRF7,4599794,334108,27,0.58,0.09,NA,0,0,0,2,89,89,N,5,10,50,46,3,1,0,SS,SS,65,34,1,50,50,5,0,15,60,40,0,65,45,40
148,Mahogany Creek,MC5-555,253,FTRF7,4599794,334108,27,0.58,0.09,NA,0,0,0,2,89,89,N,5,10,50,46,3,1,0,SS,SS,65,34,1,50,50,5,0,15,60,40,0,65,45,40
149,Mahogany Creek,MC5-555,254,SIDEF1,NA,NA,3.5,0.4,0.06,NA,NA,NA,NA,NA,NA,NA,NA,NA,NA,NA,NA,NA,NA,NA,NA,NA,NA,NA,NA,NA,NA,NA,NA,NA,NA,NA,NA,NA,NA,NA
150,Mahogany Creek,MC5-555,255,SSLS7,4599812,334127,1.1,2.15,0.13,0.31,0,0,0,1,89,89,N,1.1,1.1,70,30,0,0,0,SS,SS,90,9,1,30,20,50,0,50,60,20,0,80,20,60
151,Mahogany Creek,MC5-555,256,FTRF8,4599813,334128,9,0.79,0.07,NA,0,0,0,0,87,87,N,0,6,60,39,1,0,0,SS,SS,95,3,2,95,3,2,0,50,80,70,0,50,50,70
152,Mahogany Creek,MC5-555,256,FTRF8,4599823,334146,9,0.79,0.07,NA,0,0,0,0,87,87,N,0,6,60,39,1,0,0,SS,SS,95,3,2,95,3,2,0,50,80,70,0,50,50,70
153,Mahogany Creek,MC5-555,257,FNRN9,4599818,334135,2.5,0.83,0.09,NA,0,0,0,0,79,79,N,1.5,0,80,19,1,0,0,SS,SS,95,3,2,60,37,3,0,25,85,50,0,10,70,55
154,Mahogany Creek,MC5-555,257,FNRN9,4599818,334135,2.5,0.83,0.09,NA,0,0,0,0,79,79,N,1.5,0,80,19,1,0,0,SS,SS,95,3,2,60,37,3,0,25,85,50,0,10,70,55
155,Mahogany Creek,MC5-555,257,FNRN9,4599818,334135,2.5,0.83,0.09,NA,0,0,0,0,79,79,N,1.5,0,80,19,1,0,0,SS,SS,95,3,2,60,37,3,0,25,85,50,0,10,70,55
156,Mahogany Creek,MC5-555,257,FNRN9,4599818,334135,2.5,0.83,0.09,NA,0,0,0,0,79,79,N,1.5,0,80,19,1,0,0,SS,SS,95,3,2,60,37,3,0,25,85,50,0,10,70,55
157,Mahogany Creek,MC5-555,257,FNRN9,4599818,334135,2.5,0.83,0.09,NA,0,0,0,0,79,79,N,1.5,0,80,19,1,0,0,SS,SS,95,3,2,60,37,3,0,25,85,50,0,10,70,55
158,Mahogany Creek,MC5-555,257,FNRN9,4599818,334135,2.5,0.83,0.09,NA,0,0,0,0,79,79,N,1.5,0,80,19,1,0,0,SS,SS,95,3,2,60,37,3,0,25,85,50,0,10,70,55
159,Mahogany Creek,MC5-555,257,FNRN9,4599818,334135,2.5,0.83,0.09,NA,0,0,0,0,79,79,N,1.5,0,80,19,1,0,0,SS,SS,95,3,2,60,37,3,0,25,85,50,0,10,70,55
160,Mahogany Creek,MC5-555,257,FNRN9,4599818,334135,2.5,0.83,0.09,NA,0,0,0,0,79,79,N,1.5,0,80,19,1,0,0,SS,SS,95,3,2,60,37,3,0,25,85,50,0,10,70,55
161,Mahogany Creek,MC5-555,257,FNRN9,4599818,334135,2.5,0.83,0.09,NA,0,0,0,0,79,79,N,1.5,0,80,19,1,0,0,SS,SS,95,3,2,60,37,3,0,25,85,50,0,10,70,55
162,Mahogany Creek,MC5-555,257,FNRN9,4599818,334135,2.5,0.83,0.09,NA,0,0,0,0,79,79,N,1.5,0,80,19,1,0,0,SS,SS,95,3,2,60,37,3,0,25,85,50,0,10,70,55
163,Mahogany Creek,MC5-555,257,FNRN9,4599818,334135,2.5,0.83,0.09,NA,0,0,0,0,79,79,N,1.5,0,80,19,1,0,0,SS,SS,95,3,2,60,37,3,0,25,85,50,0,10,70,55
164,Mahogany Creek,MC5-555,257,FNRN9,4599818,334135,2.5,0.83,0.09,NA,0,0,0,0,79,79,N,1.5,0,80,19,1,0,0,SS,SS,95,3,2,60,37,3,0,25,85,50,0,10,70,55
165,Mahogany Creek,MC5-555,257,FNRN9,4599818,334135,2.5,0.83,0.09,NA,0,0,0,0,79,79,N,1.5,0,80,19,1,0,0,SS,SS,95,3,2,60,37,3,0,25,85,50,0,10,70,55
166,Mahogany Creek,MC5-555,257,FNRN9,4599818,334135,2.5,0.83,0.09,NA,0,0,0,0,79,79,N,1.5,0,80,19,1,0,0,SS,SS,95,3,2,60,37,3,0,25,85,50,0,10,70,55
167,Mahogany Creek,MC5-555,257,FNRN9,4599818,334135,2.5,0.83,0.09,NA,0,0,0,0,79,79,N,1.5,0,80,19,1,0,0,SS,SS,95,3,2,60,37,3,0,25,85,50,0,10,70,55
168,Mahogany Creek,MC5-555,258,FTRF10,4599817,334140,7,0.91,0.06,NA,0,0,0,0,89,89,N,3,2,70,25,2,3,0,SS,SS,60,35,5,60,35,5,0,40,25,40,0,75,25,40
169,Mahogany Creek,MC5-555,259,SSPL8,NA,NA,3,1.5,0.21,0.41,0,0,0,1,79,79,N,1.25,0,70,15,10,5,0,SS,SS,60,35,5,60,35,5,0,80,20,30,0,50,70,70
170,Mahogany Creek,MC5-555,260,SSLS9,4599821,334147,4.5,0.82,0.18,0.29,1,0,0,0,82,82,N,2,0,70,20,3,7,0,SS,SS,60,39,1,30,69,1,0,50,15,40,0,70,15,85
171,Mahogany Creek,MC5-555,261,FTRF11,4599823,334149,10,0.83,0.18,NA,0,0,0,0,91,91,N,2,2,60,10,5,25,0,SS,SS,90,9,1,65,34,1,0,2,10,5,0,80,10,30
172,Summer Camp Creek,SCC1-069,5001,FTRF1,4599506,334156,11,0.93,0.12,NA,0,0,0,0,76,76,N,1.5,3,60,38,2,0,0,SS,ST,60,35,5,40,45,15,13,6,0,20,0,70,60,30
173,Summer Camp Creek,SCC1-069,5002,SSLS1,4599506,334161,3.5,1.26,0.26,0.28,0,0,0,1,94,94,N,0,1,81,18,1,0,0,SS,SP,70,28,2,15,80,5,5,7,10,7,0,50,60,10
174,Summer Camp Creek,SCC1-069,5003,FTRF2,4599508,334166,21,0.82,0.11,NA,0,0,0,4,84,84,N,5,10,61,35,3,1,0,SS,SP,65,35,0,30,68,2,10,5,45,3,1,20,80,10
175,Summer Camp Creek,SCC1-069,5004,SSLS2,4599489,334179,3,1.47,0.21,0.05,0,0,0,0,83,83,Y,0,1.9,93,7,0,0,0,SS,SS,55,45,0,40,59,1,4,0,70,1,1,0,50,5
176,Summer Camp Creek,SCC1-069,5005,FTRF3,4599484,334179,30,1.5,0.11,NA,0,0,0,4,90,90,N,4,14,54,45,1,0,0,SS,SS,60,40,0,50,45,5,8,1,70,10,2,20,90,5
177,Summer Camp Creek,SCC1-069,5006,SSMC3,4599460,334194,2.5,2.5,0.15,0.25,1,1,0,2,88,88,N,2.2,1,75,25,0,0,0,SS,SS,50,49,1,60,40,0,1,1,70,10,2,15,90,15
178,Summer Camp Creek,SCC1-069,5007,FTRF4,4599463,334197,17.5,1,0.09,NA,0,1,0,2,85,85,N,4.2,0,60,40,0,0,0,SS,SS,50,48,2,63,36,1,8,0,80,10,0,5,60,18
179,Summer Camp Creek,SCC1-069,5008,SSMC4,4599458,334204,2,1.6,0.26,0.33,0,0,0,1,92,92,N,1,0,80,20,0,0,0,SS,SS,25,74,1,55,45,0,5,0,85,10,0,8,60,10
180,Summer Camp Creek,SCC1-069,5009,FTRF5,4599454,334204,2.75,1,0.07,NA,0,0,0,0,95,95,N,1.2,0,60,40,0,0,0,SS,SS,30,70,0,55,45,0,20,0,83,15,0,2,40,5
181,Summer Camp Creek,SCC1-069,5010,SSLS5,4599451,334207,1.5,1,0.16,0.29,0,0,0,1,86,86,N,0,0,70,30,0,0,0,SS,SS,40,60,0,60,40,0,20,1,60,10,0,0,32,7
182,Summer Camp Creek,SCC1-069,5011,FTRF6,4599450,334209,2.75,1.8,0.07,NA,1,0,0,1,88,88,N,1.5,0,60,36,4,0,0,SS,SS,60,40,0,60,37,3,15,0,10,20,0,0,28,10
183,Summer Camp Creek,SCC1-069,5012,FNRN7,4599453,334205,2,0.77,0.2,NA,0,0,0,1,94,94,N,0,2.5,65,35,0,0,0,SS,SS,50,45,5,70,29,1,10,0,15,20,0,0,35,22
184,Summer Camp Creek,SCC1-069,5013,FTRF8,4599453,334207,6,1,0.08,NA,0,1,0,0,84,84,N,0,4,65,35,0,0,0,SS,SS,50,45,5,85,15,0,10,0,10,30,0,15,20,10
185,Summer Camp Creek,SCC1-069,5014,SSPL6,4599460,334210,2.75,0.58,0.21,0.06,1,0,0,0,84,84,N,0,1,70,30,0,0,0,SS,SS,70,30,0,70,25,5,5,1,6,17,0,10,40,30
186,Summer Camp Creek,SCC1-069,5015,FTRF9,4599450,334212,30,1.41,0.14,NA,2,0,0,5,78,78,N,9.5,0,60,36,2,2,0,SS,SS,50,50,0,70,30,0,3,1,68,7,10,15,80,20
187,Summer Camp Creek,SCC1-069,5016,SSMC7,4599428,334244,4.5,1.05,0.18,0.39,1,0,0,1,74,74,N,1.3,1.75,65,33,1,1,0,SS,SS,40,60,0,40,58,2,0,0,73,2,0,40,70,15
188,Summer Camp Creek,SCC1-069,5017,FTRF10,4599421,334246,8.6,1.1,0.09,NA,1,0,0,2,76,76,N,4.5,2,60,39,1,0,0,SS,SS,48,52,0,65,35,0,1,3,75,30,0,15,70,20
189,Summer Camp Creek,SCC1-069,5018,SSLS8,4599428,334253,2.9,1.2,0.17,0.25,0,0,0,0,91,91,N,1.1,0.6,65,33,2,0,0,SS,SS,63,37,0,70,30,0,0,18,68,29,0,5,40,30
190,Summer Camp Creek,SCC1-069,5019,FNRN11,4599417,334257,3.7,0.36,0.03,NA,0,0,0,2,100,100,N,0,7,70,30,0,0,0,SS,SS,65,35,0,75,25,0,1,10,43,7,0,0,25,20
191,Summer Camp Creek,SCC1-069,5020,SSLS9,4599414,334259,2.3,1.91,0.13,0.38,0,0,0,1,90,90,N,0,1.3,80,20,0,0,0,SS,SS,55,45,0,80,20,0,2,2,60,27,0,0,25,15
192,Summer Camp Creek,SCC4-15-7,5121,SSLS1,4596667,334764,2.5,1.6,0.23,0.27,0,0,0,0,97,97,Y,0,0,60,39,1,0,0,SS,SS,50,49,1,45,54,1,22,1,55,0,20,15,35,0
193,Summer Camp Creek,SCC4-15-7,5122,FTRF1,4596665,334764,10.75,1.7,0.11,NA,0,0,0,1,80,80,N,0,0,60,30,2,8,0,ST,SS,50,49,1,50,49,1,12,0,43,3,3,0,60,3
194,Summer Camp Creek,SCC4-15-7,5122,FTRF1,4596665,334764,10.75,1.7,0.11,NA,0,0,0,1,80,80,N,0,0,60,30,2,8,0,ST,SS,50,49,1,50,49,1,12,0,43,3,3,0,60,3
195,Summer Camp Creek,SCC4-15-7,5123,FTRP2,4596660,334772,26.5,1,0.13,NA,0,1,1,2,72,72,N,0,0,40,35,10,15,0,ST,SS,50,49,1,45,54,1,2,1,57,6,1,3,50,3
196,Summer Camp Creek,SCC4-15-7,5123,FTRP2,4596660,334772,26.5,1,0.13,NA,0,1,1,2,72,72,N,0,0,40,35,10,15,0,ST,SS,50,49,1,45,54,1,2,1,57,6,1,3,50,3
197,Summer Camp Creek,SCC4-15-7,5123,FTRP2,4596660,334772,26.5,1,0.13,NA,0,1,1,2,72,72,N,0,0,40,35,10,15,0,ST,SS,50,49,1,45,54,1,2,1,57,6,1,3,50,3
198,Summer Camp Creek,SCC4-15-7,5123,FTRP2,4596660,334772,26.5,1,0.13,NA,0,1,1,2,72,72,N,0,0,40,35,10,15,0,ST,SS,50,49,1,45,54,1,2,1,57,6,1,3,50,3
199,Summer Camp Creek,SCC4-15-7,5123,FTRP2,4596660,334772,26.5,1,0.13,NA,0,1,1,2,72,72,N,0,0,40,35,10,15,0,ST,SS,50,49,1,45,54,1,2,1,57,6,1,3,50,3
200,Summer Camp Creek,SCC4-15-7,5123,FTRP2,4596660,334772,26.5,1,0.13,NA,0,1,1,2,72,72,N,0,0,40,35,10,15,0,ST,SS,50,49,1,45,54,1,2,1,57,6,1,3,50,3
201,Summer Camp Creek,SCC4-15-7,5123,FTRP2,4596660,334772,26.5,1,0.13,NA,0,1,1,2,72,72,N,0,0,40,35,10,15,0,ST,SS,50,49,1,45,54,1,2,1,57,6,1,3,50,3
202,Summer Camp Creek,SCC4-15-7,5123,FTRP2,4596660,334772,26.5,1,0.13,NA,0,1,1,2,72,72,N,0,0,40,35,10,15,0,ST,SS,50,49,1,45,54,1,2,1,57,6,1,3,50,3
203,Summer Camp Creek,SCC4-15-7,5124,FTRF3,4596631,334769,23,1.75,0.1,NA,1,1,0,2,95,95,N,5,3,25,43,30,2,0,ST,ST,55,45,1,45,50,5,1,0,80,5,0,0,63,6
204,Summer Camp Creek,SCC4-15-7,5125,SSLS2,4596616,334779,2.5,1.25,0.17,0.3,0,0,0,0,88,88,Y,1.25,0,50,35,15,0,0,ST,ST,50,49,1,35,55,10,0,0,68,12,0,0,25,5
205,Summer Camp Creek,SCC4-15-7,5126,FTRF4,4596622,334778,7.5,1.45,0.13,NA,0,0,0,0,87,87,Y,0.5,0,40,35,25,0,0,SS,ST,60,39,1,45,54,1,0,0,89,10,0,0,40,5
206,Summer Camp Creek,SCC4-15-7,5127,SSMC3,4596606,334770,3,2.5,0.19,0.26,1,0,0,0,90,90,N,0,0,50,40,10,0,0,SP,SS,60,39,1,42,57,1,0,0,89,6,0,0,51,10
207,Summer Camp Creek,SCC4-15-7,5128,FTRP5,4596610,334774,11,1.4,0.11,NA,0,1,0,1,85,85,N,0.5,0,40,35,24,1,0,SP,SS,55,44,1,45,54,1,0,0,88,10,0,0,73,13
208,Summer Camp Creek,SCC4-15-7,5129,SSPL4,4596600,334767,2.2,2.5,0.17,2.6,0,1,0,1,85,85,N,0,1.5,70,27,3,0,0,SP,SS,52,47,1,42,58,0,0,0,85,7,0,0,80,10
209,Summer Camp Creek,SCC4-15-7,5130,FTRF6,4596600,334769,19,1.5,0.13,NA,0,0,0,0,73,73,N,4,0,40,30,27,3,0,SP,SS,55,42,3,55,44,1,0,0,70,8,0,0,72,8
210,Summer Camp Creek,SCC4-15-7,5131,SSLS5,4596587,334771,1.3,2.1,0.21,0.25,0,0,0,0,81,81,N,0,0,55,19,20,6,0,SP,SP,55,44,1,55,44,1,0,0,85,2,0,0,70,4
211,Summer Camp Creek,SCC4-15-7,5132,FTRF7,4596588,334765,16,1.3,0.13,NA,0,0,0,0,67,67,N,0,1.8,40,39,20,1,0,SP,SS,65,34,1,65,34,1,0,0,90,15,0,0,70,20
212,Summer Camp Creek,SCC4-15-7,5133,FTRP8,4596565,334780,30,1.8,0.14,NA,0,0,0,1,70,70,N,4,2.3,46,25,25,4,0,SS,SS,95,5,0,64,35,1,0,0,60,20,0,0,35,5
213,Summer Camp Creek,SCC4-15-7,5134,SSMC6,4596543,334790,2.3,2.2,0.12,0.26,0,0,0,1,84,84,N,0,0.3,42,40,10,8,0,SS,SP,97,3,0,55,45,0,0,0,50,20,0,0,40,10
214,Summer Camp Creek,SCC4-15-7,5135,FTRP9,4596555,334789,22,1.43,0.12,NA,0,1,0,1,70,70,N,5,5.5,40,38,20,2,0,ST,SS,97,3,0,55,45,1,0,0,40,5,0,0,70,10
215,Summer Camp Creek,SCC4-15-7,5136,FTRF10,4596547,334805,8,2.3,0.1,NA,0,1,0,1,69,69,N,0,1,50,25,25,0,0,ST,SS,97,3,0,55,45,1,0,0,75,5,0,1,35,5
216,Summer Camp Creek,SCC4-15-7,5137,SSLS7,4596539,334807,3,2.79,0.15,0.29,0,0,0,1,83,83,N,0,1.1,60,18,22,0,0,ST,SS,97,3,0,55,45,0,0,0,55,3,0,0,40,20
217,Summer Camp Creek,SCC4-15-7,5138,FTRP11,4596533,334806,12.5,1.35,0.13,NA,0,1,0,0,77,77,N,0,3.2,38,29,30,3,0,ST,ST,97,3,0,55,45,0,0,0,80,5,0,1,40,30
218,Summer Camp Creek,SCC4-15-7,5139,SSLS8,4596538,334826,2.7,1.9,0.13,0.29,1,2,0,0,75,75,Y,1,0,65,18,15,2,0,ST,ST,95,5,0,50,50,0,0,0,55,25,10,0,40,10
219,Summer Camp Creek,SCC4-15-7,5140,FTRP12,4596524,334811,1.7,1.7,0.13,NA,0,0,0,0,87,87,N,0,0,60,16,12,12,0,ST,SP,95,5,0,60,40,0,0,0,65,20,15,0,45,5
220,Summer Camp Creek,SCC5-15-8,5151,SSPL1,4595736,334899,1.6,1.1,0.19,0.23,0,0,0,0,79,79,N,1,0,90,10,0,0,0,SS,SS,35,40,25,40,35,25,0,0,40,25,0,0,65,75
221,Summer Camp Creek,SCC5-15-8,5152,FTRF1,4595739,334903,30.3,0.74,0.14,NA,0,1,0,1,75,75,N,3.5,4,50,10,37,3,0,ST,SS,35,45,20,10,60,30,1,0,15,25,0,0,30,50
222,Summer Camp Creek,SCC5-15-8,5152,FTRF1,4595739,334903,30.3,0.74,0.14,NA,0,1,0,1,75,75,N,3.5,4,50,10,37,3,0,ST,SS,35,45,20,10,60,30,1,0,15,25,0,0,30,50
223,Summer Camp Creek,SCC5-15-8,5153,SIDEF1,NA,NA,24,0.3,0.08,NA,NA,NA,NA,NA,NA,NA,NA,NA,NA,NA,NA,NA,NA,NA,NA,NA,NA,NA,NA,NA,NA,NA,NA,NA,NA,NA,NA,NA,NA,NA
224,Summer Camp Creek,SCC5-15-8,5154,SSPL2,4595721,334914,2.7,0.65,0.17,0.31,0,0,0,1,88,88,N,0,0,60,20,20,0,0,SP,SS,40,45,15,10,85,5,0,0,45,65,0,0,35,60
225,Summer Camp Creek,SCC5-15-8,5155,FTRF2,4595719,334920,19.9,1.4,0.14,NA,0,1,0,2,97,97,N,6,5,50,27,22,1,0,SS,SP,55,42,3,45,50,5,0,0,80,60,0,0,80,35
226,Summer Camp Creek,SCC5-15-8,5156,SSPL3,4595702,334922,2.3,2,0.25,0.3,0,0,0,0,89,89,Y,0,1.5,70,20,9,1,0,SS,SP,70,30,0,60,40,0,0,0,75,65,0,0,60,70
227,Summer Camp Creek,SCC5-15-8,5157,FTRP3,4595706,334927,23.4,1,0.16,NA,1,0,0,1,70,70,Y,1.5,7,55,30,14,1,0,SS,SP,45,45,10,40,40,20,0,0,75,25,0,0,45,30
228,Summer Camp Creek,SCC5-15-8,5157,FTRP3,4595706,334927,23.4,1,0.16,NA,1,0,0,1,70,70,Y,1.5,7,55,30,14,1,0,SS,SP,45,45,10,40,40,20,0,0,75,25,0,0,45,30
229,Summer Camp Creek,SCC5-15-8,5157,FTRP3,4595706,334927,23.4,1,0.16,NA,1,0,0,1,70,70,Y,1.5,7,55,30,14,1,0,SS,SP,45,45,10,40,40,20,0,0,75,25,0,0,45,30
230,Summer Camp Creek,SCC5-15-8,5157,FTRP3,4595706,334927,23.4,1,0.16,NA,1,0,0,1,70,70,Y,1.5,7,55,30,14,1,0,SS,SP,45,45,10,40,40,20,0,0,75,25,0,0,45,30
231,Summer Camp Creek,SCC5-15-8,5157,FTRP3,4595706,334927,23.4,1,0.16,NA,1,0,0,1,70,70,Y,1.5,7,55,30,14,1,0,SS,SP,45,45,10,40,40,20,0,0,75,25,0,0,45,30
232,Summer Camp Creek,SCC5-15-8,5157,FTRP3,4595706,334927,23.4,1,0.16,NA,1,0,0,1,70,70,Y,1.5,7,55,30,14,1,0,SS,SP,45,45,10,40,40,20,0,0,75,25,0,0,45,30
233,Summer Camp Creek,SCC5-15-8,5157,FTRP3,4595706,334927,23.4,1,0.16,NA,1,0,0,1,70,70,Y,1.5,7,55,30,14,1,0,SS,SP,45,45,10,40,40,20,0,0,75,25,0,0,45,30
234,Summer Camp Creek,SCC5-15-8,5157,FTRP3,4595706,334927,23.4,1,0.16,NA,1,0,0,1,70,70,Y,1.5,7,55,30,14,1,0,SS,SP,45,45,10,40,40,20,0,0,75,25,0,0,45,30
235,Summer Camp Creek,SCC5-15-8,5157,FTRP3,4595706,334927,23.4,1,0.16,NA,1,0,0,1,70,70,Y,1.5,7,55,30,14,1,0,SS,SP,45,45,10,40,40,20,0,0,75,25,0,0,45,30
236,Summer Camp Creek,SCC5-15-8,5157,FTRP3,4595706,334927,23.4,1,0.16,NA,1,0,0,1,70,70,Y,1.5,7,55,30,14,1,0,SS,SP,45,45,10,40,40,20,0,0,75,25,0,0,45,30
237,Summer Camp Creek,SCC5-15-8,5158,SSPL4,4595667,334924,3,0.81,0.18,0.36,0,0,1,1,79,79,N,0,1.5,50,30,15,5,0,SS,SS,45,45,10,35,65,0,0,0,70,5,0,0,75,30
238,Summer Camp Creek,SCC5-15-8,5159,SSPL5,4595666,334923,2.8,0.8,0.15,0.4,0,0,0,0,90,90,Y,0,0,70,15,5,10,0,SS,SS,45,45,10,35,65,0,0,0,70,5,0,0,75,30
239,Summer Camp Creek,SCC5-15-8,5160,SSPL6,4595672,334930,4.1,1.65,0.18,0.38,0,0,0,0,92,92,N,1,0,52,45,3,0,0,SS,SS,50,50,0,40,55,5,0,0,75,5,0,0,80,10
240,Summer Camp Creek,SCC5-15-8,5161,FTRP4,4595667,334932,22.5,1.1,0.16,NA,1,2,0,0,88,88,N,10,8.25,50,25,14,1,0,SS,SS,55,45,0,30,70,0,0,0,60,30,0,0,70,55
241,Summer Camp Creek,SCC5-15-8,5162,SSPL7,4595640,334940,1.5,1.3,0.31,0.37,0,0,0,0,74,74,N,0.5,0.25,70,25,5,0,0,SS,SS,55,45,0,40,59,1,0,0,60,20,0,0,85,40
242,Summer Camp Creek,SCC5-15-8,5163,FTRP5,4595643,334940,7.8,1.85,0.13,NA,0,0,0,1,65,65,N,0,3,50,25,14,1,0,SP,ST,60,40,0,45,55,0,0,0,60,50,0,0,70,40
243,Summer Camp Creek,SCC5-15-8,5164,FTCC6,4595638,334952,3.8,0.95,0.13,NA,0,0,0,1,83,83,Y,0,0.5,50,30,15,5,0,SP,SS,60,40,0,60,40,0,0,0,65,40,0,0,60,20
244,Summer Camp Creek,SCC5-15-8,5165,FTRP7,4595644,334946,19.7,1.3,0.15,NA,0,0,0,0,83,83,N,1,7,50,25,10,5,0,SS,SS,40,55,5,70,30,0,0,0,55,30,0,0,80,30
245,Summer Camp Creek,SCC5-15-8,5166,SSPL8,4595624,334951,1,0.85,0.22,0.48,0,0,0,0,78,78,N,0.5,0,50,15,5,30,0,SS,SP,30,50,20,60,40,0,0,0,40,30,0,0,50,30
246,Summer Camp Creek,SCC5-15-8,5167,FTRP8,4595631,334956,13.5,1,0.14,NA,0,0,0,1,80,80,N,1,2.5,50,25,24,1,0,SS,SS,50,45,5,40,60,0,0,0,84,30,0,0,40,30
247,Summer Camp Creek,SCC5-15-8,5168,SSMC9,4595614,334967,2.6,1.6,0.16,0.35,0,0,0,1,93,93,N,1.5,1,50,30,19,1,0,SS,SS,50,50,0,50,50,0,0,0,90,30,0,0,60,50
248,Summer Camp Creek,SCC5-15-8,5169,FTRP9,4595612,334959,9.9,1.9,0.11,NA,1,1,0,0,83,83,N,8,2,50,39,10,1,0,SS,SS,30,65,5,40,60,0,0,0,60,45,0,0,40,45
249,Summer Camp Creek,SCC5-15-8,5170,SSLS10,4595618,334969,1.7,1.5,0.17,0.45,0,0,0,0,79,79,N,1.5,1,50,44,5,1,0,SS,SS,60,40,0,40,60,0,0,0,80,20,0,0,50,30
250,Mahogany Creek,MC2-326,91,FNRN1,4601235,331872,2.5,1.32,0.21,NA,0,0,0,0,90,90,N,1,0,90,10,0,0,0,SS,SS,20,78,2,10,90,0,1,30,0,80,0,95,0,60
251,Mahogany Creek,MC2-326,92,SSLS1,4601231,331874,5.8,1.17,0.66,0.1,0,0,0,0,87,87,N,2,0,93,7,0,0,0,SS,SS,40,59,1,80,18,2,0,10,0,90,0,95,0,60
252,Mahogany Creek,MC2-326,93,FTRF2,4601231,331883,3.6,1.34,0.14,NA,0,0,0,0,84,84,N,3.6,0,85,15,0,0,0,SS,SS,40,59,1,80,17,3,0,10,0,90,0,90,0,20
253,Mahogany Creek,MC2-326,94,SSLS2,4601229,331890,3,1.13,0.18,0.07,0,0,0,0,64,64,N,3,0,85,15,0,0,0,SS,SS,40,59,1,40,60,3,0,0,0,80,0,90,0,20
254,Mahogany Creek,MC2-326,95,FTRF3,4601230,331888,24.3,1.31,0.2,NA,0,0,0,2,86,86,N,10,6,80,19,1,0,0,SS,SS,10,89,1,40,58,2,0,35,0,40,0,90,0,20
255,Mahogany Creek,MC2-326,96,SSLS3,4601244,331908,3,2.11,0.24,0.36,0,0,0,1,91,91,N,3,1.5,90,10,0,0,0,SS,SS,25,74,1,70,30,0,0,70,0,0,0,80,0,30
256,Mahogany Creek,MC2-326,97,FTRF4,4601241,331914,3.25,1.62,0.09,NA,0,0,0,1,97,97,N,3.25,0,65,35,0,0,0,SS,SS,20,79,1,60,40,0,0,65,0,0,0,75,0,20
257,Mahogany Creek,MC2-326,98,SSMC4,4601239,331915,3.5,1.65,0.26,0.33,0,0,0,0,85,85,N,3.5,0,70,30,0,0,0,SS,SS,40,55,5,80,20,0,0,70,0,0,0,85,0,25
258,Mahogany Creek,MC2-326,99,FTRF5,4601240,331917,12,1.6,0.18,NA,0,0,0,2,92,92,N,9,10,80,20,0,0,0,SS,SS,35,65,0,50,50,0,0,65,0,10,0,80,15,60
259,Mahogany Creek,MC2-326,100,FNRN6,4601236,331933,3,2,0.16,NA,0,0,0,1,89,89,N,2.8,1.5,85,14,1,0,0,SS,SS,30,70,0,80,20,0,0,55,0,0,0,15,70,30
260,Mahogany Creek,MC2-326,101,FTRF7,4601229,331937,25.5,1.45,0.19,NA,0,0,0,1,84,84,N,22,10,46,45,8,1,0,SS,SS,40,58,2,90,10,0,35,40,0,25,0,15,80,80
261,Mahogany Creek,MC2-326,102,SSLS5,4601235,331962,9,3.41,0.38,0.36,0,0,0,0,81,81,N,5,4,95,5,0,0,0,SS,SS,50,40,10,90,10,0,10,30,0,7,0,40,75,80
262,Mahogany Creek,MC2-326,103,FNRN8,4601242,331963,6,1.71,0.2,NA,0,0,0,0,80,80,N,1,5.5,90,10,0,0,0,SS,SS,60,35,5,20,75,5,5,50,0,10,0,80,0,20
263,Mahogany Creek,MC2-326,104,FTRF9,4601243,331970,7,1.56,0.13,NA,0,0,0,2,75,75,N,2,7,50,50,0,0,0,SS,SS,30,65,5,50,40,10,5,25,0,10,1,60,0,80
264,Mahogany Creek,MC2-326,105,SSLS6,4601238,331981,5,2.25,0.44,0.34,0,0,0,0,82,82,N,1.5,0,90,10,0,0,0,SS,SS,30,65,5,50,45,5,25,20,0,10,0,75,0,25
265,Mahogany Creek,MC2-326,106,FTRF10,4601236,331986,11,1,0.14,NA,0,0,0,2,89,89,N,5,0,70,30,0,0,0,SS,SS,30,65,5,30,60,10,5,60,0,50,0,70,5,60
266,Mahogany Creek,MC2-326,106,FTRF10,4601236,331986,11,1,0.14,NA,0,0,0,2,89,89,N,5,0,70,30,0,0,0,SS,SS,30,65,5,30,60,10,5,60,0,50,0,70,5,60
267,Mahogany Creek,MC2-326,106,FTRF10,4601236,331986,11,1,0.14,NA,0,0,0,2,89,89,N,5,0,70,30,0,0,0,SS,SS,30,65,5,30,60,10,5,60,0,50,0,70,5,60
268,Mahogany Creek,MC2-326,106,FTRF10,4601236,331986,11,1,0.14,NA,0,0,0,2,89,89,N,5,0,70,30,0,0,0,SS,SS,30,65,5,30,60,10,5,60,0,50,0,70,5,60
269,Mahogany Creek,MC2-326,106,FTRF10,4601236,331986,11,1,0.14,NA,0,0,0,2,89,89,N,5,0,70,30,0,0,0,SS,SS,30,65,5,30,60,10,5,60,0,50,0,70,5,60
270,Mahogany Creek,MC2-326,106,FTRF10,4601236,331986,11,1,0.14,NA,0,0,0,2,89,89,N,5,0,70,30,0,0,0,SS,SS,30,65,5,30,60,10,5,60,0,50,0,70,5,60
271,Mahogany Creek,MC2-326,106,FTRF10,4601236,331986,11,1,0.14,NA,0,0,0,2,89,89,N,5,0,70,30,0,0,0,SS,SS,30,65,5,30,60,10,5,60,0,50,0,70,5,60
272,Mahogany Creek,MC2-326,106,FTRF10,4601236,331986,11,1,0.14,NA,0,0,0,2,89,89,N,5,0,70,30,0,0,0,SS,SS,30,65,5,30,60,10,5,60,0,50,0,70,5,60
273,Mahogany Creek,MC2-326,106,FTRF10,4601236,331986,11,1,0.14,NA,0,0,0,2,89,89,N,5,0,70,30,0,0,0,SS,SS,30,65,5,30,60,10,5,60,0,50,0,70,5,60
274,Mahogany Creek,MC2-326,106,FTRF10,4601236,331986,11,1,0.14,NA,0,0,0,2,89,89,N,5,0,70,30,0,0,0,SS,SS,30,65,5,30,60,10,5,60,0,50,0,70,5,60
275,Mahogany Creek,MC2-326,107,SSLS7,4601241,332000,3.5,1.05,0.23,0.37,0,0,0,0,85,85,N,1,2.5,90,10,0,0,0,SS,SS,30,69,1,25,74,1,0,50,0,55,0,70,0,60
276,Mahogany Creek,MC2-326,108,FTRF11,4601240,332003,3.2,1.35,0.13,NA,0,0,0,0,80,80,N,0,3.2,65,35,0,0,0,SS,SS,25,75,0,50,50,0,0,60,0,50,0,80,0,40
277,Mahogany Creek,MC2-326,109,SSMC8,4601241,332009,4.5,1.5,0.18,0.34,0,0,0,1,99,99,N,1,4.5,90,10,0,0,0,SS,SS,70,30,0,50,50,0,0,80,0,30,0,75,0,50
278,Mahogany Creek,MC2-326,110,FTRF12,4601244,332012,7,1.3,0.14,NA,0,0,0,1,86,86,N,3.5,1.5,65,35,0,0,0,SS,SS,70,30,0,50,50,0,0,85,0,40,0,75,0,50
279,Mahogany Creek,MC2-326,110,FTRF12,4601244,332012,7,1.3,0.14,NA,0,0,0,1,86,86,N,3.5,1.5,65,35,0,0,0,SS,SS,70,30,0,50,50,0,0,85,0,40,0,75,0,50
280,Summer Camp Creek,SCC3-486,5091,FTRF1,4597266,334464,35,1.3,0.13,NA,1,0,0,0,68,68,N,0,1,40,48,10,2,0,SS,SS,25,70,5,25,65,10,5,0,35,5,20,25,15,15
281,Summer Camp Creek,SCC3-486,5092,SSLS1,4597244,334495,1,2.1,0.23,0.47,1,0,0,0,86,86,N,1,0,40,40,2,18,0,SS,SS,15,80,5,55,40,5,15,0,35,0,10,15,10,60
282,Summer Camp Creek,SCC3-486,5093,FTRF2,4597246,334492,21.6,1.4,0.18,NA,1,1,0,1,77,77,N,4,0,38,50,10,2,0,SS,SS,22,73,5,25,70,5,10,0,25,0,30,20,15,5
283,Summer Camp Creek,SCC3-486,5094,FNRN3,4597231,334500,4.4,1.8,0.14,NA,1,0,0,0,77,77,N,0,3.5,29,65,5,1,0,SS,SS,10,86,4,20,75,5,5,0,30,5,20,0,20,0
284,Summer Camp Creek,SCC3-486,5095,FTRF4,4597229,334504,4.8,1.5,0.16,NA,1,0,0,1,68,68,N,0,0,30,40,25,5,0,SS,SS,10,80,10,25,65,10,5,0,35,5,15,0,10,0
285,Summer Camp Creek,SCC3-486,5096,SSMC2,4597232,334516,4.1,1.5,0.24,0.5,0,0,0,1,78,78,N,0,2,40,35,5,20,0,SS,SS,20,70,10,20,74,6,1,0,20,5,5,0,15,5
286,Summer Camp Creek,SCC3-486,5097,FTRF5,4597231,334515,9.6,1.9,0.16,NA,0,0,0,0,68,68,N,3,9,45,35,17,3,0,SS,SS,10,75,5,15,84,1,1,0,75,5,5,0,15,10
287,Summer Camp Creek,SCC3-486,5098,SSMC3,4597217,334519,2,1.55,0.22,0.5,0,0,0,0,80,80,N,0,1,50,30,5,10,0,SS,SS,20,75,5,25,72,3,0,0,80,5,7,0,50,5
288,Summer Camp Creek,SCC3-486,5099,FTRF6,4597220,334519,34,1.45,0.14,NA,1,1,0,2,55,55,Y,11,3,30,35,23,2,0,SS,SS,15,75,10,30,60,10,0,5,83,5,5,0,55,5
289,Summer Camp Creek,SCC3-486,5099,FTRF6,4597220,334519,34,1.45,0.14,NA,1,1,0,2,55,55,Y,11,3,30,35,23,2,0,SS,SS,15,75,10,30,60,10,0,5,83,5,5,0,55,5
290,Summer Camp Creek,SCC3-486,5099,FTRF6,4597220,334519,34,1.45,0.14,NA,1,1,0,2,55,55,Y,11,3,30,35,23,2,0,SS,SS,15,75,10,30,60,10,0,5,83,5,5,0,55,5
291,Summer Camp Creek,SCC3-486,5099,FTRF6,4597220,334519,34,1.45,0.14,NA,1,1,0,2,55,55,Y,11,3,30,35,23,2,0,SS,SS,15,75,10,30,60,10,0,5,83,5,5,0,55,5
292,Summer Camp Creek,SCC3-486,5099,FTRF6,4597220,334519,34,1.45,0.14,NA,1,1,0,2,55,55,Y,11,3,30,35,23,2,0,SS,SS,15,75,10,30,60,10,0,5,83,5,5,0,55,5
293,Summer Camp Creek,SCC3-486,5099,FTRF6,4597220,334519,34,1.45,0.14,NA,1,1,0,2,55,55,Y,11,3,30,35,23,2,0,SS,SS,15,75,10,30,60,10,0,5,83,5,5,0,55,5
294,Summer Camp Creek,SCC3-486,5099,FTRF6,4597220,334519,34,1.45,0.14,NA,1,1,0,2,55,55,Y,11,3,30,35,23,2,0,SS,SS,15,75,10,30,60,10,0,5,83,5,5,0,55,5
295,Summer Camp Creek,SCC3-486,5099,FTRF6,4597220,334519,34,1.45,0.14,NA,1,1,0,2,55,55,Y,11,3,30,35,23,2,0,SS,SS,15,75,10,30,60,10,0,5,83,5,5,0,55,5
296,Summer Camp Creek,SCC3-486,5099,FTRF6,4597220,334519,34,1.45,0.14,NA,1,1,0,2,55,55,Y,11,3,30,35,23,2,0,SS,SS,15,75,10,30,60,10,0,5,83,5,5,0,55,5
297,Summer Camp Creek,SCC3-486,5099,FTRF6,4597220,334519,34,1.45,0.14,NA,1,1,0,2,55,55,Y,11,3,30,35,23,2,0,SS,SS,15,75,10,30,60,10,0,5,83,5,5,0,55,5
298,Summer Camp Creek,SCC3-486,5100,FNRN7,4597215,334521,3,1.2,0.16,NA,0,0,0,1,78,78,N,2,0,60,38,2,0,0,SS,SS,20,80,0,30,65,5,0,0,65,5,2,10,75,50
299,Summer Camp Creek,SCC3-486,5101,FTRF8,4597184,334559,47,0.69,0.18,NA,1,4,0,5,78,78,N,24,0,45,40,10,5,0,SS,SS,15,50,5,20,70,10,0,0,90,5,10,5,30,5
300,Summer Camp Creek,SCC3-486,5102,SIDEF1,NA,NA,6.9,0.74,0.12,NA,NA,NA,NA,NA,NA,NA,NA,NA,NA,NA,NA,NA,NA,NA,NA,NA,NA,NA,NA,NA,NA,NA,NA,NA,NA,NA,NA,NA,NA,NA
301,Summer Camp Creek,SCC3-486,5103,FTRP9,4597148,334572,21.5,1.45,0.16,NA,3,2,0,4,88,88,N,2.5,4,35,45,14,6,0,SS,SS,15,80,5,35,60,5,0,0,60,15,10,0,30,0
302,Summer Camp Creek,SCC3-486,5104,SSPL4,4597131,334587,2.6,3.7,0.44,0.47,0,0,0,0,76,76,N,0,2,85,10,5,0,0,SS,SS,15,80,5,10,90,0,2,1,70,5,15,0,60,10
303,Summer Camp Creek,SCC3-486,5105,WF1,4597126,334588,NA,1.33,NA,NA,NA,NA,NA,NA,NA,NA,NA,NA,NA,NA,NA,NA,NA,NA,NA,NA,NA,NA,NA,NA,NA,NA,NA,NA,NA,NA,NA,NA,NA,NA
304,Summer Camp Creek,SCC3-486,5106,FTRF10,4597131,334585,50.5,1.15,0.17,NA,0,0,0,0,80,80,N,10,5.5,30,35,38,1,1,SS,SS,20,77,3,20,74,6,5,10,45,10,25,15,35,10
305,Summer Camp Creek,SCC3-486,5107,FTRP11,4597077,334606,49,2,0.15,NA,1,2,0,0,80,80,N,4.5,2.5,35,40,21,4,0,SS,SS,15,75,10,30,60,10,5,5,60,5,5,10,50,10
306,Summer Camp Creek,SCC3-486,5108,SSMC5,4597040,334631,2.6,2.3,0.28,0.4,0,0,0,0,79,79,N,2,0,60,32,5,3,0,SS,SS,20,75,5,10,85,5,0,5,40,5,10,0,35,5
307,Summer Camp Creek,SCC3-486,5109,FTRP12,4597027,334634,24.5,0.9,0.14,NA,0,0,0,0,74,74,N,4,0.5,40,35,22,3,0,SS,SS,20,75,5,15,80,5,0,15,85,15,50,0,20,5
308,Summer Camp Creek,SCC3-486,5110,FTRF13,4597021,334641,16,0.9,0.13,NA,0,0,0,1,93,93,N,0.5,0.25,45,30,23,2,0,SS,SS,25,69,6,35,60,5,0,30,80,5,80,5,0,0
309,Summer Camp Creek,SCC3-486,5110,FTRF13,4597021,334641,16,0.9,0.13,NA,0,0,0,1,93,93,N,0.5,0.25,45,30,23,2,0,SS,SS,25,69,6,35,60,5,0,30,80,5,80,5,0,0
310,Summer Camp Creek,SCC2-15-5,5031,SSPL1,4598778,334352,1.2,3.11,0.21,0.34,1,0,0,0,73,73,N,0,0,77,15,7,1,0,SS,SS,70,30,0,98,2,0,0,15,90,22,0,30,40,20
311,Summer Camp Creek,SCC2-15-5,5032,FTRP1,4598778,334355,5.3,1.42,0.17,NA,3,0,0,1,72,72,N,0,0.5,50,25,17,8,0,SS,SS,72,28,0,98,2,0,0,18,85,28,0,5,32,25
312,Summer Camp Creek,SCC2-15-5,5033,SSPL2,4598770,334353,1.5,1.28,0.19,0.32,0,0,0,1,82,82,N,0,0,58,13,15,14,0,SS,SS,76,24,0,98,2,0,0,15,85,18,0,2,17,26
313,Summer Camp Creek,SCC2-15-5,5034,FTRP2,4598767,334346,10,1.78,0.15,NA,1,0,0,2,85,89,N,6.4,7,60,19,18,3,0,SS,SS,72,28,0,93,7,0,0,5,62,17,0,25,25,10
314,Summer Camp Creek,SCC2-15-5,5034,FTRP2,4598767,334346,10,1.78,0.15,NA,1,0,0,2,85,89,N,6.4,7,60,19,18,3,0,SS,SS,72,28,0,93,7,0,0,5,62,17,0,25,25,10
315,Summer Camp Creek,SCC2-15-5,5034,FTRP2,4598767,334346,10,1.78,0.15,NA,1,0,0,2,85,89,N,6.4,7,60,19,18,3,0,SS,SS,72,28,0,93,7,0,0,5,62,17,0,25,25,10
316,Summer Camp Creek,SCC2-15-5,5034,FTRP2,4598767,334346,10,1.78,0.15,NA,1,0,0,2,85,89,N,6.4,7,60,19,18,3,0,SS,SS,72,28,0,93,7,0,0,5,62,17,0,25,25,10
317,Summer Camp Creek,SCC2-15-5,5034,FTRP2,4598767,334346,10,1.78,0.15,NA,1,0,0,2,85,89,N,6.4,7,60,19,18,3,0,SS,SS,72,28,0,93,7,0,0,5,62,17,0,25,25,10
318,Summer Camp Creek,SCC2-15-5,5034,FTRP2,4598767,334346,10,1.78,0.15,NA,1,0,0,2,85,89,N,6.4,7,60,19,18,3,0,SS,SS,72,28,0,93,7,0,0,5,62,17,0,25,25,10
319,Summer Camp Creek,SCC2-15-5,5034,FTRP2,4598767,334346,10,1.78,0.15,NA,1,0,0,2,85,89,N,6.4,7,60,19,18,3,0,SS,SS,72,28,0,93,7,0,0,5,62,17,0,25,25,10
320,Summer Camp Creek,SCC2-15-5,5034,FTRP2,4598767,334346,10,1.78,0.15,NA,1,0,0,2,85,89,N,6.4,7,60,19,18,3,0,SS,SS,72,28,0,93,7,0,0,5,62,17,0,25,25,10
321,Summer Camp Creek,SCC2-15-5,5034,FTRP2,4598767,334346,10,1.78,0.15,NA,1,0,0,2,85,89,N,6.4,7,60,19,18,3,0,SS,SS,72,28,0,93,7,0,0,5,62,17,0,25,25,10
322,Summer Camp Creek,SCC2-15-5,5034,FTRP2,4598767,334346,10,1.78,0.15,NA,1,0,0,2,85,89,N,6.4,7,60,19,18,3,0,SS,SS,72,28,0,93,7,0,0,5,62,17,0,25,25,10
323,Summer Camp Creek,SCC2-15-5,5035,SSMC3,4598764,334350,2,1.64,0.15,0.31,0,1,0,0,86,86,N,0,2,66,30,4,0,0,SS,SS,70,30,0,75,25,0,0,20,59,11,0,18,68,9
324,Summer Camp Creek,SCC2-15-5,5036,FTRF3,4598764,334351,5,1.4,0.09,NA,0,1,0,0,79,84,N,2,1.3,58,20,20,2,0,SP,SP,68,32,0,70,30,0,0,37,59,10,0,25,50,9
325,Summer Camp Creek,SCC2-15-5,5037,SSLS4,4598748,334355,1.8,1.3,0.17,0.34,1,0,0,0,89,95,N,1.8,0,80,17,1,2,0,SS,SP,72,28,0,77,23,0,0,20,55,30,0,2,55,25
326,Summer Camp Creek,SCC2-15-5,5038,FTRF4,4598747,334342,2,1.34,0.1,NA,0,0,0,1,83,84,N,2,0,50,27,15,8,0,SS,SP,75,25,0,80,20,0,0,40,28,28,0,5,65,25
327,Summer Camp Creek,SCC2-15-5,5039,SSPL5,4598744,334351,2,2,0.27,0.32,0,0,0,1,87,87,N,1,0,90,8,1,1,0,SS,SP,80,20,0,75,25,0,0,40,30,22,0,30,30,25
328,Summer Camp Creek,SCC2-15-5,5040,FTRP5,4598742,334356,10,1.3,0.1,NA,2,0,0,3,80,96,N,1,3.8,55,28,10,7,0,SS,SP,90,10,0,80,20,0,0,5,25,17,0,18,60,22
329,Summer Camp Creek,SCC2-15-5,5040,FTRP5,4598742,334356,10,1.3,0.1,NA,2,0,0,3,80,96,N,1,3.8,55,28,10,7,0,SS,SP,90,10,0,80,20,0,0,5,25,17,0,18,60,22
330,Summer Camp Creek,SCC2-15-5,5041,SSPL6,4598732,334351,1,1.78,0.15,0.25,0,0,0,1,80,92,N,0,0,70,26,1,3,0,SS,SP,95,5,0,75,25,0,0,22,9,10,0,10,35,7
331,Summer Camp Creek,SCC2-15-5,5042,FTRP6,4598733,334351,13,1.49,0.13,NA,0,0,0,1,85,89,N,0,6,50,30,10,10,0,SS,SP,95,5,0,85,15,0,0,7,9,20,0,10,57,22
332,Summer Camp Creek,SCC2-15-5,5043,SSMC7,4598728,334359,2.5,2.11,0.26,0.39,0,0,0,0,94,94,N,0,0.75,80,15,2,3,0,SS,SS,98,2,0,92,8,0,0,18,3,20,0,0,17,28
333,Summer Camp Creek,SCC2-15-5,5044,FTCC7,4598712,334362,4.8,1.04,0.2,NA,0,0,0,0,75,88,N,1,2.5,50,15,10,25,0,SS,SS,99,1,0,99,1,0,0,17,7,16,0,3,23,20
334,Summer Camp Creek,SCC2-15-5,5045,SSMC8,4598738,334343,1.45,2.32,0.24,0.41,0,0,0,0,76,84,N,0.5,0.5,50,15,10,25,0,SS,SS,98,2,0,98,2,0,0,22,5,26,0,12,20,10
335,Summer Camp Creek,SCC2-15-5,5046,SSPL9,4598719,334354,2.75,1.04,0.26,0.34,0,0,0,1,90,95,N,0.25,1.4,85,4,10,1,0,SS,SS,99,1,0,97,3,0,0,20,14,38,0,20,40,30
336,Summer Camp Creek,SCC2-15-5,5047,SSPL10,4598716,334364,2,1.74,0.28,0.36,0,0,0,0,95,99,N,0,0.5,55,30,10,5,0,SS,SS,99,0,0,97,3,0,0,12,28,40,0,22,32,45
337,Summer Camp Creek,SCC2-15-5,5048,SSPL11,4598727,334364,1.6,1.3,0.25,0.43,0,0,0,0,94,99,N,0,0,65,15,10,10,0,SS,SS,99,1,0,96,4,0,0,5,40,21,0,13,28,37
338,Summer Camp Creek,SCC2-15-5,5049,FTRF8,4598718,334368,3.9,0.75,0.17,NA,0,0,0,0,80,87,N,3.5,4,60,20,10,10,0,SS,SS,99,1,0,93,7,0,0,20,59,26,0,20,40,32
340,Mahogany Creek,MC7-817,331,SSMC1,4597517,336784,1,1.06,0.1,0.3,0,0,0,0,96,96,Y,0,0,70,25,5,0,0,SP,SP,50,49,1,50,49,1,0,0,40,3,0,0,35,1
341,Mahogany Creek,MC7-817,332,FTRF1,4597516,336781,8.5,1.11,0.1,NA,2,0,0,1,78,78,N,2.5,5,60,30,10,0,0,SP,SS,63,36,1,53,46,1,0,2,27,1,0,0,15,3
342,Mahogany Creek,MC7-817,333,SSLS2,4597516,336791,1.3,1.41,0.13,0.33,1,0,0,1,84,84,N,0.5,0,80,19,1,0,0,SP,SS,66,33,1,60,39,1,1,0,35,1,0,0,5,8
343,Mahogany Creek,MC7-817,334,FTRF2,4597507,336789,8.5,1.67,0.1,NA,0,0,0,0,88,88,N,0,2,55,30,15,0,0,SP,SP,62,37,1,64,35,1,2,0,37,2,0,0,11,2
344,Mahogany Creek,MC7-817,334,FTRF2,4597507,336789,8.5,1.67,0.1,NA,0,0,0,0,88,88,N,0,2,55,30,15,0,0,SP,SP,62,37,1,64,35,1,2,0,37,2,0,0,11,2
345,Mahogany Creek,MC7-817,334,FTRF2,4597507,336789,8.5,1.67,0.1,NA,0,0,0,0,88,88,N,0,2,55,30,15,0,0,SP,SP,62,37,1,64,35,1,2,0,37,2,0,0,11,2
346,Mahogany Creek,MC7-817,334,FTRF2,4597507,336789,8.5,1.67,0.1,NA,0,0,0,0,88,88,N,0,2,55,30,15,0,0,SP,SP,62,37,1,64,35,1,2,0,37,2,0,0,11,2
347,Mahogany Creek,MC7-817,334,FTRF2,4597507,336789,8.5,1.67,0.1,NA,0,0,0,0,88,88,N,0,2,55,30,15,0,0,SP,SP,62,37,1,64,35,1,2,0,37,2,0,0,11,2
348,Mahogany Creek,MC7-817,334,FTRF2,4597507,336789,8.5,1.67,0.1,NA,0,0,0,0,88,88,N,0,2,55,30,15,0,0,SP,SP,62,37,1,64,35,1,2,0,37,2,0,0,11,2
349,Mahogany Creek,MC7-817,334,FTRF2,4597507,336789,8.5,1.67,0.1,NA,0,0,0,0,88,88,N,0,2,55,30,15,0,0,SP,SP,62,37,1,64,35,1,2,0,37,2,0,0,11,2
350,Mahogany Creek,MC7-817,334,FTRF2,4597507,336789,8.5,1.67,0.1,NA,0,0,0,0,88,88,N,0,2,55,30,15,0,0,SP,SP,62,37,1,64,35,1,2,0,37,2,0,0,11,2
351,Mahogany Creek,MC7-817,334,FTRF2,4597507,336789,8.5,1.67,0.1,NA,0,0,0,0,88,88,N,0,2,55,30,15,0,0,SP,SP,62,37,1,64,35,1,2,0,37,2,0,0,11,2
352,Mahogany Creek,MC7-817,334,FTRF2,4597507,336789,8.5,1.67,0.1,NA,0,0,0,0,88,88,N,0,2,55,30,15,0,0,SP,SP,62,37,1,64,35,1,2,0,37,2,0,0,11,2
353,Mahogany Creek,MC7-817,334,FTRF2,4597507,336789,8.5,1.67,0.1,NA,0,0,0,0,88,88,N,0,2,55,30,15,0,0,SP,SP,62,37,1,64,35,1,2,0,37,2,0,0,11,2
354,Mahogany Creek,MC7-817,334,FTRF2,4597507,336789,8.5,1.67,0.1,NA,0,0,0,0,88,88,N,0,2,55,30,15,0,0,SP,SP,62,37,1,64,35,1,2,0,37,2,0,0,11,2
355,Mahogany Creek,MC7-817,334,FTRF2,4597507,336789,8.5,1.67,0.1,NA,0,0,0,0,88,88,N,0,2,55,30,15,0,0,SP,SP,62,37,1,64,35,1,2,0,37,2,0,0,11,2
356,Mahogany Creek,MC7-817,334,FTRF2,4597507,336789,8.5,1.67,0.1,NA,0,0,0,0,88,88,N,0,2,55,30,15,0,0,SP,SP,62,37,1,64,35,1,2,0,37,2,0,0,11,2
357,Mahogany Creek,MC7-817,334,FTRF2,4597507,336789,8.5,1.67,0.1,NA,0,0,0,0,88,88,N,0,2,55,30,15,0,0,SP,SP,62,37,1,64,35,1,2,0,37,2,0,0,11,2
358,Mahogany Creek,MC7-817,334,FTRF2,4597507,336789,8.5,1.67,0.1,NA,0,0,0,0,88,88,N,0,2,55,30,15,0,0,SP,SP,62,37,1,64,35,1,2,0,37,2,0,0,11,2
359,Mahogany Creek,MC7-817,334,FTRF2,4597507,336789,8.5,1.67,0.1,NA,0,0,0,0,88,88,N,0,2,55,30,15,0,0,SP,SP,62,37,1,64,35,1,2,0,37,2,0,0,11,2
360,Mahogany Creek,MC7-817,334,FTRF2,4597507,336789,8.5,1.67,0.1,NA,0,0,0,0,88,88,N,0,2,55,30,15,0,0,SP,SP,62,37,1,64,35,1,2,0,37,2,0,0,11,2
361,Mahogany Creek,MC7-817,334,FTRF2,4597507,336789,8.5,1.67,0.1,NA,0,0,0,0,88,88,N,0,2,55,30,15,0,0,SP,SP,62,37,1,64,35,1,2,0,37,2,0,0,11,2
362,Mahogany Creek,MC7-817,334,FTRF2,4597507,336789,8.5,1.67,0.1,NA,0,0,0,0,88,88,N,0,2,55,30,15,0,0,SP,SP,62,37,1,64,35,1,2,0,37,2,0,0,11,2
363,Mahogany Creek,MC7-817,335,SSLS3,4597501,336802,1.3,1.35,0.14,0.35,0,0,0,0,94,94,N,0,1.5,65,25,10,0,0,SP,SS,63,36,1,62,37,1,0,0,35,5,0,0,15,0
364,Mahogany Creek,MC7-817,336,FTRF3,4597501,336791,1,1.32,0.1,NA,0,0,0,1,78,78,N,0,0.6,45,40,15,0,0,SP,SS,62,37,1,63,36,1,1,0,60,2,0,0,13,0
365,Mahogany Creek,MC7-817,337,SDDD4,4597503,336796,0.8,1.17,0.12,0.3,0,1,0,1,82,82,N,0,0.5,80,10,10,0,0,SS,SS,60,39,1,63,36,1,0,0,58,5,0,0,28,0
366,Mahogany Creek,MC7-817,338,FTRF4,4597509,336795,10.5,1.05,0.09,NA,0,0,0,2,82,82,N,2,3,60,24,13,3,0,SP,SP,64,35,1,66,34,0,2,0,65,2,0,0,50,14
367,Mahogany Creek,MC7-817,339,SSMC5,4597489,336816,1.9,1.6,0.15,0.36,0,0,0,1,93,93,Y,0,0.25,85,14,1,0,0,SP,SP,75,25,0,64,36,0,0,0,70,6,0,0,59,0
368,Mahogany Creek,MC7-817,340,FTRF5,4597492,336806,4,1.82,0.1,NA,0,1,0,0,72,72,N,0,0,50,40,10,0,0,SS,SS,70,29,1,60,39,1,5,0,50,10,5,0,30,5
369,Mahogany Creek,MC7-817,341,SSMC6,4597483,336810,1,1.55,0.11,0.35,0,1,0,0,88,88,Y,0,1.5,60,35,5,0,0,SS,SS,75,24,1,50,49,1,0,0,75,10,5,0,50,15
370,Mahogany Creek,MC7-817,342,FTRF6,4597481,336806,4.5,1.09,0.08,NA,0,0,0,0,71,71,N,1,0.6,70,25,5,0,0,SP,SS,70,29,1,50,49,1,0,0,75,5,0,0,30,10
371,Mahogany Creek,MC7-817,343,SSMC7,4597478,336806,2,1.01,0.14,0.33,0,0,0,0,71,71,Y,0,1.25,60,25,10,5,0,SP,SS,75,24,1,60,39,1,0,0,65,5,0,0,75,10
372,Mahogany Creek,MC7-817,344,FTRF7,4597478,336805,4,1,0.08,NA,0,0,0,0,75,75,N,0,2,55,30,5,10,0,SP,SS,75,24,1,65,34,1,0,0,70,5,0,0,70,10
373,Mahogany Creek,MC7-817,345,SSMC8,4597475,336808,1.1,1,0.15,0.34,0,0,0,0,72,72,N,0,0.5,30,30,20,20,0,SS,SS,75,24,1,65,34,1,0,0,70,5,0,0,55,10
374,Mahogany Creek,MC7-817,346,FTRF8,4597479,336810,2.1,1.1,0.08,NA,0,0,0,0,86,86,N,0,1.75,55,35,5,5,0,SS,SS,75,24,1,65,34,1,0,0,70,5,0,0,55,10
375,Mahogany Creek,MC7-817,347,SSPL9,4597480,336810,1.2,1.66,0.23,0.35,0,0,0,0,68,68,N,0,1.25,55,25,5,15,0,SS,SS,70,29,1,75,24,1,1,0,65,15,0,0,80,1
376,Mahogany Creek,MC7-817,348,FTRF9,4597472,336812,9,1.31,0.09,NA,0,0,0,0,74,74,N,8,1.5,55,35,5,5,0,SP,SS,65,34,1,65,34,1,0,0,75,1,0,0,75,15
377,Mahogany Creek,MC7-817,349,SSLS10,4597467,336810,1.6,2.64,0.13,0.34,0,1,0,0,66,66,Y,1.6,0,60,35,5,0,0,SS,SS,70,29,1,60,39,1,0,0,75,1,0,0,65,50
378,Mahogany Creek,MC7-817,350,FTRF10,4597462,336807,10,1.23,0.08,NA,0,2,0,1,66,66,Y,0,2.5,55,43,1,1,0,SS,SS,70,29,1,50,49,1,1,0,70,0,0,0,60,25
379,Mahogany Creek,MC3-458,151,FTRF1,4600270,333173,6,2,0.15,NA,0,0,0,0,95,95,N,3.5,2,65,20,14,1,0,SS,SS,57,43,0,92,8,0,0,92,2,2,0,1,60,75
380,Mahogany Creek,MC3-458,152,SSLS1,4600261,333181,3.25,2.1,0.23,0.36,0,0,0,1,82,82,N,NA,NA,65,15,15,5,0,SS,SS,62,38,0,85,15,0,0,99,2,20,0,0,63,60
381,Mahogany Creek,MC3-458,153,FTRF2,4600259,333183,4.5,2,0.1,NA,0,1,0,1,77,81,N,0,3.5,35,45,19,1,0,SS,SP,70,30,0,50,50,0,0,99,0,1,0,0,80,11
382,Mahogany Creek,MC3-458,154,FNRN3,4600250,333184,3.5,1.27,0.21,NA,0,0,0,0,47,47,N,0,0,60,30,10,0,0,SS,SS,63,37,0,50,50,0,0,92,0,1,0,0,47,3
383,Mahogany Creek,MC3-458,155,SSLS2,4600250,333178,3.5,2,0.2,0.36,0,0,0,0,94,94,N,0,2.5,80,15,5,0,0,SS,SS,59,41,0,50,50,0,0,83,0,1,0,0,18,2
384,Mahogany Creek,MC3-458,156,FTRP4,4600256,333182,5.5,1.55,0.13,NA,0,0,0,0,65,65,N,0,5.5,65,30,5,0,0,SS,SS,60,40,0,95,5,0,0,70,0,5,0,0,60,30
385,Mahogany Creek,MC3-458,157,FNRN5,4600234,333181,4.4,1.25,0.18,NA,0,0,0,0,74,74,N,0,1.5,79,20,1,0,0,SS,SS,70,30,0,60,40,0,0,80,2,5,0,0,50,60
386,Mahogany Creek,MC3-458,158,FTRP6,4600234,333172,9.7,1,0.19,NA,0,0,0,0,86,86,N,0,0.5,65,30,5,0,0,SS,SS,70,30,0,60,40,0,0,70,20,5,0,5,60,50
387,Mahogany Creek,MC3-458,159,FNRN7,4600231,333162,2.4,1.45,0.19,NA,0,0,0,0,84,84,N,0,0,85,10,5,0,0,SS,SS,60,40,0,60,40,0,0,15,50,10,0,0,40,25
388,Mahogany Creek,MC3-458,160,SSMC3,4600222,333159,1.05,1.21,0.25,0.32,0,0,0,0,69,69,N,0,0,30,50,20,0,0,SS,ST,63,37,0,60,40,0,0,5,30,2,0,0,25,10
389,Mahogany Creek,MC3-458,161,FTRF8,4600220,333163,19,1.5,0.13,NA,0,1,0,0,73,73,N,2,0,60,15,20,5,0,ST,ST,50,49,1,60,40,0,0,10,50,10,0,5,65,5
390,Mahogany Creek,MC3-458,162,SSMC4,4600200,333158,2.2,1.72,0.21,NA,0,0,0,0,91,91,N,0.25,0,40,15,10,35,0,SS,SS,55,45,0,45,54,1,10,1,15,50,0,12,50,6
391,Mahogany Creek,MC3-458,163,FTRP9,4600211,333165,32,2.1,0.19,NA,0,0,0,3,58,58,N,4,0,55,5,5,35,0,SS,SS,63,37,0,37,63,0,0,10,60,90,0,0,48,15
392,Mahogany Creek,MC3-458,164,SSLS5,4600173,333176,3.8,2.6,0.21,0.29,0,0,0,2,94,94,N,0,0,65,13,10,12,0,ST,ST,75,25,0,37,63,0,0,1,40,50,0,0,40,10
393,Mahogany Creek,MC3-458,165,FTRF10,4600179,333182,10.5,1.77,0.14,NA,2,0,1,5,79,79,N,0,0.5,50,25,10,15,0,ST,ST,30,70,0,37,63,0,0,2,40,35,0,0,45,15
394,Mahogany Creek,MC3-458,165,FTRF10,4600179,333182,10.5,1.77,0.14,NA,2,0,1,5,79,79,N,0,0.5,50,25,10,15,0,ST,ST,30,70,0,37,63,0,0,2,40,35,0,0,45,15
395,Mahogany Creek,MC3-458,166,SSLS6,4600160,333192,1.5,2.4,0.16,0.27,0,0,0,1,79,79,N,0,0,70,26,2,2,0,SP,ST,60,40,0,35,65,0,0,5,65,50,0,0,70,8
396,Mahogany Creek,MC3-458,167,FTRP11,4600161,333192,10,1.7,0.17,NA,0,0,0,1,82,87,N,0,0,20,15,35,20,0,SP,ST,60,40,0,45,55,0,0,18,43,38,0,3,70,7
397,Mahogany Creek,MC3-458,167,FTRP11,4600161,333192,10,1.7,0.17,NA,0,0,0,1,82,87,N,0,0,20,15,35,20,0,SP,ST,60,40,0,45,55,0,0,18,43,38,0,3,70,7
398,Mahogany Creek,MC3-458,167,FTRP11,4600161,333192,10,1.7,0.17,NA,0,0,0,1,82,87,N,0,0,20,15,35,20,0,SP,ST,60,40,0,45,55,0,0,18,43,38,0,3,70,7
399,Mahogany Creek,MC3-458,167,FTRP11,4600161,333192,10,1.7,0.17,NA,0,0,0,1,82,87,N,0,0,20,15,35,20,0,SP,ST,60,40,0,45,55,0,0,18,43,38,0,3,70,7
400,Mahogany Creek,MC3-458,167,FTRP11,4600161,333192,10,1.7,0.17,NA,0,0,0,1,82,87,N,0,0,20,15,35,20,0,SP,ST,60,40,0,45,55,0,0,18,43,38,0,3,70,7
401,Mahogany Creek,MC3-458,168,SSLS7,4600149,333200,1.75,1.5,0.18,0.28,0,0,0,1,81,86,N,0,0,75,20,3,2,0,SP,ST,60,40,0,50,50,0,0,18,55,30,0,15,70,10
402,Mahogany Creek,MC3-458,169,FTRP12,4600162,333204,8.2,3.45,0.15,NA,0,0,0,1,69,80,N,0,0,25,15,25,35,0,SS,ST,60,40,0,50,50,0,0,25,25,40,0,15,78,15
403,Mahogany Creek,MC3-458,170,SSPL8,4600145,333211,1.3,1.4,0.23,0.32,0,0,0,0,56,61,N,0,0,55,42,1,2,0,ST,ST,60,40,0,70,30,0,0,30,44,78,0,2,68,35
404,Mahogany Creek,MC6-604,271,SSLS1,4599505,335278,3.2,1.15,0.15,0.26,0,0,0,0,96,96,N,2,0,85,10,5,0,0,SS,SS,5,80,15,10,85,5,0,0,80,10,0,15,5,15
405,Mahogany Creek,MC6-604,272,FNRN1,4599497,335285,4.95,1,0.14,NA,0,0,0,0,98,98,N,1.5,0.5,50,40,10,0,0,SS,SS,20,75,5,0,90,10,0,0,95,10,0,5,10,5
406,Mahogany Creek,MC6-604,272,FNRN1,4599497,335285,4.95,1,0.14,NA,0,0,0,0,98,98,N,1.5,0.5,50,40,10,0,0,SS,SS,20,75,5,0,90,10,0,0,95,10,0,5,10,5
407,Mahogany Creek,MC6-604,272,FNRN1,4599497,335285,4.95,1,0.14,NA,0,0,0,0,98,98,N,1.5,0.5,50,40,10,0,0,SS,SS,20,75,5,0,90,10,0,0,95,10,0,5,10,5
408,Mahogany Creek,MC6-604,272,FNRN1,4599497,335285,4.95,1,0.14,NA,0,0,0,0,98,98,N,1.5,0.5,50,40,10,0,0,SS,SS,20,75,5,0,90,10,0,0,95,10,0,5,10,5
409,Mahogany Creek,MC6-604,272,FNRN1,4599497,335285,4.95,1,0.14,NA,0,0,0,0,98,98,N,1.5,0.5,50,40,10,0,0,SS,SS,20,75,5,0,90,10,0,0,95,10,0,5,10,5
410,Mahogany Creek,MC6-604,273,FTRF2,4599501,335289,5.85,1.58,0.12,NA,0,0,0,1,98,98,Y,5,1.5,50,30,20,0,0,SS,SS,25,75,0,10,75,15,0,5,95,5,0,15,5,10
411,Mahogany Creek,MC6-604,274,SSMC2,4599499,335290,3.43,1.68,0.21,0.3,0,0,0,0,97,97,Y,2.5,0,75,25,0,0,0,SS,SS,70,30,0,5,85,10,0,0,90,40,0,20,20,0
412,Mahogany Creek,MC6-604,275,SSLS3,4599495,335287,4.9,2.42,0.39,0.28,0,0,0,0,94,94,N,0,3,80,20,0,0,0,SS,SS,30,60,10,10,85,5,0,10,80,5,0,30,5,10
413,Mahogany Creek,MC6-604,276,FNRN3,4599495,335285,3.2,0.75,0.14,NA,0,0,0,1,92,92,N,1.5,1,50,40,10,0,0,SS,SS,30,60,10,20,75,5,0,30,65,10,0,15,30,10
414,Mahogany Creek,MC6-604,277,SSMC4,4599501,335293,1.9,2,0.2,0.32,0,0,0,2,99,99,N,0.5,1.5,85,15,0,0,0,SS,SS,40,55,5,15,82,3,0,50,40,10,0,40,60,5
415,Mahogany Creek,MC6-604,278,FTRF4,4599493,335294,23.6,0.8,0.1,NA,0,0,0,2,89,89,N,3,8.5,45,50,5,0,0,SS,SS,30,65,5,35,55,10,0,30,40,10,0,5,45,5
416,Mahogany Creek,MC6-604,279,SSLS5,4599481,335314,2.5,0.93,0.2,0.3,0,0,0,0,96,96,N,2,0,85,15,0,0,0,SS,SS,50,50,0,35,60,5,0,45,0,5,0,20,80,10
417,Mahogany Creek,MC6-604,280,FNRN5,4599490,335315,11.1,0.74,0.08,NA,0,0,0,1,87,87,N,3,5,55,45,0,0,0,SS,SS,35,60,5,40,60,0,0,70,0,0,0,25,80,3
418,Mahogany Creek,MC6-604,280,FNRN5,4599490,335315,11.1,0.74,0.08,NA,0,0,0,1,87,87,N,3,5,55,45,0,0,0,SS,SS,35,60,5,40,60,0,0,70,0,0,0,25,80,3
419,Mahogany Creek,MC6-604,281,SSLS6,4599487,335326,4.8,0.9,0.25,0.27,0,0,0,1,94,94,N,3.5,0,90,10,0,0,0,SS,SS,70,30,0,30,70,0,0,30,0,5,0,10,85,5
420,Mahogany Creek,MC6-604,282,FNRN6,4599490,335328,9.1,1.03,0.19,NA,0,0,0,1,85,85,Y,4,4.5,60,40,0,0,0,SS,SS,55,40,5,30,65,5,0,80,0,15,0,20,70,10
421,Mahogany Creek,MC6-604,283,SSLS7,4599491,335345,4.05,1.61,0.29,0.28,0,0,0,0,94,94,Y,3,0,75,25,0,0,0,SS,SS,35,65,0,25,70,5,0,45,0,15,0,20,30,5
422,Mahogany Creek,MC6-604,284,FNRN7,4599488,335340,10.6,0.79,0.06,NA,0,0,0,1,93,93,N,0,4,55,45,0,0,0,SS,SS,5,95,0,25,75,0,0,50,0,15,0,5,85,5
423,Mahogany Creek,MC6-604,285,SSLS8,4599494,335334,2,1.61,0.16,0.27,0,0,0,1,99,99,Y,0,2,85,15,0,0,0,SS,SS,10,90,0,30,70,0,0,25,0,5,0,0,75,10
424,Mahogany Creek,MC6-604,286,FNRN8,4599493,335340,8.5,0.78,0.09,NA,0,0,0,3,92,92,N,3,4.5,65,35,0,0,0,SS,SS,50,50,0,60,40,0,0,20,0,10,0,10,35,15
425,Mahogany Creek,MC6-604,287,SSMC9,4599491,335332,3.3,1.2,0.17,0.26,0,0,0,0,83,83,N,2,1,95,5,0,0,0,SS,SS,40,60,0,80,20,0,0,25,0,5,0,0,20,10
426,Mahogany Creek,MC6-604,288,FNRN9,4599492,335345,9.8,1,0.05,NA,0,0,0,1,94,94,N,0,0,55,44,1,0,0,SS,SS,25,75,0,70,30,0,0,45,0,10,0,0,40,10
427,Mahogany Creek,MC6-604,289,SSMC10,4599481,335357,2.3,1.52,0.13,0.27,0,0,0,0,92,92,N,0.25,0.5,90,10,0,0,0,SS,SS,30,70,0,50,50,0,0,40,0,5,0,0,75,30
428,Mahogany Creek,MC6-604,290,FNRN10,4599484,335354,7.8,0.82,0.06,NA,0,0,0,1,95,95,N,3,0,70,30,0,0,0,SS,SS,30,70,0,35,65,0,0,30,0,5,0,20,60,10
429,Mahogany Creek,MC7-733,301,SSLS1,4598668,336686,1.5,1.11,0.21,0.31,0,0,0,0,91,91,N,1.5,1.5,65,35,0,0,0,SS,SS,30,70,0,30,70,0,0,35,0,0,1,25,0,0
430,Mahogany Creek,MC7-733,302,FTRF1,4598665,336686,4.4,0.7,0.09,NA,0,0,0,0,90,90,N,0,0.75,50,30,20,0,0,SS,SS,40,60,0,15,85,0,20,30,0,2,4,4,0,0
431,Mahogany Creek,MC7-733,303,SSMC2,4598669,336680,2.5,1.54,0.13,0.34,0,0,0,1,88,93,N,0,1,55,44,1,0,0,SS,SS,40,60,0,30,70,0,2,20,0,2,2,25,0,1
432,Mahogany Creek,MC7-733,304,FNRN2,4598662,336678,6,1.04,0.1,NA,0,0,0,0,74,71,N,2,3,65,31,4,0,0,SS,SS,30,70,0,55,45,0,10,25,0,35,5,10,0,10
433,Mahogany Creek,MC7-733,305,FTRF3,4598661,336677,12,1,0.13,NA,0,0,0,0,88,88,N,8,6,50,30,20,0,0,SS,SS,30,70,0,45,55,0,5,15,0,50,5,10,0,10
434,Mahogany Creek,MC7-733,306,FNRN4,4598647,336676,3.5,1,0.08,NA,0,0,0,0,86,86,N,3.5,3.5,50,40,10,0,0,SS,SS,40,60,0,60,40,0,5,10,0,25,0,10,0,40
435,Mahogany Creek,MC7-733,307,FTRF5,4598644,336677,3.3,1.04,0.2,NA,0,0,0,0,76,76,N,2.8,0,55,30,15,0,0,SS,SS,30,62,8,10,82,8,1,22,0,0,0,15,0,15
436,Mahogany Creek,MC7-733,308,SSLS3,4598639,336680,2,2,0.15,0.38,0,0,0,0,77,83,N,0,2,65,25,10,0,0,SS,SS,30,65,5,25,72,3,2,55,0,2,2,2,0,40
437,Mahogany Creek,MC7-733,309,FTRF6,4598643,336682,12,0.89,0.1,NA,0,0,0,1,87,87,N,10,1.5,35,25,40,0,0,SS,SS,50,47,3,40,57,3,2,55,0,0,5,10,0,40
438,Mahogany Creek,MC7-733,309,FTRF6,4598643,336682,12,0.89,0.1,NA,0,0,0,1,87,87,N,10,1.5,35,25,40,0,0,SS,SS,50,47,3,40,57,3,2,55,0,0,5,10,0,40
439,Mahogany Creek,MC7-733,309,FTRF6,4598643,336682,12,0.89,0.1,NA,0,0,0,1,87,87,N,10,1.5,35,25,40,0,0,SS,SS,50,47,3,40,57,3,2,55,0,0,5,10,0,40
440,Mahogany Creek,MC7-733,309,FTRF6,4598643,336682,12,0.89,0.1,NA,0,0,0,1,87,87,N,10,1.5,35,25,40,0,0,SS,SS,50,47,3,40,57,3,2,55,0,0,5,10,0,40
441,Mahogany Creek,MC7-733,309,FTRF6,4598643,336682,12,0.89,0.1,NA,0,0,0,1,87,87,N,10,1.5,35,25,40,0,0,SS,SS,50,47,3,40,57,3,2,55,0,0,5,10,0,40
442,Mahogany Creek,MC7-733,309,FTRF6,4598643,336682,12,0.89,0.1,NA,0,0,0,1,87,87,N,10,1.5,35,25,40,0,0,SS,SS,50,47,3,40,57,3,2,55,0,0,5,10,0,40
443,Mahogany Creek,MC7-733,309,FTRF6,4598643,336682,12,0.89,0.1,NA,0,0,0,1,87,87,N,10,1.5,35,25,40,0,0,SS,SS,50,47,3,40,57,3,2,55,0,0,5,10,0,40
444,Mahogany Creek,MC7-733,309,FTRF6,4598643,336682,12,0.89,0.1,NA,0,0,0,1,87,87,N,10,1.5,35,25,40,0,0,SS,SS,50,47,3,40,57,3,2,55,0,0,5,10,0,40
445,Mahogany Creek,MC7-733,309,FTRF6,4598643,336682,12,0.89,0.1,NA,0,0,0,1,87,87,N,10,1.5,35,25,40,0,0,SS,SS,50,47,3,40,57,3,2,55,0,0,5,10,0,40
446,Mahogany Creek,MC7-733,309,FTRF6,4598643,336682,12,0.89,0.1,NA,0,0,0,1,87,87,N,10,1.5,35,25,40,0,0,SS,SS,50,47,3,40,57,3,2,55,0,0,5,10,0,40
447,Mahogany Creek,MC7-733,309,FTRF6,4598643,336682,12,0.89,0.1,NA,0,0,0,1,87,87,N,10,1.5,35,25,40,0,0,SS,SS,50,47,3,40,57,3,2,55,0,0,5,10,0,40
448,Mahogany Creek,MC7-733,309,FTRF6,4598643,336682,12,0.89,0.1,NA,0,0,0,1,87,87,N,10,1.5,35,25,40,0,0,SS,SS,50,47,3,40,57,3,2,55,0,0,5,10,0,40
449,Mahogany Creek,MC7-733,309,FTRF6,4598643,336682,12,0.89,0.1,NA,0,0,0,1,87,87,N,10,1.5,35,25,40,0,0,SS,SS,50,47,3,40,57,3,2,55,0,0,5,10,0,40
450,Mahogany Creek,MC7-733,309,FTRF6,4598643,336682,12,0.89,0.1,NA,0,0,0,1,87,87,N,10,1.5,35,25,40,0,0,SS,SS,50,47,3,40,57,3,2,55,0,0,5,10,0,40
451,Mahogany Creek,MC7-733,309,FTRF6,4598643,336682,12,0.89,0.1,NA,0,0,0,1,87,87,N,10,1.5,35,25,40,0,0,SS,SS,50,47,3,40,57,3,2,55,0,0,5,10,0,40
452,Mahogany Creek,MC7-733,309,FTRF6,4598643,336682,12,0.89,0.1,NA,0,0,0,1,87,87,N,10,1.5,35,25,40,0,0,SS,SS,50,47,3,40,57,3,2,55,0,0,5,10,0,40
453,Mahogany Creek,MC7-733,309,FTRF6,4598643,336682,12,0.89,0.1,NA,0,0,0,1,87,87,N,10,1.5,35,25,40,0,0,SS,SS,50,47,3,40,57,3,2,55,0,0,5,10,0,40
454,Mahogany Creek,MC7-733,309,FTRF6,4598643,336682,12,0.89,0.1,NA,0,0,0,1,87,87,N,10,1.5,35,25,40,0,0,SS,SS,50,47,3,40,57,3,2,55,0,0,5,10,0,40
455,Mahogany Creek,MC7-733,309,FTRF6,4598643,336682,12,0.89,0.1,NA,0,0,0,1,87,87,N,10,1.5,35,25,40,0,0,SS,SS,50,47,3,40,57,3,2,55,0,0,5,10,0,40
456,Mahogany Creek,MC7-733,309,FTRF6,4598643,336682,12,0.89,0.1,NA,0,0,0,1,87,87,N,10,1.5,35,25,40,0,0,SS,SS,50,47,3,40,57,3,2,55,0,0,5,10,0,40
457,Mahogany Creek,MC7-733,309,FTRF6,4598643,336682,12,0.89,0.1,NA,0,0,0,1,87,87,N,10,1.5,35,25,40,0,0,SS,SS,50,47,3,40,57,3,2,55,0,0,5,10,0,40
458,Mahogany Creek,MC7-733,309,FTRF6,4598643,336682,12,0.89,0.1,NA,0,0,0,1,87,87,N,10,1.5,35,25,40,0,0,SS,SS,50,47,3,40,57,3,2,55,0,0,5,10,0,40
459,Mahogany Creek,MC7-733,309,FTRF6,4598643,336682,12,0.89,0.1,NA,0,0,0,1,87,87,N,10,1.5,35,25,40,0,0,SS,SS,50,47,3,40,57,3,2,55,0,0,5,10,0,40
460,Mahogany Creek,MC7-733,309,FTRF6,4598643,336682,12,0.89,0.1,NA,0,0,0,1,87,87,N,10,1.5,35,25,40,0,0,SS,SS,50,47,3,40,57,3,2,55,0,0,5,10,0,40
461,Mahogany Creek,MC7-733,309,FTRF6,4598643,336682,12,0.89,0.1,NA,0,0,0,1,87,87,N,10,1.5,35,25,40,0,0,SS,SS,50,47,3,40,57,3,2,55,0,0,5,10,0,40
462,Mahogany Creek,MC7-733,309,FTRF6,4598643,336682,12,0.89,0.1,NA,0,0,0,1,87,87,N,10,1.5,35,25,40,0,0,SS,SS,50,47,3,40,57,3,2,55,0,0,5,10,0,40
463,Mahogany Creek,MC7-733,309,FTRF6,4598643,336682,12,0.89,0.1,NA,0,0,0,1,87,87,N,10,1.5,35,25,40,0,0,SS,SS,50,47,3,40,57,3,2,55,0,0,5,10,0,40
464,Mahogany Creek,MC7-733,309,FTRF6,4598643,336682,12,0.89,0.1,NA,0,0,0,1,87,87,N,10,1.5,35,25,40,0,0,SS,SS,50,47,3,40,57,3,2,55,0,0,5,10,0,40
465,Mahogany Creek,MC7-733,309,FTRF6,4598643,336682,12,0.89,0.1,NA,0,0,0,1,87,87,N,10,1.5,35,25,40,0,0,SS,SS,50,47,3,40,57,3,2,55,0,0,5,10,0,40
466,Mahogany Creek,MC7-733,309,FTRF6,4598643,336682,12,0.89,0.1,NA,0,0,0,1,87,87,N,10,1.5,35,25,40,0,0,SS,SS,50,47,3,40,57,3,2,55,0,0,5,10,0,40
467,Mahogany Creek,MC7-733,309,FTRF6,4598643,336682,12,0.89,0.1,NA,0,0,0,1,87,87,N,10,1.5,35,25,40,0,0,SS,SS,50,47,3,40,57,3,2,55,0,0,5,10,0,40
468,Mahogany Creek,MC7-733,309,FTRF6,4598643,336682,12,0.89,0.1,NA,0,0,0,1,87,87,N,10,1.5,35,25,40,0,0,SS,SS,50,47,3,40,57,3,2,55,0,0,5,10,0,40
469,Mahogany Creek,MC7-733,309,FTRF6,4598643,336682,12,0.89,0.1,NA,0,0,0,1,87,87,N,10,1.5,35,25,40,0,0,SS,SS,50,47,3,40,57,3,2,55,0,0,5,10,0,40
470,Mahogany Creek,MC7-733,309,FTRF6,4598643,336682,12,0.89,0.1,NA,0,0,0,1,87,87,N,10,1.5,35,25,40,0,0,SS,SS,50,47,3,40,57,3,2,55,0,0,5,10,0,40
471,Mahogany Creek,MC7-733,309,FTRF6,4598643,336682,12,0.89,0.1,NA,0,0,0,1,87,87,N,10,1.5,35,25,40,0,0,SS,SS,50,47,3,40,57,3,2,55,0,0,5,10,0,40
472,Mahogany Creek,MC7-733,309,FTRF6,4598643,336682,12,0.89,0.1,NA,0,0,0,1,87,87,N,10,1.5,35,25,40,0,0,SS,SS,50,47,3,40,57,3,2,55,0,0,5,10,0,40
473,Mahogany Creek,MC7-733,309,FTRF6,4598643,336682,12,0.89,0.1,NA,0,0,0,1,87,87,N,10,1.5,35,25,40,0,0,SS,SS,50,47,3,40,57,3,2,55,0,0,5,10,0,40
474,Mahogany Creek,MC7-733,309,FTRF6,4598643,336682,12,0.89,0.1,NA,0,0,0,1,87,87,N,10,1.5,35,25,40,0,0,SS,SS,50,47,3,40,57,3,2,55,0,0,5,10,0,40
475,Mahogany Creek,MC7-733,309,FTRF6,4598643,336682,12,0.89,0.1,NA,0,0,0,1,87,87,N,10,1.5,35,25,40,0,0,SS,SS,50,47,3,40,57,3,2,55,0,0,5,10,0,40
476,Mahogany Creek,MC7-733,309,FTRF6,4598643,336682,12,0.89,0.1,NA,0,0,0,1,87,87,N,10,1.5,35,25,40,0,0,SS,SS,50,47,3,40,57,3,2,55,0,0,5,10,0,40
477,Mahogany Creek,MC7-733,310,SSMC4,4598633,336676,3,1.3,0.12,0.35,0,0,0,0,87,87,N,0.5,1,55,30,15,0,0,SS,SS,40,58,2,40,59,1,2,30,0,5,5,10,0,40
478,Mahogany Creek,MC7-733,311,FTRF7,4598636,336676,7.4,0.92,0.08,NA,0,0,0,0,87,92,N,0,7,35,50,15,0,0,SS,SS,50,48,2,35,63,2,2,80,0,10,10,7,0,50
479,Mahogany Creek,MC7-733,312,SSLS5,4598621,336677,2.3,0.84,0.19,0.36,0,0,0,1,69,73,Y,0.75,0.5,60,35,5,0,0,SS,SS,50,48,2,40,59,1,0,55,0,10,10,15,0,50
480,Mahogany Creek,MC7-733,313,FTRF8,4598616,336676,30,1,0.13,NA,0,0,0,1,57,67,N,4,2,45,35,15,5,0,SS,SS,35,60,5,40,55,5,10,15,0,50,25,15,0,50
481,Mahogany Creek,MC7-733,314,SSPL6,4598597,336670,0.84,1.3,0.14,0.33,0,0,0,1,60,64,N,0.5,0,60,39,1,0,0,SS,SS,50,49,1,70,30,0,0,10,0,30,10,25,0,50
482,Mahogany Creek,MC7-733,315,FNRN9,4598597,336671,7,1,0.08,NA,0,0,0,2,85,87,N,3,6.7,69,30,1,0,0,SS,SS,50,49,1,65,30,5,0,60,0,20,5,20,0,50
483,Mahogany Creek,MC7-733,316,SSLS7,4598591,336669,3.5,1.38,0.25,0.36,0,0,0,1,90,93,N,1,3,70,25,5,0,0,SS,SS,50,49,1,65,30,5,0,60,0,20,1,10,0,50
484,Mahogany Creek,MC7-733,317,FNRN10,4598590,336673,10,0.84,0.14,NA,0,0,0,1,81,81,N,5,9,75,25,0,0,0,SS,SS,40,55,5,65,30,5,1,60,0,10,0,30,0,40
485,Mahogany Creek,MC7-733,318,FTRF11,4598585,336676,8.5,0.89,0.13,NA,0,0,0,1,85,86,N,4,4,60,39,1,0,0,SS,SS,50,49,1,60,38,2,0,65,0,20,0,70,0,10
486,Mahogany Creek,MC7-733,319,SSPL8,4598575,336667,2.5,1.5,0.22,,0,0,0,0,60,60,N,0.5,2.5,85,10,5,0,0,SS,SS,65,35,0,60,30,0,5,0,0,50,0,70,0,10
487,Mahogany Creek,MC7-733,320,FNSH12,4598572,336664,1.5,0.39,0.06,NA,0,0,0,0,85,88,N,0.5,0.5,0,0,0,0,100,SS,SS,65,35,0,49,50,1,5,20,0,40,0,70,0,10
488,Mahogany Creek,MC4-15-1,181,FTRF1,4599746,333541,4.9,4.05,0.14,NA,1,0,0,1,85,87,N,2.5,0,50,30,15,5,0,SP,SS,85,15,0,90,10,0,0,90,10,30,0,70,0,20
489,Mahogany Creek,MC4-15-1,182,SSLS1,4599746,333534,2.5,2.75,0.23,0.27,1,0,0,0,89,89,N,0,0,80,13,5,2,0,SP,SS,85,15,0,90,10,0,0,80,5,20,0,65,0,25
490,Mahogany Creek,MC4-15-1,183,FTCC2,4599757,333527,4.5,1.15,0.14,NA,0,0,0,1,87,87,N,0,0,50,35,10,5,0,SS,SS,90,10,0,90,10,0,0,60,20,40,0,25,0,40
491,Mahogany Creek,MC4-15-1,184,SSPL2,4599753,333541,1.4,0.95,0.21,0.33,0,0,0,1,76,76,N,0,0,50,40,10,0,0,SS,SS,95,5,0,90,10,0,0,30,20,30,0,25,10,40
492,Mahogany Creek,MC4-15-1,185,FTCC3,4599740,333546,2.65,1.88,0.12,NA,0,0,0,0,78,78,N,0,0,50,20,15,15,0,SS,SS,90,10,0,95,5,0,0,0,0,55,0,40,20,35
493,Mahogany Creek,MC4-15-1,186,SSPL3,4599741,333542,2.25,1.82,0.28,0.41,0,0,0,0,92,92,N,0,0,70,20,5,5,0,SS,SS,95,5,0,100,0,0,0,10,40,50,0,0,15,60
494,Mahogany Creek,MC4-15-1,187,FTCC4,4599734,333549,1.8,2,0.24,NA,0,0,0,0,96,96,N,0,0,35,25,20,0,20,SS,SS,95,5,0,90,10,0,0,0,15,40,0,0,15,30
495,Mahogany Creek,MC4-15-1,188,SSPL4,4599732,333546,2.05,1.4,0.42,0.36,0,0,0,1,97,97,N,0,0,70,20,10,0,0,SS,SS,70,30,0,85,15,0,0,10,20,40,0,15,20,20
496,Mahogany Creek,MC4-15-1,189,FTRP5,4599740,333555,10.9,1.79,0.16,NA,0,0,0,0,18,62,N,0,0,60,15,15,0,0,SS,SS,80,20,0,75,25,0,0,20,15,30,0,20,0,30
497,Mahogany Creek,MC4-15-1,190,FTRF6,4599732,333557,9.6,0.94,0.16,NA,0,0,0,0,0,53,N,0,0,50,30,10,10,0,SS,SS,85,15,0,80,20,0,0,0,0,0,0,0,0,0
498,Mahogany Creek,MC4-15-1,190,FTRF6,4599732,333557,9.6,0.94,0.16,NA,0,0,0,0,0,53,N,0,0,50,30,10,10,0,SS,SS,85,15,0,80,20,0,0,0,0,0,0,0,0,0
499,Mahogany Creek,MC4-15-1,190,FTRF6,4599732,333557,9.6,0.94,0.16,NA,0,0,0,0,0,53,N,0,0,50,30,10,10,0,SS,SS,85,15,0,80,20,0,0,0,0,0,0,0,0,0
500,Mahogany Creek,MC4-15-1,190,FTRF6,4599732,333557,9.6,0.94,0.16,NA,0,0,0,0,0,53,N,0,0,50,30,10,10,0,SS,SS,85,15,0,80,20,0,0,0,0,0,0,0,0,0
501,Mahogany Creek,MC4-15-1,190,FTRF6,4599732,333557,9.6,0.94,0.16,NA,0,0,0,0,0,53,N,0,0,50,30,10,10,0,SS,SS,85,15,0,80,20,0,0,0,0,0,0,0,0,0
502,Mahogany Creek,MC4-15-1,190,FTRF6,4599732,333557,9.6,0.94,0.16,NA,0,0,0,0,0,53,N,0,0,50,30,10,10,0,SS,SS,85,15,0,80,20,0,0,0,0,0,0,0,0,0
503,Mahogany Creek,MC4-15-1,190,FTRF6,4599732,333557,9.6,0.94,0.16,NA,0,0,0,0,0,53,N,0,0,50,30,10,10,0,SS,SS,85,15,0,80,20,0,0,0,0,0,0,0,0,0
504,Mahogany Creek,MC4-15-1,190,FTRF6,4599732,333557,9.6,0.94,0.16,NA,0,0,0,0,0,53,N,0,0,50,30,10,10,0,SS,SS,85,15,0,80,20,0,0,0,0,0,0,0,0,0
505,Mahogany Creek,MC4-15-1,190,FTRF6,4599732,333557,9.6,0.94,0.16,NA,0,0,0,0,0,53,N,0,0,50,30,10,10,0,SS,SS,85,15,0,80,20,0,0,0,0,0,0,0,0,0
506,Mahogany Creek,MC4-15-1,190,FTRF6,4599732,333557,9.6,0.94,0.16,NA,0,0,0,0,0,53,N,0,0,50,30,10,10,0,SS,SS,85,15,0,80,20,0,0,0,0,0,0,0,0,0
507,Mahogany Creek,MC4-15-1,191,SDOT5,4599716,333560,3.4,2.14,0.18,0.33,0,0,0,0,11,61,N,0,0,60,15,15,10,0,SS,SS,80,20,0,85,15,0,70,0,0,20,75,0,0,10
508,Mahogany Creek,MC4-15-1,192,SSMC6,4599727,333570,2.4,1.7,0.26,0.36,0,0,0,0,11,41,N,0,0,70,15,15,0,0,SS,SS,75,25,0,80,20,0,80,0,0,20,60,0,0,15
509,Mahogany Creek,MC4-15-1,193,FTRF7,4599710,333560,9,1.73,0.08,NA,0,0,0,0,50,55,N,0,0,80,10,9,1,0,SS,SS,70,30,0,90,10,0,5,0,0,50,1,0,40,30
510,Mahogany Creek,MC4-15-1,194,SSMC7,4599705,333568,1.8,1.32,0.22,0.43,1,0,0,1,40,44,N,0,0,90,5,4,1,0,SS,SS,70,30,0,95,5,0,5,0,0,50,0,10,25,50
511,Mahogany Creek,MC4-15-1,195,FTRF8,4599709,333573,2.5,1.14,0.09,NA,2,0,0,0,59,69,N,0,0,70,25,5,0,0,SS,SP,70,30,0,95,5,0,5,0,0,50,0,0,30,50
512,Mahogany Creek,MC4-15-1,196,FNRN9,4599718,333585,3,1.5,0.17,NA,1,0,0,0,47,51,N,0,0.5,95,4,1,0,0,SS,ST,70,30,0,97,3,0,5,0,10,50,0,0,50,70
513,Mahogany Creek,MC4-15-1,197,FTRF10,4599723,333588,10,2.4,0.08,NA,1,0,0,0,89,92,N,9,10,68,30,1,1,0,ST,ST,70,30,0,92,8,0,5,0,30,50,0,0,50,70
514,Mahogany Creek,MC4-15-1,197,FTRF10,4599723,333588,10,2.4,0.08,NA,1,0,0,0,89,92,N,9,10,68,30,1,1,0,ST,ST,70,30,0,92,8,0,5,0,30,50,0,0,50,70
515,Mahogany Creek,MC4-15-1,198,FNRN11,4599723,333592,5,3.16,0.14,NA,1,0,0,2,94,94,N,1,5,90,10,0,0,0,SP,ST,70,30,0,92,8,0,20,0,40,30,0,0,60,80
516,Mahogany Creek,MC4-15-1,199,FTRF12,4599705,333598,1.7,1.06,0.04,NA,0,0,0,1,81,83,N,0,0,70,30,0,0,0,SP,ST,70,30,0,90,10,0,0,20,60,50,0,5,60,70
517,Mahogany Creek,MC4-15-1,200,SSMC8,4599716,333599,1.5,1.07,0.14,,0,0,0,1,92,92,N,0,0,90,10,0,0,0,SP,ST,70,30,0,90,10,0,0,40,60,50,0,10,50,50
518,Mahogany Creek,MC8-15-3,391,FTCC1,4597098,336811,10.6,1.15,0.14,NA,1,0,0,0,87,87,N,2,0,40,34,24,2,0,ST,SP,70,30,0,50,50,0,0,0,78,1,0,0,75,1
519,Mahogany Creek,MC8-15-3,392,FTRP2,4597103,336817,14.3,0.9,0.13,NA,1,0,0,2,88,88,N,4,10,45,37,16,2,0,ST,ST,70,30,0,60,40,0,0,0,89,5,0,0,72,4
520,Mahogany Creek,MC8-15-3,393,FTRF3,4597083,336815,25.5,1.1,0.1,NA,0,0,0,3,86,86,N,3,9,50,31,19,0,0,ST,ST,65,35,0,63,37,0,0,0,85,16,1,0,70,3
521,Mahogany Creek,MC8-15-3,394,SSPL1,4597060,336813,1.55,1.1,0.15,0.31,0,0,0,1,88,88,N,0,0,79,15,1,5,0,SS,SP,70,30,0,75,25,0,0,0,80,7,0,0,90,1
522,Mahogany Creek,MC8-15-3,395,FTRP4,4597061,336815,22,0.75,0.12,NA,0,2,0,4,95,95,N,5,2,50,31,18,1,0,ST,SP,70,30,0,76,23,1,0,0,60,35,1,0,85,5
523,Mahogany Creek,MC8-15-3,396,SSMC2,4597037,336808,1.2,1.15,0.15,0.29,0,0,0,0,97,97,N,0,0,79,15,6,0,0,SP,SP,65,35,0,80,20,0,0,0,35,20,0,0,80,1
524,Mahogany Creek,MC8-15-3,397,FTRP5,4597036,336806,38,0.9,0.12,NA,4,1,1,10,89,89,N,3.5,4.5,50,40,9,1,0,SP,SP,75,25,0,80,20,0,0,0,90,15,0,0,90,15
525,Mahogany Creek,MC8-15-3,398,SSLS3,4597003,336801,1,0.91,0.13,0.29,0,0,0,1,86,86,N,0,1,70,27,3,0,0,SS,SS,75,25,0,70,30,0,0,0,90,7,0,0,90,3
526,Mahogany Creek,MC8-15-3,399,FTRP6,4596997,336799,5,1.1,0.11,NA,0,0,0,0,98,98,N,1,2,55,30,12,3,0,ST,SS,80,20,0,84,16,0,0,0,90,2,0,0,90,10
527,Mahogany Creek,MC8-15-3,400,SSMC4,4597001,336807,1.1,1,0.12,0.26,0,0,0,0,94,94,N,0.5,0,75,20,5,0,0,SP,SS,80,20,0,80,20,0,0,0,90,1,0,0,90,8
528,Mahogany Creek,MC8-15-3,401,FTRP7,4596996,336804,39,0.72,0.1,NA,4,1,1,8,85,85,N,5.5,4.5,60,30,9,1,0,ST,SS,60,40,0,70,30,0,0,0,85,3,0,0,90,10
529,Mahogany Creek,MC8-15-3,402,FTRF8,4596950,336795,9.5,0.91,0.09,NA,0,0,0,1,70,70,N,0,0,60,30,10,0,0,SP,SP,55,44,1,60,40,0,0,0,85,16,0,0,90,10
530,Mahogany Creek,MC8-15-3,402,FTRF8,4596950,336795,9.5,0.91,0.09,NA,0,0,0,1,70,70,N,0,0,60,30,10,0,0,SP,SP,55,44,1,60,40,0,0,0,85,16,0,0,90,10
531,Mahogany Creek,MC8-15-3,402,FTRF8,4596950,336795,9.5,0.91,0.09,NA,0,0,0,1,70,70,N,0,0,60,30,10,0,0,SP,SP,55,44,1,60,40,0,0,0,85,16,0,0,90,10
532,Mahogany Creek,MC8-15-3,402,FTRF8,4596950,336795,9.5,0.91,0.09,NA,0,0,0,1,70,70,N,0,0,60,30,10,0,0,SP,SP,55,44,1,60,40,0,0,0,85,16,0,0,90,10
533,Mahogany Creek,MC8-15-3,402,FTRF8,4596950,336795,9.5,0.91,0.09,NA,0,0,0,1,70,70,N,0,0,60,30,10,0,0,SP,SP,55,44,1,60,40,0,0,0,85,16,0,0,90,10
534,Mahogany Creek,MC8-15-3,403,FTRP9,4596951,336793,25.2,1.5,0.09,NA,5,2,0,5,77,77,N,8,0,55,35,9,1,0,SP,SP,70,30,0,60,40,0,0,0,88,25,0,0,88,15
535,Mahogany Creek,MC8-15-3,404,FTRP10,4596917,336791,57.5,0.91,0.1,NA,NA,5,2,3,83,83,N,23.5,14.5,63,27,10,0,0,SS,SS,30,60,10,25,65,10,0,0,45,15,2,0,75,15
536,Mahogany Creek,MC8-15-3,404,FTRP10,4596917,336791,57.5,0.91,0.1,NA,NA,5,2,3,83,83,N,23.5,14.5,63,27,10,0,0,SS,SS,30,60,10,25,65,10,0,0,45,15,2,0,75,15
537,Mahogany Creek,MC8-15-3,405,SSMC5,4596873,336806,1.1,1,0.1,0.29,0,0,0,0,86,86,N,1,1,80,20,0,0,0,SS,SS,60,40,0,50,49,1,0,0,40,25,0,0,60,5
538,Mahogany Creek,MC8-15-3,406,FTRP11,4596874,336806,42,0.7,0.1,NA,2,1,NA,5,84,84,N,7,1.25,65,25,10,0,0,SS,SS,35,63,2,60,39,1,0,0,80,10,0,0,75,10
539,Mahogany Creek,MC8-15-3,407,SSPL6,4596743,336820,1.19,0.77,0.15,0.29,0,0,0,0,93,93,N,1.19,0.25,85,10,5,0,0,SS,SS,42,55,3,60,39,1,0,0,90,5,0,0,70,5
540,Mahogany Creek,MC8-15-3,408,FTRP12,4596842,336825,23,0.56,0.05,NA,0,0,1,3,94,94,N,14.5,2,55,34,10,1,0,SS,SS,50,45,5,65,34,1,0,0,84,25,1,0,70,20
541,Mahogany Creek,MC8-15-3,409,FTRP13,4596821,336823,43.5,0.91,0.09,NA,5,1,0,7,94,94,N,15,7,60,29,10,1,0,SS,SS,45,50,5,60,39,1,0,0,90,30,0,0,70,50
542,Mahogany Creek,MC8-15-3,410,SSPL7,4596785,336827,1.23,0.57,0.12,0.26,0,1,0,0,88,88,N,1.19,0.25,70,20,10,0,0,SS,SS,45,52,3,55,44,1,0,0,60,45,0,0,75,40
543,Mahogany Creek,MC7-787,461,SSMC1,4597916,336663,2,1.35,0.14,0.3,0,0,0,0,80,80,N,2,0,75,15,10,0,0,SS,SS,60,35,5,50,45,5,0,0,85,0,0,0,70,0
544,Mahogany Creek,MC7-787,462,FTRP1,4597910,336662,31.5,1,0.1,NA,1,0,0,1,74,74,N,14,5,50,35,10,5,0,SS,SS,65,30,5,60,30,10,0,20,15,10,0,0,80,5
545,Mahogany Creek,MC7-787,462,FTRP1,4597910,336662,31.5,1,0.1,NA,1,0,0,1,74,74,N,14,5,50,35,10,5,0,SS,SS,65,30,5,60,30,10,0,20,15,10,0,0,80,5
546,Mahogany Creek,MC7-787,462,FTRP1,4597910,336662,31.5,1,0.1,NA,1,0,0,1,74,74,N,14,5,50,35,10,5,0,SS,SS,65,30,5,60,30,10,0,20,15,10,0,0,80,5
547,Mahogany Creek,MC7-787,462,FTRP1,4597910,336662,31.5,1,0.1,NA,1,0,0,1,74,74,N,14,5,50,35,10,5,0,SS,SS,65,30,5,60,30,10,0,20,15,10,0,0,80,5
548,Mahogany Creek,MC7-787,462,FTRP1,4597910,336662,31.5,1,0.1,NA,1,0,0,1,74,74,N,14,5,50,35,10,5,0,SS,SS,65,30,5,60,30,10,0,20,15,10,0,0,80,5
549,Mahogany Creek,MC7-787,462,FTRP1,4597910,336662,31.5,1,0.1,NA,1,0,0,1,74,74,N,14,5,50,35,10,5,0,SS,SS,65,30,5,60,30,10,0,20,15,10,0,0,80,5
550,Mahogany Creek,MC7-787,462,FTRP1,4597910,336662,31.5,1,0.1,NA,1,0,0,1,74,74,N,14,5,50,35,10,5,0,SS,SS,65,30,5,60,30,10,0,20,15,10,0,0,80,5
551,Mahogany Creek,MC7-787,462,FTRP1,4597910,336662,31.5,1,0.1,NA,1,0,0,1,74,74,N,14,5,50,35,10,5,0,SS,SS,65,30,5,60,30,10,0,20,15,10,0,0,80,5
552,Mahogany Creek,MC7-787,462,FTRP1,4597910,336662,31.5,1,0.1,NA,1,0,0,1,74,74,N,14,5,50,35,10,5,0,SS,SS,65,30,5,60,30,10,0,20,15,10,0,0,80,5
553,Mahogany Creek,MC7-787,462,FTRP1,4597910,336662,31.5,1,0.1,NA,1,0,0,1,74,74,N,14,5,50,35,10,5,0,SS,SS,65,30,5,60,30,10,0,20,15,10,0,0,80,5
554,Mahogany Creek,MC7-787,463,SSMC2,4597892,336674,1,1.1,0.13,0.28,0,0,0,0,71,71,N,1,0,60,30,9,1,0,SS,SS,60,30,10,40,55,5,0,0,70,0,1,15,0,0
555,Mahogany Creek,MC7-787,464,FTRP2,4597892,336674,5.5,1.2,0.13,NA,0,0,0,1,72,72,N,3,0,50,35,10,5,0,SS,SS,55,50,5,45,45,10,0,0,80,5,2,20,0,0
556,Mahogany Creek,MC7-787,465,SSMC3,4597887,336679,2.3,1.45,0.13,0.24,0,0,0,0,83,83,N,0,0,60,35,5,0,0,SS,SS,40,50,10,35,60,5,0,0,80,5,3,15,0,0
557,Mahogany Creek,MC7-787,466,FTRP3,4597884,336682,7.9,1.1,0.09,NA,0,0,0,1,90,90,N,3,0,50,25,0,15,0,SS,GF,60,35,5,35,50,15,0,0,90,10,0,10,0,0
558,Mahogany Creek,MC7-787,467,FTRF4,4597881,336686,9.6,1.15,0.08,NA,0,0,0,1,96,96,N,2,1,55,25,17,3,0,SS,SS,20,70,10,25,70,5,0,5,40,10,15,0,0,30
559,Mahogany Creek,MC7-787,468,SSLS4,4597866,336682,1.5,1.2,0.15,0.27,0,0,0,1,76,76,N,0.5,0,80,20,0,0,0,SS,SS,65,30,5,60,30,10,0,45,20,0,5,60,0,0
560,Mahogany Creek,MC7-787,469,FTRF5,4597866,336674,47,1.1,0.06,NA,0,0,0,4,84,84,N,0,2,50,40,10,0,0,SS,SS,50,45,5,40,50,10,10,20,15,10,0,15,0,0
561,Mahogany Creek,MC7-787,470,SSLS5,4597821,336703,3.1,1.2,0.16,0.32,0,0,0,1,93,93,N,0,1,80,15,5,0,0,SS,SS,45,50,5,60,35,5,0,50,35,10,5,20,0,15
562,Mahogany Creek,MC7-787,471,FTRF6,4597821,336706,25,0.94,0.11,NA,0,0,0,0,86,86,N,1.5,4,35,25,20,0,0,SS,SS,30,60,10,25,65,10,0,15,60,5,10,20,0,15
563,Mahogany Creek,MC7-787,471,FTRF6,4597821,336706,25,0.94,0.11,NA,0,0,0,0,86,86,N,1.5,4,35,25,20,0,0,SS,SS,30,60,10,25,65,10,0,15,60,5,10,20,0,15
564,Mahogany Creek,MC7-787,472,FNRN7,4597799,336713,2.3,0.97,0.13,NA,0,0,0,0,85,85,N,0,0.5,55,40,5,0,0,SS,SS,30,65,5,60,35,5,0,70,0,5,2,5,0,15
565,Mahogany Creek,MC7-787,473,FTRF8,4597808,336718,41,1.41,0.1,NA,0,0,0,3,85,85,N,8,2,50,34,15,1,0,SS,GF,30,60,10,50,45,5,1,60,15,10,1,10,10,5
566,Mahogany Creek,MC7-787,474,SSLS6,4597773,336722,1,1.5,0.13,0.27,0,0,0,1,87,87,N,0.75,0,70,25,5,0,0,SS,SS,30,60,10,45,50,5,0,8,30,10,0,5,20,0
567,Mahogany Creek,MC7-787,475,FTRP9,4597772,336725,3.1,1.3,0.09,NA,0,0,0,0,71,71,N,0,0,55,40,5,0,0,SS,SS,50,35,15,50,40,10,0,40,5,10,0,30,15,0
568,Mahogany Creek,MC7-787,476,SSMC7,4597772,336724,1.5,1.2,0.16,0.3,0,0,0,0,83,83,N,0,1,75,15,10,0,0,SS,SS,45,50,5,35,60,5,0,10,0,5,0,20,15,0
569,Mahogany Creek,MC7-787,477,FTRP10,4597767,336724,32,1,0.09,NA,0,0,0,3,86,86,N,8,5,50,35,15,0,0,SS,SS,65,40,5,60,35,5,0,20,10,10,0,15,25,5
570,Mahogany Creek,MC7-787,478,FTRF11,4597733,336736,14,1.38,0.08,NA,1,0,0,2,65,65,N,4,2,50,35,15,0,0,SS,SS,40,50,10,50,45,5,0,15,40,25,2,25,60,5
571,Mahogany Creek,MC7-787,479,SSLS8,4597717,336727,1.8,0.95,0.12,0.25,0,0,0,1,87,87,N,1.5,0,80,20,0,0,0,SS,SS,45,45,10,50,45,5,0,0,75,10,0,0,60,0
572,Mahogany Creek,MC7-787,480,FTRP12,4597722,336732,15,1.25,0.11,NA,2,0,0,3,90,90,N,2,5,50,30,15,5,0,SS,SS,35,50,15,30,60,10,0,5,80,10,0,10,75,0
573,Mahogany Creek,MC1-013,1000,FTRF1,4599093,327996,4.7,0.85,0.08,NA,0,0,0,0,12,12,N,0.5,0.5,80,20,0,0,0,GF,GF,0,45,55,5,95,0,0,0,0,0,0,0,0,0
574,Mahogany Creek,MC1-013,1001,FNRN2,4599095,328000,8.9,0.8,0.14,NA,0,0,0,0,20,20,Y,2,1.5,70,30,0,0,0,GF,GF,15,80,5,10,85,5,0,0,0,0,0,0,0,0
575,Mahogany Creek,MC1-013,1002,FTRF3,4599093,328005,5.1,0.88,0.11,NA,0,0,0,0,10,10,N,2,0,65,35,0,0,0,GF,GF,10,90,0,15,85,0,0,0,0,0,0,0,0,0
576,Mahogany Creek,MC1-013,1003,SSMC1,4599096,328012,3.2,0.82,0.2,0.27,0,0,0,0,16,16,N,1.5,0,75,25,0,0,0,GF,GF,15,80,5,5,87,8,0,0,0,0,0,0,0,0
577,Mahogany Creek,MC1-013,1004,FNRN4,4599099,328012,4.9,0.75,0.16,NA,0,0,0,0,13,13,Y,0,0,80,20,0,0,0,GF,GF,10,90,0,15,85,0,0,0,0,0,0,0,0,0
578,Mahogany Creek,MC1-013,1005,FTRF5,4599103,328012,4.7,0.79,0.11,NA,0,0,0,0,10,10,N,1.5,0.5,75,25,0,0,0,GF,GF,13,80,7,15,80,5,0,0,0,0,0,0,0,0
579,Mahogany Creek,MC1-013,1006,FNRN6,4599105,328016,10,0.62,0.2,NA,0,0,0,0,17,17,,0,0,85,15,0,0,0,GF,GF,20,80,0,15,85,0,0,0,0,0,0,0,0,0
580,Mahogany Creek,MC1-013,1007,FTRF7,4599110,328025,4.4,0.64,0.13,NA,0,0,0,0,17,17,,1.5,0,85,15,0,0,0,GF,GF,10,90,0,5,95,0,0,0,0,0,0,0,0,0
581,Mahogany Creek,MC1-013,1008,FNRN8,4599111,328028,4.1,0.62,0.14,NA,0,0,0,0,13,13,N,0,0,85,15,0,0,0,GF,GF,12,85,3,15,82,3,0,0,0,0,0,0,0,0
582,Mahogany Creek,MC1-013,1009,FTRF9,4599114,328028,2.2,0.6,0.09,NA,0,0,0,0,33,33,N,0,0.5,70,30,0,0,0,GF,GF,10,85,5,10,80,10,0,0,0,0,0,0,0,0
583,Mahogany Creek,MC1-013,1010,FNRN10,4599114,328030,14,0.83,0.2,NA,0,0,0,0,11,11,N,0,0,80,20,0,0,0,GF,GF,5,85,10,10,75,15,0,0,0,0,0,0,0,0
584,Mahogany Creek,MC1-013,1011,FTRF11,4599124,328057,3,0.48,0.12,NA,0,0,0,0,15,15,N,0,0,75,25,0,0,0,GF,GF,10,85,5,15,80,5,0,0,0,0,0,0,0,0
585,Mahogany Creek,MC1-013,1012,FNRN12,4599128,328042,7,0.7,0.12,NA,0,0,0,0,10,10,N,0,0,80,20,0,0,0,GF,GF,5,90,5,10,85,5,0,0,0,0,0,0,0,0
586,Mahogany Creek,MC1-013,1012,FNRN12,4599128,328042,7,0.7,0.12,NA,0,0,0,0,10,10,N,0,0,80,20,0,0,0,GF,GF,5,90,5,10,85,5,0,0,0,0,0,0,0,0
587,Mahogany Creek,MC1-013,1012,FNRN12,4599128,328042,7,0.7,0.12,NA,0,0,0,0,10,10,N,0,0,80,20,0,0,0,GF,GF,5,90,5,10,85,5,0,0,0,0,0,0,0,0
588,Mahogany Creek,MC1-013,1012,FNRN12,4599128,328042,7,0.7,0.12,NA,0,0,0,0,10,10,N,0,0,80,20,0,0,0,GF,GF,5,90,5,10,85,5,0,0,0,0,0,0,0,0
589,Mahogany Creek,MC1-013,1012,FNRN12,4599128,328042,7,0.7,0.12,NA,0,0,0,0,10,10,N,0,0,80,20,0,0,0,GF,GF,5,90,5,10,85,5,0,0,0,0,0,0,0,0
590,Mahogany Creek,MC1-013,1013,SSMC2,4599131,328047,2,0.93,0.18,0.28,0,0,0,0,5,5,N,0,0,90,10,0,0,0,GF,GF,13,72,15,13,72,15,0,0,0,0,0,0,0,0
591,Mahogany Creek,MC1-013,1014,FTRF13,4599131,328051,2.3,0.86,0.1,NA,0,0,0,0,11,11,N,0,0,75,25,0,0,0,GF,GF,10,85,5,10,80,10,0,0,0,0,0,0,0,0
592,Mahogany Creek,MC1-013,1014,FTRF13,4599131,328051,2.3,0.86,0.1,NA,0,0,0,0,11,11,N,0,0,75,25,0,0,0,GF,GF,10,85,5,10,80,10,0,0,0,0,0,0,0,0
593,Mahogany Creek,MC1-013,1015,FNRN14,4599130,328052,17,1,0.2,NA,0,0,0,0,3,3,N,0,0,85,15,0,0,0,GF,GF,5,90,5,0,90,10,0,0,0,0,0,0,0,0
594,Mahogany Creek,MC1-013,1016,FTRF15,4599128,328066,5.5,0.58,0.17,NA,0,0,0,0,8,8,N,0,0,70,30,0,0,0,GF,GF,8,80,12,5,90,5,0,0,0,0,0,0,0,0
595,Mahogany Creek,MC1-013,1017,SSLS3,4599128,328069,3.8,1.38,0.18,0.29,0,0,0,0,3,3,N,0,0,95,5,0,0,0,GF,GF,3,90,7,5,85,10,0,0,0,0,0,0,0,0
596,Mahogany Creek,MC1-013,1018,FNRN16,4599124,328073,16,0.76,0.24,NA,0,0,0,0,7,7,N,0,0,80,20,0,0,0,GF,GF,10,NA,NA,10,NA,NA,0,0,0,0,0,0,0,0
597,Mahogany Creek,MC1-013,1019,SSMC4,4599120,328081,2.15,1.17,0.23,0.32,0,0,0,0,4,4,N,0,0,85,15,0,0,0,GF,GF,5,80,15,10,80,10,0,0,0,0,0,0,0,0
598,Mahogany Creek,MC8-15-4,421,SSMC1,4597147,336823,1,0.82,0.11,0.02,0,0,0,0,91,91,N,0.68,0.2,70,20,10,0,0,SS,SS,65,35,0,50,50,0,0,0,70,1,0,0,50,5
599,Mahogany Creek,MC8-15-4,422,SSMC2,4597162,336824,1.25,0.89,0.09,0.02,0,0,0,1,87,87,N,1.25,0.3,70,20,10,0,0,SS,SS,65,35,0,50,50,0,0,0,70,0,0,0,50,5
600,Mahogany Creek,MC8-15-4,423,FTRP1,4597156,336824,19,1.22,0.06,NA,2,0,0,2,53,53,N,11,6,60,25,10,5,0,SS,SS,60,39,1,50,50,0,0,0,50,0,0,0,50,5
601,Mahogany Creek,MC8-15-4,424,SSLS3,4597145,336835,0.75,0.82,0.08,0.01,0,0,0,0,77,77,N,0.84,0,55,44,1,0,0,SS,SS,45,55,0,50,50,0,0,0,50,0,0,0,60,5
602,Mahogany Creek,MC8-15-4,425,FTRP2,4597139,336838,10,0.9,0.07,NA,0,0,0,2,73,73,N,1.5,2,60,28,10,2,0,SS,SS,50,50,0,40,60,0,0,0,50,0,0,0,60,0
603,Mahogany Creek,MC8-15-4,426,SSMC4,4597150,336846,0.8,0.65,0.06,0.31,0,0,0,0,62,62,N,0,0.8,80,17,3,0,0,SS,SS,65,35,0,40,60,0,0,0,60,0,0,0,50,0
604,Mahogany Creek,MC8-15-4,427,FTRP3,4597146,336857,1.6,1.3,0.06,NA,0,0,0,0,88,88,N,1.5,1.5,50,30,10,10,0,SS,SS,55,45,0,50,50,0,0,0,50,15,0,0,70,5
605,Mahogany Creek,MC8-15-4,428,FNRN4,4597137,336853,2.1,1,0.07,NA,0,0,0,1,84,84,N,0,2.1,70,20,4,1,0,SS,SS,65,35,0,60,40,0,0,0,70,10,0,0,80,10
606,Mahogany Creek,MC8-15-4,429,FTRP5,4597139,336852,3,1.28,0.06,NA,0,0,0,1,89,89,N,0,0,70,24,5,1,0,SS,SS,45,55,0,60,40,0,0,0,80,15,0,0,75,5
607,Mahogany Creek,MC8-15-4,430,SSMC5,4597136,336862,1.4,2.3,0.07,0.28,0,0,0,1,94,94,N,1.2,0.5,80,15,5,0,0,SS,SS,55,45,0,60,40,0,0,0,85,10,0,0,18,5
608,Mahogany Creek,MC8-15-4,431,FTRF6,4597140,336859,4.1,2.1,0.04,NA,0,1,0,4,83,83,N,0,4,60,25,10,5,0,SS,SS,60,40,0,75,25,0,0,0,90,0,0,0,85,5
609,Mahogany Creek,MC8-15-4,432,SSMC6,4597138,336865,1.9,1.5,0.1,0.27,0,0,0,1,86,86,N,0,0.9,85,10,5,0,0,SS,SS,50,50,0,60,40,0,0,0,50,10,0,0,70,5
610,Mahogany Creek,MC8-15-4,433,SSMC7,4597144,336868,1.2,1.3,0.14,0.26,0,0,0,1,90,90,N,0.9,0,90,5,5,0,0,SS,SS,35,65,0,55,45,0,0,0,70,5,0,0,60,0
611,Mahogany Creek,MC8-15-4,434,FTRP7,4597134,336855,3.1,1.2,0.05,NA,0,0,0,1,94,94,N,0,0,60,32,7,1,0,SS,SS,55,45,0,60,40,0,0,0,80,5,0,0,70,0
612,Mahogany Creek,MC8-15-4,435,FTRP8,4597139,336862,6,NA,NA,NA,0,0,0,1,87,87,N,4,0,NA,NA,NA,NA,0,SS,SS,40,60,0,50,50,0,0,0,78,5,0,0,70,0
613,Mahogany Creek,MC8-15-4,436,FTRP9,4597145,336870,2.9,0.8,0.06,NA,0,0,0,1,80,80,N,0,0,55,40,4,1,0,SS,SS,60,40,0,65,35,0,0,0,70,5,0,0,50,0
614,Mahogany Creek,MC8-15-4,436,FTRP9,4597145,336870,2.9,0.8,0.06,NA,0,0,0,1,80,80,N,0,0,55,40,4,1,0,SS,SS,60,40,0,65,35,0,0,0,70,5,0,0,50,0
615,Mahogany Creek,MC8-15-4,437,SSMC8,4597138,336875,1.4,0.7,0.1,0.25,0,0,0,0,90,90,N,0,0.5,70,20,10,0,0,SS,SS,45,55,0,60,40,0,0,0,50,0,0,0,40,10
616,Mahogany Creek,MC8-15-4,438,FTRP10,4597138,336877,5,0.55,0.06,NA,0,0,0,0,90,90,N,0.5,0,50,35,10,5,0,SS,SS,60,40,0,35,65,0,0,0,80,5,0,0,60,15
617,Mahogany Creek,MC8-15-4,439,SSLS9,4597159,336890,1.5,1,0.14,0.24,0,0,0,0,91,91,N,1,0,85,10,4,1,0,SS,SS,50,50,0,60,40,0,0,0,85,5,0,0,80,10
618,Mahogany Creek,MC8-15-4,440,SSMC10,4597144,336883,2.3,1,0.12,0.25,0,0,0,0,100,100,N,0.75,0,70,20,3,2,0,SS,SS,70,30,0,60,40,0,0,0,75,5,0,0,80,5
